-- ══════════════════════════════════════════════════════════════
-- SNRI — Ingestión Catastral SII
-- Generado : 2026-03-19 16:34:16
-- Comuna(s): 01302 CÓDIGO 01302
-- Archivos :
--   BRTMPCATASN_2025_2_01302
--   BRTMPCATASNL_2025_2_01302
--   BRTMPCATASA_2025_2_01302
--   BRTMPCATASAL_2025_2_01302
-- ══════════════════════════════════════════════════════════════

SET search_path TO catastro, public;
BEGIN;

-- DDL auxiliar

-- Tabla auxiliar para suelos agrícolas (si no existe)
CREATE TABLE IF NOT EXISTS catastro.suelos_agricolas (
    id          uuid PRIMARY KEY DEFAULT gen_random_uuid(),
    rol         text NOT NULL,
    cod_suelo   text NOT NULL,
    sup_ha      numeric(12,2),
    fuente_datos text,
    created_at  timestamptz DEFAULT now(),
    CONSTRAINT fk_suelos_predio FOREIGN KEY (rol)
        REFERENCES catastro.predios(rol) ON DELETE CASCADE
);
CREATE UNIQUE INDEX IF NOT EXISTS uq_suelos_rol_cod
    ON catastro.suelos_agricolas(rol, cod_suelo);


-- ─────────────────────────────────────────────────
-- N: BRTMPCATASN_2025_2_01302  |  CÓDIGO 01302
-- 221 filas
-- ─────────────────────────────────────────────────
INSERT INTO catastro.predios (
  rol, codigo_comuna, manzana, predio, direccion,
  avaluo_total_vigente, contribucion_semestre, destino_sii,
  avaluo_total_exento, bc1_rol, bc2_rol,
  sup_terreno_m2, cod_ubicacion, rol_padre,
  serie_predio, fuente_datos
) VALUES
('01302-03500-00001','01302','03500','00001','21 MAYO ST 24',790319,NULL,'H',790319,NULL,NULL,204,'R',NULL,'no_agricola','SII_CSV'),
('01302-03500-00002','01302','03500','00002','P LAGOS ST 34',1277643,NULL,'H',1277643,NULL,NULL,525,'R',NULL,'no_agricola','SII_CSV'),
('01302-03500-00003','01302','03500','00003','AMPL ALCERRECA ST 56 ALC',983324,NULL,'H',983324,NULL,NULL,280,'R',NULL,'no_agricola','SII_CSV'),
('01302-03500-00004','01302','03500','00004','A PRAT ST 47',132566,NULL,'W',132566,NULL,NULL,315,'R',NULL,'no_agricola','SII_CSV'),
('01302-03500-00005','01302','03500','00005','21 DE MAYO ST 26',1339398,NULL,'H',1339398,NULL,NULL,600,'R',NULL,'no_agricola','SII_CSV'),
('01302-03500-00006','01302','03500','00006','BAQUEDANO',2294161,NULL,'H',2294161,NULL,NULL,573,'R',NULL,'no_agricola','SII_CSV'),
('01302-03500-00007','01302','03500','00007','21 DE MAYO ST 51 52',794488,NULL,'H',794488,NULL,NULL,520,'U',NULL,'no_agricola','SII_CSV'),
('01302-03500-00008','01302','03500','00008','GOBERNADOR COBO ST 63',1439121,NULL,'H',1439121,NULL,NULL,550,'R',NULL,'no_agricola','SII_CSV'),
('01302-03500-00009','01302','03500','00009','A PRAT ST 46',1204728,NULL,'H',1204728,NULL,NULL,280,'R',NULL,'no_agricola','SII_CSV'),
('01302-03500-00010','01302','03500','00010','CAMINO PUBLICO VISVIRI',2615966,NULL,'W',2615966,NULL,NULL,6216,'R',NULL,'no_agricola','SII_CSV'),
('01302-03500-00011','01302','03500','00011','ARTURO PRAT ST 14',97636,NULL,'W',97636,NULL,NULL,232,'R',NULL,'no_agricola','SII_CSV'),
('01302-03500-00012','01302','03500','00012','BAQUEDANO ST 44',1122421,NULL,'H',1122421,NULL,NULL,754,'R',NULL,'no_agricola','SII_CSV'),
('01302-03500-00013','01302','03500','00013','OHIGGINS ST 19',1719994,NULL,'H',1719994,NULL,NULL,500,'R',NULL,'no_agricola','SII_CSV'),
('01302-03500-00014','01302','03500','00014','PRAT ST 25 A',168338,NULL,'W',168338,NULL,NULL,400,'R',NULL,'no_agricola','SII_CSV'),
('01302-03500-00015','01302','03500','00015','OHIGGINS ST 20',840820,NULL,'H',840820,NULL,NULL,324,'R',NULL,'no_agricola','SII_CSV'),
('01302-03500-00016','01302','03500','00016','BAQUEDANO',1390612,NULL,'H',1390612,NULL,NULL,913,'U',NULL,'no_agricola','SII_CSV'),
('01302-03500-00017','01302','03500','00017','GOBERNADOR COBO SITIO 23 - ALCERRECA',561406,NULL,'W',561406,NULL,NULL,1334,'R',NULL,'no_agricola','SII_CSV'),
('01302-03500-00018','01302','03500','00018','ALCERRECA ST 32',21580370,NULL,'S',21580370,NULL,NULL,5800,'R',NULL,'no_agricola','SII_CSV'),
('01302-03500-00019','01302','03500','00019','OHIGGINS ST 48',1957627,NULL,'H',1957627,NULL,NULL,4320,'R',NULL,'no_agricola','SII_CSV'),
('01302-03500-00020','01302','03500','00020','SITIO',788830,NULL,'W',788830,NULL,NULL,2343,'R',NULL,'no_agricola','SII_CSV'),
('01302-03500-00021','01302','03500','00021','ESC G 33 ALCERECA',20012715,NULL,'E',20012715,NULL,NULL,5643,'R',NULL,'no_agricola','SII_CSV'),
('01302-03500-00022','01302','03500','00022','ALCERRECA ST 2',82485,NULL,'W',82485,NULL,NULL,196,'R',NULL,'no_agricola','SII_CSV'),
('01302-03500-00023','01302','03500','00023','CONDELL ST 28',202005,NULL,'W',202005,NULL,NULL,600,'R',NULL,'no_agricola','SII_CSV'),
('01302-03500-00024','01302','03500','00024','CONDELL ST 29 ALCERRECA',202005,NULL,'W',202005,NULL,NULL,600,'R',NULL,'no_agricola','SII_CSV'),
('01302-03500-00025','01302','03500','00025','OHIGGINS ST 48 A',159921,NULL,'W',159921,NULL,NULL,380,'R',NULL,'no_agricola','SII_CSV'),
('01302-03500-00026','01302','03500','00026','OHIGGINS ST 49 A',168338,NULL,'W',168338,NULL,NULL,400,'R',NULL,'no_agricola','SII_CSV'),
('01302-03500-00027','01302','03500','00027','SITIO 57',1202074,NULL,'Q',1202074,NULL,NULL,465,'R',NULL,'no_agricola','SII_CSV'),
('01302-03500-00028','01302','03500','00028','SITIO 58',191484,NULL,'W',191484,NULL,NULL,455,'R',NULL,'no_agricola','SII_CSV'),
('01302-03500-00029','01302','03500','00029','SITIO 59',176754,NULL,'W',176754,NULL,NULL,420,'R',NULL,'no_agricola','SII_CSV'),
('01302-03500-00030','01302','03500','00030','SITIO 60',145191,NULL,'W',145191,NULL,NULL,345,'R',NULL,'no_agricola','SII_CSV'),
('01302-03500-00031','01302','03500','00031','GOB COBO ST 65',210422,NULL,'W',210422,NULL,NULL,500,'R',NULL,'no_agricola','SII_CSV'),
('01302-03500-00032','01302','03500','00032','GOB COBO ST 66',632187,NULL,'H',632187,NULL,NULL,500,'R',NULL,'no_agricola','SII_CSV'),
('01302-03500-00033','01302','03500','00033','OHIGGINS ST 67',248719,NULL,'W',248719,NULL,NULL,591,'R',NULL,'no_agricola','SII_CSV'),
('01302-03500-00034','01302','03500','00034','CONDELL ST 68',202005,NULL,'W',202005,NULL,NULL,480,'R',NULL,'no_agricola','SII_CSV'),
('01302-03500-00035','01302','03500','00035','CONDELL ST 27',1279015,NULL,'H',1279015,NULL,NULL,600,'R',NULL,'no_agricola','SII_CSV'),
('01302-03500-00036','01302','03500','00036','SITIO 55',973260,NULL,'H',973260,NULL,NULL,280,'R',NULL,'no_agricola','SII_CSV'),
('01302-03500-00037','01302','03500','00037','PEDRO LAGOS ST 6',1447538,NULL,'H',1447538,NULL,NULL,570,'R',NULL,'no_agricola','SII_CSV'),
('01302-03500-00038','01302','03500','00038','PRAT ST 11',2017531,NULL,'H',2017531,NULL,NULL,612,'R',NULL,'no_agricola','SII_CSV'),
('01302-03500-00039','01302','03500','00039','ST 54 ALCERRECA',834014,NULL,'H',834014,NULL,NULL,260,'R',NULL,'no_agricola','SII_CSV'),
('01302-03500-00040','01302','03500','00040','SITIO 53 ALCERRECA',894396,NULL,'H',894396,NULL,NULL,260,'R',NULL,'no_agricola','SII_CSV'),
('01302-03500-00041','01302','03500','00041','PRAT SITIO 13',917542,NULL,'H',917542,NULL,NULL,315,'R',NULL,'no_agricola','SII_CSV'),
('01302-03500-00042','01302','03500','00042','SITIO 50 ALCERRECA',477115,NULL,'H',477115,NULL,NULL,225,'R',NULL,'no_agricola','SII_CSV'),
('01302-03500-00043','01302','03500','00043','BAQUEDANO ST 45',1004767,NULL,'H',1004767,NULL,NULL,594,'R',NULL,'no_agricola','SII_CSV'),
('01302-03500-00044','01302','03500','00044','21 DE MAYO SITIO 16',829073,NULL,'H',829073,NULL,NULL,320,'R',NULL,'no_agricola','SII_CSV'),
('01302-03500-00045','01302','03500','00045','PEDRO LAGOS ST 35',1085058,NULL,'H',1085058,NULL,NULL,450,'R',NULL,'no_agricola','SII_CSV'),
('01302-03500-00046','01302','03500','00046','21 DE MAYO',548019,NULL,'H',548019,NULL,NULL,250,'R',NULL,'no_agricola','SII_CSV'),
('01302-03500-00047','01302','03500','00047','OHIGGINS ST 18 ALCERRECA',1498388,NULL,'H',1498388,NULL,NULL,643,'R',NULL,'no_agricola','SII_CSV'),
('01302-03500-00048','01302','03500','00048','PRAT',988645,NULL,'H',988645,NULL,NULL,747,'R',NULL,'no_agricola','SII_CSV'),
('01302-03500-00049','01302','03500','00049','GOB COBO ST 3',1158431,NULL,'H',1158431,NULL,NULL,720,'R',NULL,'no_agricola','SII_CSV'),
('01302-03500-00050','01302','03500','00050','OHIGGINS ST 17',1365053,NULL,'H',1365053,NULL,NULL,374,'R',NULL,'no_agricola','SII_CSV'),
('01302-03500-00051','01302','03500','00051','SITIO 31 ALCERRECA',680915,NULL,'H',680915,NULL,NULL,231,'R',NULL,'no_agricola','SII_CSV'),
('01302-03500-00052','01302','03500','00052','GOB COBO ST 5',4055856,NULL,'H',4055856,NULL,NULL,6720,'R',NULL,'no_agricola','SII_CSV'),
('01302-03500-00053','01302','03500','00053','PEDRO LAGOS ST 33',1418079,NULL,'H',1418079,NULL,NULL,500,'R',NULL,'no_agricola','SII_CSV'),
('01302-03500-00054','01302','03500','00054','BAQUEDANO ST 37',1861818,NULL,'H',1861818,NULL,NULL,930,'R',NULL,'no_agricola','SII_CSV'),
('01302-03500-00055','01302','03500','00055','BAQUEDANO ST 42',1251313,NULL,'H',1251313,NULL,NULL,582,'R',NULL,'no_agricola','SII_CSV'),
('01302-03500-00056','01302','03500','00056','PEDRO LAGOS ST 36',974356,NULL,'H',974356,NULL,NULL,450,'R',NULL,'no_agricola','SII_CSV'),
('01302-03500-00057','01302','03500','00057','SITIO 8 ALCERRECA',1085386,NULL,'H',1085386,NULL,NULL,666,'R',NULL,'no_agricola','SII_CSV'),
('01302-03500-00058','01302','03500','00058','BAQUEDANO ST 38',1488522,NULL,'H',1488522,NULL,NULL,1050,'R',NULL,'no_agricola','SII_CSV'),
('01302-03500-00059','01302','03500','00059','BAQUEDANO ST 40',988171,NULL,'H',988171,NULL,NULL,435,'R',NULL,'no_agricola','SII_CSV'),
('01302-03500-00060','01302','03500','00060','SITIO 33 ALCERRECA',581867,NULL,'H',581867,NULL,NULL,450,'R',NULL,'no_agricola','SII_CSV'),
('01302-03500-00061','01302','03500','00061','GOBERNADOR COBO ST 64',1430704,NULL,'H',1430704,NULL,NULL,530,'R',NULL,'no_agricola','SII_CSV'),
('01302-03500-00062','01302','03500','00062','GOB COBO ST 61',986670,NULL,'H',986670,NULL,NULL,551,'R',NULL,'no_agricola','SII_CSV'),
('01302-03500-00063','01302','03500','00063','SITIO 1',2969335,NULL,'H',2969335,NULL,NULL,336,'R',NULL,'no_agricola','SII_CSV'),
('01302-03500-00064','01302','03500','00064','GOB COBO ST 4',1436370,NULL,'H',1436370,NULL,NULL,1500,'R',NULL,'no_agricola','SII_CSV'),
('01302-03500-00065','01302','03500','00065','PEDRO LAGOS ST 7',592114,NULL,'H',592114,NULL,NULL,570,'R',NULL,'no_agricola','SII_CSV'),
('01302-03500-00066','01302','03500','00066','SITIO 30',1384039,NULL,'H',1384039,NULL,NULL,1600,'R',NULL,'no_agricola','SII_CSV'),
('01302-03500-00067','01302','03500','00067','BAQUEDANO ST 43',865998,NULL,'H',865998,NULL,NULL,336,'R',NULL,'no_agricola','SII_CSV'),
('01302-03500-00068','01302','03500','00068','PRAT',1522194,NULL,'H',1522194,NULL,NULL,580,'R',NULL,'no_agricola','SII_CSV'),
('01302-03500-00069','01302','03500','00069','PRAT ST 5',1125860,NULL,'H',1125860,NULL,NULL,810,'R',NULL,'no_agricola','SII_CSV'),
('01302-03500-00070','01302','03500','00070','GOB COBO ST 62',1443330,NULL,'H',1443330,NULL,NULL,560,'R',NULL,'no_agricola','SII_CSV'),
('01302-03500-00071','01302','03500','00071','LOCALIDAD VISVIRI ESC G 35',268989436,NULL,'E',268989436,NULL,NULL,4800,'R',NULL,'no_agricola','SII_CSV'),
('01302-03500-00072','01302','03500','00072','VISVIRI',15006106,NULL,'P',15006106,NULL,NULL,4000,'R',NULL,'no_agricola','SII_CSV'),
('01302-03500-00073','01302','03500','00073','AV GOBERNADOR COBO 29',1036569,NULL,'H',1036569,NULL,NULL,550,'R',NULL,'no_agricola','SII_CSV'),
('01302-03500-00074','01302','03500','00074','PL 15202 - 2897 P.ALCERRECA',121624,NULL,'W',121624,NULL,NULL,289,'R',NULL,'no_agricola','SII_CSV'),
('01302-03505-00001','01302','03505','00001','VILLA INDUSTRI',8080624,NULL,'W',8080624,NULL,NULL,19201,'R',NULL,'no_agricola','SII_CSV'),
('01302-03510-00005','01302','03510','00005','VISVIRI',4056746,NULL,'H',4056746,NULL,NULL,360,'R',NULL,'no_agricola','SII_CSV'),
('01302-03510-00006','01302','03510','00006','TERMAS DEL VOLCAN TACORA',255153392,1335862,'I',NULL,NULL,NULL,120000,'R',NULL,'no_agricola','SII_CSV'),
('01302-03510-00011','01302','03510','00011','HUMAPALCA',1024673,NULL,'H',1024673,NULL,NULL,1000,'R',NULL,'no_agricola','SII_CSV'),
('01302-03510-00020','01302','03510','00020','ANCOLANE',971612,NULL,'H',971612,NULL,NULL,300,'R',NULL,'no_agricola','SII_CSV'),
('01302-03510-00041','01302','03510','00041','SITIO GRAL LAGOS',1815130,NULL,'H',1815130,NULL,NULL,2400,'R',NULL,'no_agricola','SII_CSV'),
('01302-03510-00043','01302','03510','00043','SIN NOMBRE',924035,NULL,'H',924035,NULL,NULL,1000,'R',NULL,'no_agricola','SII_CSV'),
('01302-03510-00048','01302','03510','00048','CASERIO VISVIRI',1418079,NULL,'H',1418079,NULL,NULL,500,'R',NULL,'no_agricola','SII_CSV'),
('01302-03510-00053','01302','03510','00053','ALCERRECA PL 95629',2098749,NULL,'O',2098749,NULL,NULL,4987,'R',NULL,'no_agricola','SII_CSV'),
('01302-03510-00054','01302','03510','00054','TACORA PL 95630',2062135,NULL,'O',2062135,NULL,NULL,4900,'R',NULL,'no_agricola','SII_CSV'),
('01302-03510-00105','01302','03510','00105','VOLCAN TACORA PL 15202 - 1205 -CR',45030,NULL,'W',45030,NULL,NULL,107,'R',NULL,'no_agricola','SII_CSV'),
('01302-03511-00001','01302','03511','00001','MZ H ST 3 POSTA Y POLICLINICO',50334486,NULL,'S',50334486,NULL,NULL,1176,'U',NULL,'no_agricola','SII_CSV'),
('01302-03511-00002','01302','03511','00002','EST VISVIRI',184042412,NULL,'W',184042412,NULL,NULL,60400,'R',NULL,'no_agricola','SII_CSV'),
('01302-03511-00003','01302','03511','00003','VISVIRI PREDIO 1 A Y 3',106494974,NULL,'W',106494974,NULL,NULL,253051,'R',NULL,'no_agricola','SII_CSV'),
('01302-03511-00004','01302','03511','00004','CAM ARICA VISVIRI LT 1 IGLESIA',11025926,NULL,'Q',11025926,NULL,NULL,1632,'U',NULL,'no_agricola','SII_CSV'),
('01302-03511-00005','01302','03511','00005','JULIO MONTT LT 2',11561591,NULL,'H',11561591,NULL,NULL,216,'U',NULL,'no_agricola','SII_CSV'),
('01302-03511-00006','01302','03511','00006','JULIO MONTT LT 3',658165,3512,'W',NULL,NULL,NULL,216,'R',NULL,'no_agricola','SII_CSV'),
('01302-03511-00007','01302','03511','00007','JULIO MONTT LT 4',2342847,NULL,'H',2342847,NULL,NULL,216,'U',NULL,'no_agricola','SII_CSV'),
('01302-03511-00008','01302','03511','00008','JULIO MONTT LT 5',658165,3512,'W',NULL,NULL,NULL,216,'R',NULL,'no_agricola','SII_CSV'),
('01302-03511-00009','01302','03511','00009','JULIO MONTT LT 6',658165,3512,'W',NULL,NULL,NULL,216,'R',NULL,'no_agricola','SII_CSV'),
('01302-03511-00010','01302','03511','00010','JULIO MONTT LT 7',658165,3512,'W',NULL,NULL,NULL,216,'R',NULL,'no_agricola','SII_CSV'),
('01302-03511-00011','01302','03511','00011','JULIO MONTT LT 8',2796957,NULL,'H',2796957,NULL,NULL,216,'U',NULL,'no_agricola','SII_CSV'),
('01302-03511-00012','01302','03511','00012','JULIO MONTT LT 9',2907583,NULL,'H',2907583,NULL,NULL,216,'U',NULL,'no_agricola','SII_CSV'),
('01302-03511-00013','01302','03511','00013','JULIO MONTT LT 10',2907583,NULL,'H',2907583,NULL,NULL,216,'U',NULL,'no_agricola','SII_CSV'),
('01302-03511-00014','01302','03511','00014','JULIO MONTT LT 11',658165,3512,'W',NULL,NULL,NULL,216,'R',NULL,'no_agricola','SII_CSV'),
('01302-03511-00015','01302','03511','00015','JULIO MONTT LT 23 MOTOR ELECTRIC',8645641,NULL,'V',8645641,NULL,NULL,980,'U',NULL,'no_agricola','SII_CSV'),
('01302-03511-00016','01302','03511','00016','CARRERA LT 15 VISVIR',7995375,NULL,'H',7995375,NULL,NULL,200,'U',NULL,'no_agricola','SII_CSV'),
('01302-03511-00017','01302','03511','00017','CARRERA LT 16 VISVIR',7995375,NULL,'H',7995375,NULL,NULL,200,'U',NULL,'no_agricola','SII_CSV'),
('01302-03511-00018','01302','03511','00018','CAM ARICA VISVIRI LT 17',9580785,NULL,'H',9580785,NULL,NULL,210,'U',NULL,'no_agricola','SII_CSV'),
('01302-03511-00019','01302','03511','00019','CAM ARICA VISVIRI LT 18',9580785,NULL,'H',9580785,NULL,NULL,210,'U',NULL,'no_agricola','SII_CSV'),
('01302-03511-00020','01302','03511','00020','CAM ARICA VISVIRI LT 19',9580785,NULL,'H',9580785,NULL,NULL,210,'U',NULL,'no_agricola','SII_CSV'),
('01302-03511-00021','01302','03511','00021','CAM ARICA VISVIRI LT 20',10735556,NULL,'H',10735556,NULL,NULL,210,'U',NULL,'no_agricola','SII_CSV'),
('01302-03511-00022','01302','03511','00022','CAM ARICA VISVIRI LT 21 MUNICIP',61105602,NULL,'O',61105602,NULL,NULL,950,'U',NULL,'no_agricola','SII_CSV'),
('01302-03511-00023','01302','03511','00023','CAM ARICA VISVIRI LT 22 C ABIERT',44753229,NULL,'V',44753229,NULL,NULL,660,'U',NULL,'no_agricola','SII_CSV'),
('01302-03511-00024','01302','03511','00024','CONCEPCION LT 12 BODEGA MUNICIP',5516185,NULL,'L',5516185,NULL,NULL,1089,'U',NULL,'no_agricola','SII_CSV'),
('01302-03511-00025','01302','03511','00025','CONCEPCION LT 14 VISVIRI',3584716,NULL,'H',3584716,NULL,NULL,360,'U',NULL,'no_agricola','SII_CSV'),
('01302-03511-00026','01302','03511','00026','CONCEPCION LT 13 VISVIRI',1002483,NULL,'W',1002483,NULL,NULL,329,'R',NULL,'no_agricola','SII_CSV'),
('01302-03512-00001','01302','03512','00001','CHISLLUMA PL 15202 - 2153',171704,NULL,'W',171704,NULL,NULL,408,'R',NULL,'no_agricola','SII_CSV'),
('01302-03512-00002','01302','03512','00002','CHISLLUMA PL 15202 - 2152',142245,NULL,'W',142245,NULL,NULL,338,'R',NULL,'no_agricola','SII_CSV'),
('01302-03512-00003','01302','03512','00003','CHISLLUMA PL 15202 - 2151 -SR',355613,NULL,'W',NULL,NULL,NULL,845,'R',NULL,'no_agricola','SII_CSV'),
('01302-03530-00001','01302','03530','00001','ESC.G-34 HUMAPALCA PL I- 3 - 301 -CR',1969043,NULL,'E',1969043,NULL,NULL,503,'R',NULL,'no_agricola','SII_CSV'),
('01302-03540-00001','01302','03540','00001','ESC. G- 32 PL I- 3 - 300 -SR',18690003,NULL,'E',18690003,NULL,NULL,2500,'R',NULL,'no_agricola','SII_CSV'),
('01302-03560-00001','01302','03560','00001','ESC. G- 115 CHISLLUMA PL I- 3 - 302 -CR',5289683,NULL,'E',5289683,NULL,NULL,4960,'R',NULL,'no_agricola','SII_CSV'),
('01302-03600-00026','01302','03600','00026','OF MUNISIPAL COSAPILLA',1791446,NULL,'O',1791446,NULL,NULL,90,'R',NULL,'no_agricola','SII_CSV'),
('01302-03600-00034','01302','03600','00034','ESC G 114 COSAPILLA',4611752,NULL,'E',4611752,NULL,NULL,1586,'R',NULL,'no_agricola','SII_CSV'),
('01302-03600-00035','01302','03600','00035','ESC G 116 CHUJLLUTA',47919168,NULL,'E',47919168,NULL,NULL,564,'R',NULL,'no_agricola','SII_CSV'),
('01302-03600-00036','01302','03600','00036','ESC G 123 GUACOLLO',3613303,NULL,'E',3613303,NULL,NULL,624,'R',NULL,'no_agricola','SII_CSV'),
('01302-03600-00037','01302','03600','00037','CAMP CHUNGARA',87967872,NULL,'L',87967872,NULL,NULL,82000,'R',NULL,'no_agricola','SII_CSV'),
('01302-03600-00039','01302','03600','00039','COLPITAS ESCUELA G 125',30774247,NULL,'E',30774247,NULL,NULL,7841,'R',NULL,'no_agricola','SII_CSV'),
('01302-03601-00001','01302','03601','00001','A. PRAT PL. 15202 - 1627 -SR - GUACOLLO',259240,NULL,'W',259240,NULL,NULL,616,'R',NULL,'no_agricola','SII_CSV'),
('01302-03601-00002','01302','03601','00002','B. OHIGGINS PL 15202 - 1629 -SR - GUACOL',287436,NULL,'W',NULL,NULL,NULL,683,'R',NULL,'no_agricola','SII_CSV'),
('01302-03601-00003','01302','03601','00003','B. OHIGGINS PL 15202 - 1630 -SR - GUACOL',140562,NULL,'W',140562,NULL,NULL,334,'R',NULL,'no_agricola','SII_CSV'),
('01302-03601-00004','01302','03601','00004','A. PRAT PL. 15202 - 1626 -SR - GUACOLLO',224310,NULL,'W',224310,NULL,NULL,533,'R',NULL,'no_agricola','SII_CSV'),
('01302-03601-00005','01302','03601','00005','A. PRAT PL. 15202 - 1628 -SR - GUACOLLO',241144,NULL,'W',241144,NULL,NULL,573,'R',NULL,'no_agricola','SII_CSV'),
('01302-03601-00006','01302','03601','00006','B. OHHIGGINS PL 15202 - 1624 -SR GUACOLL',39559,NULL,'W',39559,NULL,NULL,94,'R',NULL,'no_agricola','SII_CSV'),
('01302-03601-00007','01302','03601','00007','MANUEL RODRIGUEZ S/N',293749,NULL,'W',NULL,NULL,NULL,698,'R',NULL,'no_agricola','SII_CSV'),
('01302-03601-00008','01302','03601','00008','PUEBLO DE GUACOLLO PL 15202 - 2745 -SR',69018,NULL,'W',69018,NULL,NULL,164,'R',NULL,'no_agricola','SII_CSV'),
('01302-03650-00001','01302','03650','00001','I CARRERA PINTO MZ A ST 1',2286576,NULL,'H',2286576,NULL,NULL,391,'U',NULL,'no_agricola','SII_CSV'),
('01302-03650-00002','01302','03650','00002','SANGRA MZ A ST 2',1880632,NULL,'H',1880632,NULL,NULL,386,'U',NULL,'no_agricola','SII_CSV'),
('01302-03651-00001','01302','03651','00001','I CARRERA PINTO MZ B ST 1 TEMPLO',9999606,NULL,'Q',9999606,NULL,NULL,333,'U',NULL,'no_agricola','SII_CSV'),
('01302-03651-00002','01302','03651','00002','J M SALAMANCA MZ B ST 2',2673273,NULL,'H',2673273,NULL,NULL,508,'U',NULL,'no_agricola','SII_CSV'),
('01302-03652-00001','01302','03652','00001','VISVIRI MZ C ST 1 SEDE SOCIAL',47938208,NULL,'O',47938208,NULL,NULL,232,'R',NULL,'no_agricola','SII_CSV'),
('01302-03652-00002','01302','03652','00002','VISVIRI MZ C ST 2',2516776,NULL,'H',2516776,NULL,NULL,390,'R',NULL,'no_agricola','SII_CSV'),
('01302-03652-00003','01302','03652','00003','VISVIRI MZ C ST 3 REGISTRO CIVIL',16885122,NULL,'O',16885122,NULL,NULL,247,'R',NULL,'no_agricola','SII_CSV'),
('01302-03653-00001','01302','03653','00001','VISVIRI MZ D ST 1',3395514,NULL,'H',3395514,NULL,NULL,535,'R',NULL,'no_agricola','SII_CSV'),
('01302-03653-00002','01302','03653','00002','VISVIRI MZ D ST 2',4965586,NULL,'H',4965586,NULL,NULL,292,'R',NULL,'no_agricola','SII_CSV'),
('01302-03655-00001','01302','03655','00001','SITIO 4 MZ F PUEBLO DE VISVIRI',3984485,NULL,'H',3984485,NULL,NULL,208,'R',NULL,'no_agricola','SII_CSV'),
('01302-03655-00002','01302','03655','00002','VISVIRI MZ F ST 1',3421512,NULL,'H',3421512,NULL,NULL,426,'R',NULL,'no_agricola','SII_CSV'),
('01302-03655-00003','01302','03655','00003','VISVIRI MZ F ST 2',2528156,NULL,'H',2528156,NULL,NULL,512,'R',NULL,'no_agricola','SII_CSV'),
('01302-03655-00004','01302','03655','00004','VISVIRI MZ F ST 3',1369284,NULL,'H',1369284,NULL,NULL,238,'R',NULL,'no_agricola','SII_CSV'),
('01302-03657-00001','01302','03657','00001','VISVIRI MZ H ST 1',1444088,NULL,'H',1444088,NULL,NULL,322,'R',NULL,'no_agricola','SII_CSV'),
('01302-03657-00002','01302','03657','00002','VISVIRI MZ H ST 2',4914770,NULL,'H',4914770,NULL,NULL,203,'R',NULL,'no_agricola','SII_CSV'),
('01302-03658-00001','01302','03658','00001','VISVIRI MZ I ST 1',13312923,NULL,'H',13312923,NULL,NULL,982,'R',NULL,'no_agricola','SII_CSV'),
('01302-03659-00001','01302','03659','00001','VISVIRI MZ J ST 1',1786867,NULL,'H',1786867,NULL,NULL,358,'R',NULL,'no_agricola','SII_CSV'),
('01302-03659-00002','01302','03659','00002','VISVIRI MZ J ST 2',1783854,NULL,'H',1783854,NULL,NULL,308,'R',NULL,'no_agricola','SII_CSV'),
('01302-03659-00003','01302','03659','00003','VISVIRI MZ J ST 3',2047662,NULL,'H',2047662,NULL,NULL,421,'R',NULL,'no_agricola','SII_CSV'),
('01302-03660-00001','01302','03660','00001','VISVIRI MZ K ST 1',3192651,NULL,'H',3192651,NULL,NULL,952,'R',NULL,'no_agricola','SII_CSV'),
('01302-03660-00002','01302','03660','00002','VISVIRI MZ K ST 2',4004816,NULL,'H',4004816,NULL,NULL,739,'R',NULL,'no_agricola','SII_CSV'),
('01302-03660-00003','01302','03660','00003','VISVIRI MZ K ST 3',2183327,NULL,'H',2183327,NULL,NULL,258,'R',NULL,'no_agricola','SII_CSV'),
('01302-03661-00001','01302','03661','00001','VISVIRI MZ L ST 1',9518685,NULL,'H',9518685,NULL,NULL,841,'R',NULL,'no_agricola','SII_CSV'),
('01302-03661-00002','01302','03661','00002','VISVIRI MZ L ST 2',3635241,NULL,'H',3635241,NULL,NULL,800,'R',NULL,'no_agricola','SII_CSV'),
('01302-03662-00001','01302','03662','00001','VISVIRI MZ Q ST 1',2148684,NULL,'H',2148684,NULL,NULL,263,'R',NULL,'no_agricola','SII_CSV'),
('01302-03662-00002','01302','03662','00002','VISVIRI MZ Q ST 2',1357375,NULL,'H',1357375,NULL,NULL,244,'R',NULL,'no_agricola','SII_CSV'),
('01302-03662-00003','01302','03662','00003','VISVIRI MZ Q ST 3',2563279,NULL,'H',2563279,NULL,NULL,243,'R',NULL,'no_agricola','SII_CSV'),
('01302-03662-00004','01302','03662','00004','VISVIRI MZ Q ST 4',1894362,NULL,'H',1894362,NULL,NULL,265,'R',NULL,'no_agricola','SII_CSV'),
('01302-03662-00005','01302','03662','00005','VISVIRI MZ Q ST 5 RESERVA SERVIU',2504683,NULL,'W',2504683,NULL,NULL,822,'R',NULL,'no_agricola','SII_CSV'),
('01302-03663-00001','01302','03663','00001','VISVIRI MZ N ST 1',11871153,NULL,'H',11871153,NULL,NULL,545,'R',NULL,'no_agricola','SII_CSV'),
('01302-03663-00002','01302','03663','00002','VISVIRI MZ N ST 2 RESERVA SERVIU',1057330,NULL,'W',1057330,NULL,NULL,347,'R',NULL,'no_agricola','SII_CSV'),
('01302-03663-00003','01302','03663','00003','VISVIRI MZ N ST 3',2257653,NULL,'H',2257653,NULL,NULL,589,'R',NULL,'no_agricola','SII_CSV'),
('01302-03663-00004','01302','03663','00004','VISVIRI MZ N ST 4',1769821,NULL,'H',1769821,NULL,NULL,310,'R',NULL,'no_agricola','SII_CSV'),
('01302-03665-00001','01302','03665','00001','HUAMACHUCO MZ O ST 1',10163450,NULL,'H',10163450,NULL,NULL,455,'U',NULL,'no_agricola','SII_CSV'),
('01302-03665-00002','01302','03665','00002','VISVIRI MZ O ST 2',2495641,NULL,'H',2495641,NULL,NULL,426,'R',NULL,'no_agricola','SII_CSV'),
('01302-03665-00003','01302','03665','00003','VISVIRI MZ O ST 3 RESERVA SERVIU',3178083,NULL,'W',3178083,NULL,NULL,1043,'R',NULL,'no_agricola','SII_CSV'),
('01302-03666-00001','01302','03666','00001','VISVIRI MZ G ST 3 LA CONCEPCION',3214699,NULL,'H',3214699,NULL,NULL,444,'R',NULL,'no_agricola','SII_CSV'),
('01302-03666-00002','01302','03666','00002','LA CONCEPCION MZ G ST 2',5422717,NULL,'H',5422717,NULL,NULL,382,'R',NULL,'no_agricola','SII_CSV'),
('01302-03666-00003','01302','03666','00003','VISVIRI MZ G ST 1 GIMNASIO',196276842,NULL,'V',196276842,NULL,NULL,943,'R',NULL,'no_agricola','SII_CSV'),
('01302-03667-00001','01302','03667','00001','LA CONCEPCION MZ M ST 2',1368130,7300,'W',NULL,NULL,NULL,449,'R',NULL,'no_agricola','SII_CSV'),
('01302-03667-00002','01302','03667','00002','VISVIRI MZ M ST 1',4092541,NULL,'H',4092541,NULL,NULL,1211,'R',NULL,'no_agricola','SII_CSV'),
('01302-03667-00003','01302','03667','00003','VISVIRI MZ M ST 3',1123697,NULL,'H',1123697,NULL,NULL,273,'R',NULL,'no_agricola','SII_CSV'),
('01302-03667-00004','01302','03667','00004','VISVIRI MZ M ST 4',1306412,NULL,'H',1306412,NULL,NULL,257,'R',NULL,'no_agricola','SII_CSV'),
('01302-03668-00001','01302','03668','00001','VISVIRI MZ R ST 1',1172171,NULL,'H',1172171,NULL,NULL,279,'R',NULL,'no_agricola','SII_CSV'),
('01302-03668-00002','01302','03668','00002','VISVIRI MZ R ST 2',2695701,NULL,'H',2695701,NULL,NULL,779,'R',NULL,'no_agricola','SII_CSV'),
('01302-03668-00003','01302','03668','00003','VISVIRI MZ R ST 3 RESERVA SERVIU',697777,NULL,'W',697777,NULL,NULL,229,'R',NULL,'no_agricola','SII_CSV'),
('01302-03668-00004','01302','03668','00004','VISVIRI MZ R ST 4 RESERVA SERVIU',764812,NULL,'W',764812,NULL,NULL,251,'R',NULL,'no_agricola','SII_CSV'),
('01302-03669-00001','01302','03669','00001','HUAMACHUCO MZ P ST 2',8727233,NULL,'H',8727233,NULL,NULL,712,'R',NULL,'no_agricola','SII_CSV'),
('01302-03669-00002','01302','03669','00002','VISVIRI MZ P ST 1',2276811,NULL,'H',2276811,NULL,NULL,374,'R',NULL,'no_agricola','SII_CSV'),
('01302-03669-00003','01302','03669','00003','VISVIRI MZ P ST 3',1454904,NULL,'H',1454904,NULL,NULL,385,'R',NULL,'no_agricola','SII_CSV'),
('01302-03669-00004','01302','03669','00004','VISVIRI MZ P ST 4 RESERVA SERVIU',5027649,NULL,'W',5027649,NULL,NULL,1650,'R',NULL,'no_agricola','SII_CSV'),
('01302-03670-00001','01302','03670','00001','VISVIRI MZ E ST 1',3555729,NULL,'H',3555729,NULL,NULL,295,'U',NULL,'no_agricola','SII_CSV'),
('01302-03670-00002','01302','03670','00002','VISVIRI MZ E ST 2',2602993,NULL,'H',2602993,NULL,NULL,306,'U',NULL,'no_agricola','SII_CSV'),
('01302-03670-00003','01302','03670','00003','VISVIRI MZ E ST 3',3323242,NULL,'H',3323242,NULL,NULL,363,'U',NULL,'no_agricola','SII_CSV'),
('01302-03670-00004','01302','03670','00004','VISVIRI MZ E ST 4',1093894,NULL,'W',1093894,NULL,NULL,359,'R',NULL,'no_agricola','SII_CSV'),
('01302-03671-00001','01302','03671','00001','VISVIRI MZ N ST 1',4508337,NULL,'H',4508337,NULL,NULL,402,'R',NULL,'no_agricola','SII_CSV'),
('01302-03671-00002','01302','03671','00002','VISVIRI MZ N ST 2 RESERVA SERVIU',3565060,NULL,'W',3565060,NULL,NULL,1170,'R',NULL,'no_agricola','SII_CSV'),
('01302-03671-00004','01302','03671','00004','PL,15202 - 2900 -SANGRAMZ N 1 P-ST 1',11065468,NULL,'H',11065468,NULL,NULL,486,'R',NULL,'no_agricola','SII_CSV'),
('01302-03672-00001','01302','03672','00001','VISVIRI MZ S ST 1',6295871,NULL,'H',6295871,NULL,NULL,539,'U',NULL,'no_agricola','SII_CSV'),
('01302-03672-00002','01302','03672','00002','VISVIRI MZ S ST 2',2244755,NULL,'H',2244755,NULL,NULL,289,'R',NULL,'no_agricola','SII_CSV'),
('01302-03672-00003','01302','03672','00003','VISVIRI MZ S ST 3',1227386,NULL,'H',1227386,NULL,NULL,202,'R',NULL,'no_agricola','SII_CSV'),
('01302-03672-00004','01302','03672','00004','HUAMACHUCO MZ S ST 4 PL 15202 - 1614 -SR',1884771,NULL,'H',1884771,NULL,NULL,318,'R',NULL,'no_agricola','SII_CSV'),
('01302-03672-00005','01302','03672','00005','VISVIRI MZ S ST 5 RESERVA SERVIU',1648459,NULL,'W',1648459,NULL,NULL,541,'R',NULL,'no_agricola','SII_CSV'),
('01302-03672-00006','01302','03672','00006','VISVIRI MZ S ST 6',3956962,NULL,'H',3956962,NULL,NULL,259,'R',NULL,'no_agricola','SII_CSV'),
('01302-03672-00007','01302','03672','00007','VISVIRI MZ S ST 7 RESERVA SERVIU',1474777,NULL,'W',1474777,NULL,NULL,484,'R',NULL,'no_agricola','SII_CSV'),
('01302-03673-00001','01302','03673','00001','IGNACIO CARRERA PINTO LT Z 1',46580403,NULL,'W',46580403,NULL,NULL,15287,'R',NULL,'no_agricola','SII_CSV'),
('01302-03674-00001','01302','03674','00001','VISVIRI MZ X ST 1 RESERVA SERVIU',4265884,NULL,'W',4265884,NULL,NULL,1400,'R',NULL,'no_agricola','SII_CSV'),
('01302-03675-00001','01302','03675','00001','VISVIRI MZ Y ST 1 RESERVA SERVIU',2836813,NULL,'W',2836813,NULL,NULL,931,'R',NULL,'no_agricola','SII_CSV'),
('01302-03676-00001','01302','03676','00001','VISVIRI MZ U ST 1 RESERVA SERVIU',889741,NULL,'W',889741,NULL,NULL,292,'R',NULL,'no_agricola','SII_CSV'),
('01302-03676-00002','01302','03676','00002','VISVIRI MZ U ST 2',2174096,NULL,'H',2174096,NULL,NULL,588,'R',NULL,'no_agricola','SII_CSV'),
('01302-03676-00003','01302','03676','00003','VISVIRI MZ U ST 3 RESERVA SERVIU',880600,NULL,'W',880600,NULL,NULL,289,'R',NULL,'no_agricola','SII_CSV'),
('01302-03677-00001','01302','03677','00001','VISVIRI MZ T ST 1',10280167,NULL,'H',10280167,NULL,NULL,1189,'R',NULL,'no_agricola','SII_CSV'),
('01302-03677-00002','01302','03677','00002','VISVIRI MZ T ST 2 RESERVA SERVIU',1611895,NULL,'W',1611895,NULL,NULL,529,'R',NULL,'no_agricola','SII_CSV'),
('01302-03678-00001','01302','03678','00001','VISVIRI MZ V ST 1 RESERVA SERVIU',4963660,NULL,'W',4963660,NULL,NULL,1629,'R',NULL,'no_agricola','SII_CSV'),
('01302-03681-00001','01302','03681','00001','VISVIRI MZ W ST 1 RESERVA SERVIU',5573072,NULL,'W',5573072,NULL,NULL,1829,'R',NULL,'no_agricola','SII_CSV'),
('01302-03682-00001','01302','03682','00001','PREDIO 1 B RESERVA SERVIU PUEBLO VISVIRI',43658273,NULL,'W',43658273,NULL,NULL,14328,'R',NULL,'no_agricola','SII_CSV'),
('01302-95121-00001','01302','95121','00001','ESTACION CANTERAS KM 121',174387197,913008,'W',NULL,NULL,NULL,414375,'R',NULL,'no_agricola','SII_CSV'),
('01302-95139-00001','01302','95139','00001','ESTACION CORONEL ALCERREA KM 139',40641384,NULL,'T',40641384,NULL,NULL,45000,'R',NULL,'no_agricola','SII_CSV'),
('01302-95139-00002','01302','95139','00002','FF EE KM 124 A KM 138',194288485,NULL,'W',194288485,NULL,NULL,577080,'R',NULL,'no_agricola','SII_CSV'),
('01302-95160-00001','01302','95160','00001','ESTACION HUMAPALCA KM 160',7332364,NULL,'T',7332364,NULL,NULL,17423,'R',NULL,'no_agricola','SII_CSV'),
('01302-95160-00002','01302','95160','00002','FF EE KM 139 A KM 159',274417167,NULL,'W',274417167,NULL,NULL,815080,'R',NULL,'no_agricola','SII_CSV'),
('01302-95166-00001','01302','95166','00001','ESTACION VILLA INDUSTRIAL KM 166',6628292,NULL,'W',6628292,NULL,NULL,15750,'R',NULL,'no_agricola','SII_CSV'),
('01302-95166-00002','01302','95166','00002','FF EE KM 160 A KM 165',72654493,NULL,'W',72654493,NULL,NULL,215800,'R',NULL,'no_agricola','SII_CSV'),
('01302-95176-00001','01302','95176','00001','ESTACION CHISLLUMA KM 176',12120305,NULL,'W',12120305,NULL,NULL,28800,'R',NULL,'no_agricola','SII_CSV'),
('01302-95176-00002','01302','95176','00002','FF EE KM 166 A KM 175',132703870,NULL,'W',132703870,NULL,NULL,394160,'R',NULL,'no_agricola','SII_CSV'),
('01302-95184-00001','01302','95184','00001','ESTACION GENERAL LAGOS KM 184',17675444,NULL,'W',17675444,NULL,NULL,42000,'R',NULL,'no_agricola','SII_CSV'),
('01302-95184-00002','01302','95184','00002','FF EE KM 176 A KM 184',105513986,NULL,'W',105513986,NULL,NULL,313400,'R',NULL,'no_agricola','SII_CSV'),
('01302-95205-00001','01302','95205','00001','ESTACION VISVIRI KM 205',288520327,NULL,'T',288520327,NULL,NULL,60400,'R',NULL,'no_agricola','SII_CSV'),
('01302-95205-00002','01302','95205','00002','FF EE KM 184 A KM 204',272854994,NULL,'W',272854994,NULL,NULL,810440,'R',NULL,'no_agricola','SII_CSV'),
('01302-95205-00003','01302','95205','00003','FF EE KM 205 A KM 206 FRONTERA',12241508,NULL,'W',12241508,NULL,NULL,36360,'R',NULL,'no_agricola','SII_CSV')
ON CONFLICT (rol) DO UPDATE SET
  avaluo_total_vigente = EXCLUDED.avaluo_total_vigente,
  contribucion_semestre = EXCLUDED.contribucion_semestre,
  destino_sii          = EXCLUDED.destino_sii,
  avaluo_total_exento  = EXCLUDED.avaluo_total_exento,
  sup_terreno_m2       = EXCLUDED.sup_terreno_m2,
  cod_ubicacion        = EXCLUDED.cod_ubicacion,
  fuente_datos         = 'SII_CSV',
  fecha_actualizacion  = now();

-- ─────────────────────────────────────────────────
-- NL: BRTMPCATASNL_2025_2_01302  |  CÓDIGO 01302
-- 202 filas
-- ─────────────────────────────────────────────────
INSERT INTO catastro.construcciones (
  rol, numero_construccion, material_codigo,
  calidad_codigo, anio_construccion,
  sup_total_m2, destino_construccion, condicion_especial,
  numero_pisos, fuente_datos
) VALUES
('01302-03500-00001',1,'F',5,1946,70,'H',NULL,1,'SII_CSV'),
('01302-03500-00002',1,'F',5,1954,105,'H',NULL,1,'SII_CSV'),
('01302-03500-00003',1,'F',5,1949,86,'H',NULL,1,'SII_CSV'),
('01302-03500-00005',1,'F',5,1952,108,'H',NULL,1,'SII_CSV'),
('01302-03500-00006',1,'F',5,1950,204,'H',NULL,1,'SII_CSV'),
('01302-03500-00007',1,'F',5,1985,44,'H',NULL,1,'SII_CSV'),
('01302-03500-00008',1,'F',5,1952,120,'H',NULL,1,'SII_CSV'),
('01302-03500-00009',1,'F',5,1955,108,'H',NULL,1,'SII_CSV'),
('01302-03500-00012',1,'F',5,1950,80,'H',NULL,0,'SII_CSV'),
('01302-03500-00013',1,'F',5,1948,150,'H',NULL,1,'SII_CSV'),
('01302-03500-00015',1,'F',5,1948,70,'H',NULL,1,'SII_CSV'),
('01302-03500-00016',1,'F',5,1950,100,'H',NULL,1,'SII_CSV'),
('01302-03500-00018',1,'C',4,1987,92,'S',NULL,1,'SII_CSV'),
('01302-03500-00018',2,'C',4,1995,18,'S',NULL,1,'SII_CSV'),
('01302-03500-00019',1,'F',5,1950,50,'H',NULL,1,'SII_CSV'),
('01302-03500-00021',1,'C',4,1986,104,'E',NULL,1,'SII_CSV'),
('01302-03500-00027',1,'F',5,1932,100,'Q',NULL,1,'SII_CSV'),
('01302-03500-00032',1,'F',4,1984,18,'H',NULL,1,'SII_CSV'),
('01302-03500-00035',1,'F',5,1942,102,'H',NULL,1,'SII_CSV'),
('01302-03500-00036',1,'F',5,1938,85,'H',NULL,1,'SII_CSV'),
('01302-03500-00037',1,'F',5,1936,120,'H',NULL,1,'SII_CSV'),
('01302-03500-00038',1,'F',5,1948,180,'H',NULL,1,'SII_CSV'),
('01302-03500-00039',1,'F',5,1948,72,'H',NULL,1,'SII_CSV'),
('01302-03500-00040',1,'F',5,1945,78,'H',NULL,1,'SII_CSV'),
('01302-03500-00041',1,'F',5,1952,78,'H',NULL,1,'SII_CSV'),
('01302-03500-00042',1,'F',5,1950,38,'H',NULL,1,'SII_CSV'),
('01302-03500-00043',1,'F',5,1952,75,'H',NULL,1,'SII_CSV'),
('01302-03500-00044',1,'F',5,1948,69,'H',NULL,1,'SII_CSV'),
('01302-03500-00045',1,'F',5,1953,89,'H',NULL,1,'SII_CSV'),
('01302-03500-00046',1,'F',5,1950,44,'H',NULL,1,'SII_CSV'),
('01302-03500-00047',1,'F',5,1950,122,'H',NULL,1,'SII_CSV'),
('01302-03500-00048',1,'F',5,1950,67,'H',NULL,1,'SII_CSV'),
('01302-03500-00049',1,'F',5,1950,85,'H',NULL,1,'SII_CSV'),
('01302-03500-00050',1,'F',5,1935,120,'H',NULL,1,'SII_CSV'),
('01302-03500-00051',1,'F',5,1938,58,'H',NULL,1,'SII_CSV'),
('01302-03500-00052',1,'F',5,1956,122,'H',NULL,1,'SII_CSV'),
('01302-03500-00053',1,'F',5,1951,120,'H',NULL,1,'SII_CSV'),
('01302-03500-00054',1,'F',5,1939,150,'H',NULL,1,'SII_CSV'),
('01302-03500-00055',1,'F',5,1950,100,'H',NULL,1,'SII_CSV'),
('01302-03500-00056',1,'F',5,1938,78,'H',NULL,1,'SII_CSV'),
('01302-03500-00057',1,'F',5,1950,80,'H',NULL,1,'SII_CSV'),
('01302-03500-00058',1,'F',5,1928,104,'H',NULL,1,'SII_CSV'),
('01302-03500-00059',1,'F',5,1940,80,'H',NULL,1,'SII_CSV'),
('01302-03500-00060',1,'F',5,1940,39,'H',NULL,1,'SII_CSV'),
('01302-03500-00061',1,'F',5,1938,120,'H',NULL,1,'SII_CSV'),
('01302-03500-00062',1,'F',5,1943,75,'H',NULL,1,'SII_CSV'),
('01302-03500-00063',1,'F',5,1960,281,'H',NULL,1,'SII_CSV'),
('01302-03500-00064',1,'F',5,1938,80,'H',NULL,1,'SII_CSV'),
('01302-03500-00065',1,'F',5,1939,35,'H',NULL,1,'SII_CSV'),
('01302-03500-00066',1,'F',5,1949,84,'H',NULL,1,'SII_CSV'),
('01302-03500-00067',1,'F',5,1936,72,'H',NULL,1,'SII_CSV'),
('01302-03500-00068',1,'F',5,1945,127,'H',NULL,1,'SII_CSV'),
('01302-03500-00069',1,'F',5,1942,78,'H',NULL,1,'SII_CSV'),
('01302-03500-00070',1,'F',5,1952,120,'H',NULL,1,'SII_CSV'),
('01302-03500-00071',1,'A',3,1970,792,'E',NULL,1,'SII_CSV'),
('01302-03500-00071',2,'C',4,2007,216,'E',NULL,1,'SII_CSV'),
('01302-03500-00072',1,'F',5,1939,280,'P',NULL,1,'SII_CSV'),
('01302-03500-00073',1,'F',5,1955,80,'H',NULL,1,'SII_CSV'),
('01302-03510-00005',1,'F',4,1935,200,'H',NULL,1,'SII_CSV'),
('01302-03510-00006',1,'C',3,1950,280,'H',NULL,1,'SII_CSV'),
('01302-03510-00006',2,'GB',2,1935,750,'I',NULL,1,'SII_CSV'),
('01302-03510-00006',3,'GA',2,1935,300,'I',NULL,1,'SII_CSV'),
('01302-03510-00006',4,'E',4,1950,150,'H',NULL,1,'SII_CSV'),
('01302-03510-00011',1,'F',5,1955,60,'H',NULL,1,'SII_CSV'),
('01302-03510-00020',1,'F',5,1952,84,'H',NULL,1,'SII_CSV'),
('01302-03510-00041',1,'F',5,1950,80,'H',NULL,1,'SII_CSV'),
('01302-03510-00043',1,'F',5,1955,50,'H',NULL,1,'SII_CSV'),
('01302-03510-00048',1,'F',5,1955,120,'H',NULL,1,'SII_CSV'),
('01302-03511-00001',1,'F',4,1973,154,'S',NULL,1,'SII_CSV'),
('01302-03511-00001',2,'C',4,1995,42,'H',NULL,1,'SII_CSV'),
('01302-03511-00001',3,'C',4,1989,85,'S',NULL,1,'SII_CSV'),
('01302-03511-00001',4,'C',4,1997,49,'S',NULL,1,'SII_CSV'),
('01302-03511-00001',5,'C',4,1999,60,'S',NULL,1,'SII_CSV'),
('01302-03511-00004',1,'F',4,1997,124,'Q',NULL,1,'SII_CSV'),
('01302-03511-00005',1,'C',4,1999,54,'H',NULL,1,'SII_CSV'),
('01302-03511-00005',2,'F',5,1999,15,'H',NULL,1,'SII_CSV'),
('01302-03511-00007',1,'F',5,1999,62,'H',NULL,1,'SII_CSV'),
('01302-03511-00011',1,'F',4,1996,12,'H',NULL,1,'SII_CSV'),
('01302-03511-00011',2,'F',5,1996,33,'H',NULL,1,'SII_CSV'),
('01302-03511-00011',3,'GE',3,1996,16,'H',NULL,1,'SII_CSV'),
('01302-03511-00012',1,'F',4,1996,48,'H',NULL,1,'SII_CSV'),
('01302-03511-00013',1,'F',4,1996,48,'H',NULL,1,'SII_CSV'),
('01302-03511-00015',1,'C',4,1996,30,'V',NULL,1,'SII_CSV'),
('01302-03511-00016',1,'C',4,1999,38,'H',NULL,1,'SII_CSV'),
('01302-03511-00017',1,'C',4,1999,38,'H',NULL,1,'SII_CSV'),
('01302-03511-00018',1,'C',4,1999,46,'H',NULL,1,'SII_CSV'),
('01302-03511-00019',1,'C',4,1999,46,'H',NULL,1,'SII_CSV'),
('01302-03511-00020',1,'C',4,1999,46,'H',NULL,1,'SII_CSV'),
('01302-03511-00021',1,'C',4,1999,46,'H',NULL,1,'SII_CSV'),
('01302-03511-00021',2,'C',4,1998,6,'V',NULL,1,'SII_CSV'),
('01302-03511-00022',1,'C',4,1996,296,'O',NULL,1,'SII_CSV'),
('01302-03511-00022',2,'F',4,1996,15,'V',NULL,1,'SII_CSV'),
('01302-03511-00022',3,'G',4,1996,11,'O',NULL,1,'SII_CSV'),
('01302-03511-00023',1,'C',4,1997,217,'V',NULL,1,'SII_CSV'),
('01302-03511-00023',2,'GC',3,1997,20,'V',NULL,1,'SII_CSV'),
('01302-03511-00024',1,'F',5,1986,156,'L',NULL,1,'SII_CSV'),
('01302-03511-00025',1,'F',5,1996,103,'H',NULL,1,'SII_CSV'),
('01302-03530-00001',1,'F',4,1976,90,'E',NULL,1,'SII_CSV'),
('01302-03540-00001',1,'C',4,1986,104,'E',NULL,1,'SII_CSV'),
('01302-03560-00001',1,'F',4,1975,164,'E',NULL,1,'SII_CSV'),
('01302-03600-00026',1,'F',4,1974,90,'P',NULL,1,'SII_CSV'),
('01302-03600-00034',1,'F',4,1970,202,'E',NULL,1,'SII_CSV'),
('01302-03600-00035',1,'F',4,1983,112,'E',NULL,1,'SII_CSV'),
('01302-03600-00035',2,'C',4,2007,216,'E',NULL,1,'SII_CSV'),
('01302-03600-00036',1,'F',4,1983,156,'E',NULL,1,'SII_CSV'),
('01302-03600-00037',1,'C',4,1980,338,'L',NULL,1,'SII_CSV'),
('01302-03600-00039',1,'C',4,1986,162,'E',NULL,1,'SII_CSV'),
('01302-03650-00001',1,'F',5,1980,81,'H',NULL,1,'SII_CSV'),
('01302-03650-00001',2,'C',5,1980,3,'H',NULL,1,'SII_CSV'),
('01302-03650-00002',1,'F',5,1980,70,'H',NULL,1,'SII_CSV'),
('01302-03651-00001',1,'F',4,1999,91,'Q',NULL,1,'SII_CSV'),
('01302-03651-00001',2,'F',5,1999,12,'O',NULL,1,'SII_CSV'),
('01302-03651-00001',3,'F',4,1999,15,'V',NULL,1,'SII_CSV'),
('01302-03651-00001',4,'F',5,1999,113,'V',NULL,1,'SII_CSV'),
('01302-03651-00002',1,'F',5,1980,84,'H',NULL,1,'SII_CSV'),
('01302-03651-00002',2,'C',5,1980,3,'H',NULL,1,'SII_CSV'),
('01302-03652-00001',1,'C',4,1999,243,'O',NULL,1,'SII_CSV'),
('01302-03652-00002',1,'F',5,1980,132,'H',NULL,1,'SII_CSV'),
('01302-03652-00003',1,'C',4,1999,83,'O',NULL,1,'SII_CSV'),
('01302-03653-00001',1,'F',5,1980,59,'H',NULL,1,'SII_CSV'),
('01302-03653-00001',2,'F',4,1980,60,'H',NULL,1,'SII_CSV'),
('01302-03653-00002',1,'F',5,1999,150,'H',NULL,1,'SII_CSV'),
('01302-03655-00001',1,'F',4,1998,66,'H',NULL,1,'SII_CSV'),
('01302-03655-00002',1,'F',5,1980,211,'H',NULL,1,'SII_CSV'),
('01302-03655-00003',1,'F',5,1980,62,'H',NULL,1,'SII_CSV'),
('01302-03655-00003',2,'C',5,1999,3,'H',NULL,1,'SII_CSV'),
('01302-03655-00004',1,'F',5,1980,64,'H',NULL,1,'SII_CSV'),
('01302-03657-00001',1,'F',5,1980,46,'H',NULL,1,'SII_CSV'),
('01302-03657-00002',1,'F',4,1999,14,'C',NULL,1,'SII_CSV'),
('01302-03657-00002',2,'F',4,1999,56,'H',NULL,1,'SII_CSV'),
('01302-03657-00002',3,'F',5,1980,26,'H',NULL,1,'SII_CSV'),
('01302-03657-00002',4,'C',5,1999,3,'H',NULL,1,'SII_CSV'),
('01302-03658-00001',1,'F',4,1999,187,'H',NULL,2,'SII_CSV'),
('01302-03658-00001',2,'F',5,1999,17,'H',NULL,1,'SII_CSV'),
('01302-03659-00001',1,'F',5,1980,80,'H',NULL,1,'SII_CSV'),
('01302-03659-00002',1,'F',5,1980,84,'H',NULL,1,'SII_CSV'),
('01302-03659-00003',1,'F',5,1980,76,'H',NULL,1,'SII_CSV'),
('01302-03660-00001',1,'F',5,1938,29,'H',NULL,1,'SII_CSV'),
('01302-03660-00002',1,'F',5,1980,140,'H',NULL,1,'SII_CSV'),
('01302-03660-00002',2,'C',5,1999,3,'H',NULL,1,'SII_CSV'),
('01302-03660-00003',1,'F',4,1980,53,'H',NULL,1,'SII_CSV'),
('01302-03660-00003',2,'F',5,1980,36,'H',NULL,1,'SII_CSV'),
('01302-03661-00001',1,'F',5,1999,256,'H',NULL,1,'SII_CSV'),
('01302-03661-00002',1,'F',5,1980,119,'H',NULL,1,'SII_CSV'),
('01302-03662-00001',1,'F',4,1980,69,'H',NULL,1,'SII_CSV'),
('01302-03662-00002',1,'F',5,1980,61,'H',NULL,1,'SII_CSV'),
('01302-03662-00003',1,'F',4,1980,68,'H',NULL,1,'SII_CSV'),
('01302-03662-00003',2,'F',5,1980,15,'H',NULL,1,'SII_CSV'),
('01302-03662-00003',3,'C',5,1999,3,'H',NULL,1,'SII_CSV'),
('01302-03662-00004',1,'F',5,1980,108,'H',NULL,1,'SII_CSV'),
('01302-03663-00001',1,'F',4,1999,121,'H',NULL,1,'SII_CSV'),
('01302-03663-00001',2,'F',5,1999,141,'H',NULL,1,'SII_CSV'),
('01302-03663-00003',1,'F',5,1980,46,'H',NULL,1,'SII_CSV'),
('01302-03663-00004',1,'F',5,1980,82,'H',NULL,1,'SII_CSV'),
('01302-03665-00001',1,'F',4,1999,78,'H',NULL,1,'SII_CSV'),
('01302-03665-00001',2,'C',4,1999,24,'V',NULL,1,'SII_CSV'),
('01302-03665-00002',1,'F',5,1980,119,'H',NULL,1,'SII_CSV'),
('01302-03666-00001',1,'F',5,1997,74,'H',NULL,1,'SII_CSV'),
('01302-03666-00002',1,'F',4,1995,50,'H',NULL,1,'SII_CSV'),
('01302-03666-00002',2,'F',5,1999,68,'H',NULL,1,'SII_CSV'),
('01302-03666-00002',3,'E',5,1999,3,'H',NULL,1,'SII_CSV'),
('01302-03666-00003',1,'GC',2,1999,674,'V',NULL,1,'SII_CSV'),
('01302-03666-00003',2,'C',4,1999,154,'O',NULL,1,'SII_CSV'),
('01302-03666-00003',3,'C',4,1999,44,'V',NULL,1,'SII_CSV'),
('01302-03667-00002',1,'F',5,1938,40,'H',NULL,1,'SII_CSV'),
('01302-03667-00003',1,'F',5,1940,29,'H',NULL,1,'SII_CSV'),
('01302-03667-00004',1,'F',5,1940,52,'H',NULL,1,'SII_CSV'),
('01302-03668-00001',1,'F',5,1980,32,'H',NULL,1,'SII_CSV'),
('01302-03668-00002',1,'F',5,1980,32,'H',NULL,1,'SII_CSV'),
('01302-03669-00001',1,'F',4,1998,81,'H',NULL,1,'SII_CSV'),
('01302-03669-00001',2,'F',5,1999,90,'H',NULL,1,'SII_CSV'),
('01302-03669-00002',1,'F',5,1980,113,'H',NULL,1,'SII_CSV'),
('01302-03669-00003',1,'F',5,1980,28,'H',NULL,1,'SII_CSV'),
('01302-03670-00001',1,'F',5,1996,110,'H',NULL,1,'SII_CSV'),
('01302-03670-00002',1,'F',5,1980,166,'H',NULL,1,'SII_CSV'),
('01302-03670-00003',1,'F',5,1996,12,'H',NULL,1,'SII_CSV'),
('01302-03670-00003',2,'F',4,1996,34,'H',NULL,1,'SII_CSV'),
('01302-03670-00003',3,'C',5,1996,3,'H',NULL,1,'SII_CSV'),
('01302-03671-00001',1,'F',5,1980,67,'H',NULL,1,'SII_CSV'),
('01302-03671-00001',2,'F',4,1980,116,'H',NULL,1,'SII_CSV'),
('01302-03671-00001',3,'C',5,1999,3,'H',NULL,1,'SII_CSV'),
('01302-03671-00004',1,'F',5,1980,17,'H',NULL,1,'SII_CSV'),
('01302-03671-00004',2,'F',5,2015,193,'H',NULL,1,'SII_CSV'),
('01302-03671-00004',3,'C',5,2015,8,'H',NULL,1,'SII_CSV'),
('01302-03672-00001',1,'F',5,1940,52,'H',NULL,1,'SII_CSV'),
('01302-03672-00001',2,'F',5,1999,152,'H',NULL,1,'SII_CSV'),
('01302-03672-00002',1,'F',5,1980,82,'H',NULL,1,'SII_CSV'),
('01302-03672-00002',2,'F',4,1984,23,'H',NULL,1,'SII_CSV'),
('01302-03672-00003',1,'F',5,1940,32,'H',NULL,1,'SII_CSV'),
('01302-03672-00003',2,'F',5,1984,24,'H',NULL,1,'SII_CSV'),
('01302-03672-00004',1,'F',5,1980,91,'H',NULL,1,'SII_CSV'),
('01302-03672-00006',1,'F',5,1980,24,'H',NULL,1,'SII_CSV'),
('01302-03672-00006',2,'F',4,1980,121,'H',NULL,1,'SII_CSV'),
('01302-03672-00006',3,'F',5,1980,56,'L',NULL,1,'SII_CSV'),
('01302-03676-00002',1,'F',5,1980,38,'H',NULL,1,'SII_CSV'),
('01302-03677-00001',1,'F',5,1999,245,'H',NULL,1,'SII_CSV'),
('01302-95139-00001',1,'C',5,1913,386,'V',NULL,1,'SII_CSV'),
('01302-95205-00001',1,'C',4,1913,958,'V',NULL,1,'SII_CSV'),
('01302-95205-00001',2,'GC',3,1913,278,'V',NULL,1,'SII_CSV'),
('01302-95205-00001',3,'F',5,1913,176,'V',NULL,1,'SII_CSV'),
('01302-95205-00001',4,'C',5,1913,28,'V',NULL,1,'SII_CSV'),
('01302-95205-00001',5,'E',5,1913,11,'V',NULL,1,'SII_CSV')
ON CONFLICT (rol, numero_construccion) DO UPDATE SET
  material_codigo       = EXCLUDED.material_codigo,
  calidad_codigo        = EXCLUDED.calidad_codigo,
  anio_construccion     = EXCLUDED.anio_construccion,
  sup_total_m2          = EXCLUDED.sup_total_m2,
  destino_construccion  = EXCLUDED.destino_construccion,
  condicion_especial    = EXCLUDED.condicion_especial,
  numero_pisos          = EXCLUDED.numero_pisos;

-- ─────────────────────────────────────────────────
-- A: BRTMPCATASA_2025_2_01302  |  CÓDIGO 01302
-- 118 filas
-- ─────────────────────────────────────────────────
INSERT INTO catastro.predios (
  rol, codigo_comuna, manzana, predio, direccion,
  avaluo_total_vigente, contribucion_semestre,
  destino_sii, avaluo_total_exento,
  cod_ubicacion, serie_predio, fuente_datos
) VALUES
('01302-03500-00075','01302','03500','00075','QDA.DE ALLANE PL 15202 - 3292 RUTA A 23',258568,NULL,'A',258568,'R','agricola','SII_CSV'),
('01302-03500-00076','01302','03500','00076','HUAYLAS ALCERRECA',672151,NULL,'A',672151,'R','agricola','SII_CSV'),
('01302-03510-00001','01302','03510','00001','PUCHUNI',1853067,NULL,'A',1853067,'R','agricola','SII_CSV'),
('01302-03510-00003','01302','03510','00003','EST COLPITA',2828406,NULL,'A',2828406,'R','agricola','SII_CSV'),
('01302-03510-00004','01302','03510','00004','EST PARCUMA',185307,NULL,'A',185307,'R','agricola','SII_CSV'),
('01302-03510-00007','01302','03510','00007','VOLCAN TACORA',16215,NULL,'A',16215,'R','agricola','SII_CSV'),
('01302-03510-00008','01302','03510','00008','POTOPATANE',2583585,NULL,'A',2583585,'R','agricola','SII_CSV'),
('01302-03510-00009','01302','03510','00009','PACOYO',3991193,NULL,'A',3991193,'R','agricola','SII_CSV'),
('01302-03510-00010','01302','03510','00010','TAIPHAYA',12828836,NULL,'A',12828836,'R','agricola','SII_CSV'),
('01302-03510-00012','01302','03510','00012','OYANASI',17817828,NULL,'A',17817828,'R','agricola','SII_CSV'),
('01302-03510-00013','01302','03510','00013','ESTANCIA AQUIRA ESTA AYRES',50709131,5240,'A',48089106,'R','agricola','SII_CSV'),
('01302-03510-00014','01302','03510','00014','PAMPUTA AYUNASI',45827476,NULL,'A',45827476,'R','agricola','SII_CSV'),
('01302-03510-00015','01302','03510','00015','ANCOCALANE AYA',2084700,NULL,'A',2084700,'R','agricola','SII_CSV'),
('01302-03510-00016','01302','03510','00016','ESTANCIA HOSPICIO',324287,NULL,'A',324287,'R','agricola','SII_CSV'),
('01302-03510-00017','01302','03510','00017','TACORA',1505617,NULL,'A',1505617,'R','agricola','SII_CSV'),
('01302-03510-00018','01302','03510','00018','FUNDO CAUTA',9924561,NULL,'A',9924561,'R','agricola','SII_CSV'),
('01302-03510-00021','01302','03510','00021','EST HUALYACAYE RESTO',15510598,NULL,'A',15510598,'R','agricola','SII_CSV'),
('01302-03510-00022','01302','03510','00022','PUCHINI',17817828,NULL,'A',17817828,'R','agricola','SII_CSV'),
('01302-03510-00023','01302','03510','00023','CHALLAPUJO - PUTANI',1001120,NULL,'A',1001120,'R','agricola','SII_CSV'),
('01302-03510-00024','01302','03510','00024','TRES CHUNOS',9087100,NULL,'A',9087100,'R','agricola','SII_CSV'),
('01302-03510-00025','01302','03510','00025','PASTAL TITIRE',30384085,NULL,'A',30384085,'R','agricola','SII_CSV'),
('01302-03510-00026','01302','03510','00026','AYRACOLLO',20668713,NULL,'A',20668713,'R','agricola','SII_CSV'),
('01302-03510-00027','01302','03510','00027','CHINCHILLANE',49742583,3308,'A',48089106,'R','agricola','SII_CSV'),
('01302-03510-00028','01302','03510','00028','ANCOLACANE X',19421481,NULL,'A',19421481,'R','agricola','SII_CSV'),
('01302-03510-00029','01302','03510','00029','VILUYO',43600224,NULL,'A',43600224,'R','agricola','SII_CSV'),
('01302-03510-00030','01302','03510','00030','ESTANCIA BOCATOMA',19633663,NULL,'A',19633663,'R','agricola','SII_CSV'),
('01302-03510-00031','01302','03510','00031','FUNDO CHEJNAMANI',11759799,NULL,'A',11759799,'R','agricola','SII_CSV'),
('01302-03510-00033','01302','03510','00033','TITINE',68283261,31300,'A',48089106,'R','agricola','SII_CSV'),
('01302-03510-00034','01302','03510','00034','EST PARCOMA',12472479,NULL,'A',12472479,'R','agricola','SII_CSV'),
('01302-03510-00035','01302','03510','00035','EST CHISLLANE',370613,NULL,'A',370613,'R','agricola','SII_CSV'),
('01302-03510-00036','01302','03510','00036','CHURO ESTANCIA CHURA VISVIRE RESTO',19623525,NULL,'A',19623525,'R','agricola','SII_CSV'),
('01302-03510-00037','01302','03510','00037','LAGUNA BLANCA',53453483,10730,'A',48089106,'R','agricola','SII_CSV'),
('01302-03510-00038','01302','03510','00038','ANCOMARCA GRAL LAGOS',81244269,66310,'A',48089106,'R','agricola','SII_CSV'),
('01302-03510-00039','01302','03510','00039','EST ACHAMOCO',1853067,NULL,'A',1853067,'R','agricola','SII_CSV'),
('01302-03510-00040','01302','03510','00040','EST ANCOMARCA',17817828,NULL,'A',17817828,'R','agricola','SII_CSV'),
('01302-03510-00042','01302','03510','00042','EST COLPITAS',231634,NULL,'A',231634,'R','agricola','SII_CSV'),
('01302-03510-00044','01302','03510','00044','E CABERQUILLIN',231634,NULL,'A',231634,'R','agricola','SII_CSV'),
('01302-03510-00045','01302','03510','00045','ESTANCIA QUEOLLERE',921657,NULL,'A',921657,'R','agricola','SII_CSV'),
('01302-03510-00047','01302','03510','00047','AZUF CALIENTES',115816,NULL,'A',115816,'R','agricola','SII_CSV'),
('01302-03510-00049','01302','03510','00049','FUNDO CANTUTANI',4882098,NULL,'A',4882098,'R','agricola','SII_CSV'),
('01302-03510-00050','01302','03510','00050','EST BACOLLA',8962369,NULL,'A',8962369,'R','agricola','SII_CSV'),
('01302-03510-00051','01302','03510','00051','EST CANTUTANE CHUR',4882098,NULL,'A',4882098,'R','agricola','SII_CSV'),
('01302-03510-00052','01302','03510','00052','PUTANI',34014233,NULL,'A',34014233,'R','agricola','SII_CSV'),
('01302-03510-00055','01302','03510','00055','PASTAL ACHACOYO LT 10',28696183,NULL,'A',28696183,'R','agricola','SII_CSV'),
('01302-03510-00057','01302','03510','00057','PASTAL AIRO CHISLLUMA LT 3',26570937,NULL,'A',26570937,'R','agricola','SII_CSV'),
('01302-03510-00058','01302','03510','00058','PASTAL CHISLLUMA LT 04',22281726,NULL,'A',22281726,'R','agricola','SII_CSV'),
('01302-03510-00059','01302','03510','00059','CHISLLUMA CHALLAPUJO PUCURI Y OTROS',20761321,NULL,'A',20761321,'R','agricola','SII_CSV'),
('01302-03510-00061','01302','03510','00061','LAGUNA CHURO Y OTROS',35198521,NULL,'A',35198521,'R','agricola','SII_CSV'),
('01302-03510-00062','01302','03510','00062','PASTAL COPAPUJIO',13588502,NULL,'A',13588502,'R','agricola','SII_CSV'),
('01302-03510-00063','01302','03510','00063','CARIPINA V INDUS',37347297,NULL,'A',37347297,'R','agricola','SII_CSV'),
('01302-03510-00064','01302','03510','00064','PASTAL SURAPALCA LT 10',41496975,NULL,'A',41496975,'R','agricola','SII_CSV'),
('01302-03510-00066','01302','03510','00066','PASTAL PUCHINI',26123684,NULL,'A',26123684,'R','agricola','SII_CSV'),
('01302-03510-00067','01302','03510','00067','ESTANCIA CABOTA',8812578,NULL,'A',8812578,'R','agricola','SII_CSV'),
('01302-03510-00068','01302','03510','00068','TACORA V INDUSTRIAL',329163,NULL,'A',329163,'R','agricola','SII_CSV'),
('01302-03510-00069','01302','03510','00069','HUMAPALCA',10803238,NULL,'A',10803238,'R','agricola','SII_CSV'),
('01302-03510-00070','01302','03510','00070','EST COLPACHUNCHO',3291632,NULL,'A',3291632,'R','agricola','SII_CSV'),
('01302-03510-00073','01302','03510','00073','VISVIRE',72584357,38280,'A',48089106,'R','agricola','SII_CSV'),
('01302-03510-00074','01302','03510','00074','ESTANCIA TITIRI V INDUS',394996,NULL,'A',394996,'R','agricola','SII_CSV'),
('01302-03510-00075','01302','03510','00075','PASTAL POCOCAGUA',1316653,NULL,'A',1316653,'R','agricola','SII_CSV'),
('01302-03510-00076','01302','03510','00076','ESTANCIA VISVIRI',18642040,NULL,'A',18642040,'R','agricola','SII_CSV'),
('01302-03510-00077','01302','03510','00077','ESTANCIA CHAPUMA',1316653,NULL,'A',1316653,'R','agricola','SII_CSV'),
('01302-03510-00078','01302','03510','00078','CHANTACOLLO',219443,NULL,'A',219443,'R','agricola','SII_CSV'),
('01302-03510-00079','01302','03510','00079','COM PUTANI',121030185,145882,'A',48089106,'R','agricola','SII_CSV'),
('01302-03510-00080','01302','03510','00080','CHISLLUMA V INDUS',19638308,NULL,'A',19638308,'R','agricola','SII_CSV'),
('01302-03510-00084','01302','03510','00084','EST PARCOMA',1448318,NULL,'A',1448318,'R','agricola','SII_CSV'),
('01302-03510-00086','01302','03510','00086','ESTANCIA STA. CRUZ CAAMANA',149557526,202938,'A',48089106,'R','agricola','SII_CSV'),
('01302-03510-00087','01302','03510','00087','PUTANI',1404430,NULL,'A',1404430,'R','agricola','SII_CSV'),
('01302-03510-00088','01302','03510','00088','HUMAQUILCA COSAPILLA RESTO',23218547,NULL,'A',23218547,'R','agricola','SII_CSV'),
('01302-03510-00089','01302','03510','00089','CASCABILLANE',40258913,NULL,'A',40258913,'R','agricola','SII_CSV'),
('01302-03510-00092','01302','03510','00092','CHILLANE PL I- 3 - 1625 -CR VISVIRI',65872770,31300,'A',48089106,'R','agricola','SII_CSV'),
('01302-03510-00093','01302','03510','00093','CHALLAPUJO LT ABCD PL.I- 3 - 1516 SR',32260019,NULL,'A',32260019,'R','agricola','SII_CSV'),
('01302-03510-00097','01302','03510','00097','CHISLLUMA VIEJO LT ABCDE PL.I- 3 - 1516',42679381,NULL,'A',42679381,'R','agricola','SII_CSV'),
('01302-03510-00102','01302','03510','00102','PUXUMA PL 15202 - 547 -CR LOTE A-B-C',26667141,NULL,'A',26667141,'R','agricola','SII_CSV'),
('01302-03510-00112','01302','03510','00112','PUCURI PL I- 3 - 1516 -S.R. LT A-B-C-E-F',26116108,NULL,'A',26116108,'R','agricola','SII_CSV'),
('01302-03510-00119','01302','03510','00119','HUMAPALCA-PREDIO TITIRE-LT A - 15202 - 3',98542958,100908,'A',48089106,'R','agricola','SII_CSV'),
('01302-03510-00121','01302','03510','00121','ILAVE 15202 - 3290 -SRLT.A ANCOMARCA',3819306,NULL,'A',3819306,'R','agricola','SII_CSV'),
('01302-03510-00122','01302','03510','00122','ILAVE 15202 - 3290 -SRLT.B ANCOMARCA',7950506,NULL,'A',7950506,'R','agricola','SII_CSV'),
('01302-03510-00123','01302','03510','00123','ILAVE 15202 - 3290 -SRLT.C ANCOMARCA',13116859,NULL,'A',13116859,'R','agricola','SII_CSV'),
('01302-03510-00124','01302','03510','00124','PAMPUTA PL 15202 - 459 -SRLT- 1 TACORAV.',35773506,NULL,'A',35773506,'R','agricola','SII_CSV'),
('01302-03600-00001','01302','03600','00001','STA CRUZ CAMAN',17903353,NULL,'A',17903353,'R','agricola','SII_CSV'),
('01302-03600-00002','01302','03600','00002','CORO CORO COSAPILLA',92949009,NULL,'A',92949009,'R','agricola','SII_CSV'),
('01302-03600-00003','01302','03600','00003','QUILLUTA PL 15202 - 462 -SR COSAPILLA',49713353,3248,'A',48089106,'R','agricola','SII_CSV'),
('01302-03600-00004','01302','03600','00004','GUARIMACATA COLPITA',44563263,NULL,'A',44563263,'R','agricola','SII_CSV'),
('01302-03600-00005','01302','03600','00005','COSAPILLA',694900,NULL,'A',694900,'R','agricola','SII_CSV'),
('01302-03600-00006','01302','03600','00006','CRUZ VILQUE RESTO',30192309,NULL,'A',30192309,'R','agricola','SII_CSV'),
('01302-03600-00007','01302','03600','00007','COTANE',21381393,NULL,'A',21381393,'R','agricola','SII_CSV'),
('01302-03600-00008','01302','03600','00008','COPATANGA',16036045,NULL,'A',16036045,'R','agricola','SII_CSV'),
('01302-03600-00009','01302','03600','00009','CHUGRANAUTA',2909315,NULL,'A',2909315,'R','agricola','SII_CSV'),
('01302-03600-00011','01302','03600','00011','ANCOPUJO',13964544,NULL,'A',13964544,'R','agricola','SII_CSV'),
('01302-03600-00012','01302','03600','00012','LIMANI',5345348,NULL,'A',5345348,'R','agricola','SII_CSV'),
('01302-03600-00013','01302','03600','00013','JAPOHUMA Y TACOHUMA',3563566,NULL,'A',3563566,'R','agricola','SII_CSV'),
('01302-03600-00014','01302','03600','00014','IQUILLA',5933336,NULL,'A',5933336,'R','agricola','SII_CSV'),
('01302-03600-00015','01302','03600','00015','CHUJLLUTA',1834602,NULL,'A',1834602,'R','agricola','SII_CSV'),
('01302-03600-00016','01302','03600','00016','CHILULA SECTOR COLPITAS',85525573,61424,'A',48089106,'R','agricola','SII_CSV'),
('01302-03600-00017','01302','03600','00017','CHILULA COLPITAS RESTO',71256166,31300,'A',48089106,'R','agricola','SII_CSV'),
('01302-03600-00018','01302','03600','00018','CHACAPALLA COLPITA',28508524,NULL,'A',28508524,'R','agricola','SII_CSV'),
('01302-03600-00019','01302','03600','00019','NASAHUENTO',100982524,105788,'A',48089106,'R','agricola','SII_CSV'),
('01302-03600-00020','01302','03600','00020','PAYROMANA',49889918,3602,'A',48089106,'R','agricola','SII_CSV'),
('01302-03600-00021','01302','03600','00021','ACANQUILLANE RESTO',541840,NULL,'A',541840,'R','agricola','SII_CSV'),
('01302-03600-00022','01302','03600','00022','COPATANCA',32402610,NULL,'A',32402610,'R','agricola','SII_CSV'),
('01302-03600-00023','01302','03600','00023','CHOQUEANONTA',13363371,NULL,'A',13363371,'R','agricola','SII_CSV'),
('01302-03600-00024','01302','03600','00024','GUACOLLO QUINZAPUJO',17105115,NULL,'A',17105115,'R','agricola','SII_CSV'),
('01302-03600-00027','01302','03600','00027','GUACOLLO',138672750,181168,'A',48089106,'R','agricola','SII_CSV'),
('01302-03600-00028','01302','03600','00028','HOMAQUILCA RESTO',87183147,68652,'A',48089106,'R','agricola','SII_CSV'),
('01302-03600-00029','01302','03600','00029','PASTAL PILLASALLA',94714018,87016,'A',48089106,'R','agricola','SII_CSV'),
('01302-03600-00030','01302','03600','00030','JAILLAVE POSYASPE',20332020,NULL,'A',20332020,'R','agricola','SII_CSV'),
('01302-03600-00031','01302','03600','00031','CHALLUMA',1755537,NULL,'A',1755537,'R','agricola','SII_CSV'),
('01302-03600-00032','01302','03600','00032','VISVIRI',1579984,NULL,'A',1579984,'R','agricola','SII_CSV'),
('01302-03600-00033','01302','03600','00033','CHILULA',4213289,NULL,'A',4213289,'R','agricola','SII_CSV'),
('01302-03600-00038','01302','03600','00038','COSAPILLA PUCARA',2414,NULL,'A',2414,'R','agricola','SII_CSV'),
('01302-03600-00040','01302','03600','00040','ESTANCIA TIA COLPA',51087441,5998,'A',48089106,'R','agricola','SII_CSV'),
('01302-03600-00041','01302','03600','00041','HUMAQUILCA LOTE A Y B PL 15202 - 184 -CR',21820439,NULL,'A',21820439,'R','agricola','SII_CSV'),
('01302-03600-00047','01302','03600','00047','COLPITAS PL 15202 - 1234 -CR',1853429,NULL,'A',1853429,'R','agricola','SII_CSV'),
('01302-03600-00061','01302','03600','00061','CHUQUIANANTA 15202 - 3430 -SRLT.A',837832,NULL,'A',837832,'R','agricola','SII_CSV'),
('01302-03600-00062','01302','03600','00062','CHUQUIANANTA 15202 - 3430 -SRLT.B',7384992,NULL,'A',7384992,'R','agricola','SII_CSV'),
('01302-03600-00063','01302','03600','00063','CHUQUIANANTA 15202 - 3430 -SRLT.C',1314424,NULL,'A',1314424,'R','agricola','SII_CSV'),
('01302-03600-00064','01302','03600','00064','CHUQUIANANTA 15202 - 3430 -SRLT.D',33319492,NULL,'A',33319492,'R','agricola','SII_CSV'),
('01302-03600-00065','01302','03600','00065','CHUQUIANANTA 15202 - 3430 -SRLT.E',10774450,NULL,'A',10774450,'R','agricola','SII_CSV')
ON CONFLICT (rol) DO UPDATE SET
  avaluo_total_vigente = EXCLUDED.avaluo_total_vigente,
  contribucion_semestre = EXCLUDED.contribucion_semestre,
  destino_sii          = EXCLUDED.destino_sii,
  avaluo_total_exento  = EXCLUDED.avaluo_total_exento,
  cod_ubicacion        = EXCLUDED.cod_ubicacion,
  fuente_datos         = 'SII_CSV',
  fecha_actualizacion  = now();

-- ─────────────────────────────────────────────────
-- AL: BRTMPCATASAL_2025_2_01302  |  CÓDIGO 01302
-- 173 filas
-- ─────────────────────────────────────────────────
INSERT INTO catastro.suelos_agricolas (
  rol, cod_suelo, sup_ha, fuente_datos
) VALUES
('01302-03500-00075','4',1.38,'SII_CSV'),
('01302-03500-00076','7',30.63,'SII_CSV'),
('01302-03510-00001','6',40.00,'SII_CSV'),
('01302-03510-00003','7',117.47,'SII_CSV'),
('01302-03510-00004','6',4.00,'SII_CSV'),
('01302-03510-00007','7',0.70,'SII_CSV'),
('01302-03510-00008','8',145.00,'SII_CSV'),
('01302-03510-00009','8',224.00,'SII_CSV'),
('01302-03510-00010','8',720.00,'SII_CSV'),
('01302-03510-00012','8',1000.00,'SII_CSV'),
('01302-03510-00013','6',70.00,'SII_CSV'),
('01302-03510-00013','7',1182.75,'SII_CSV'),
('01302-03510-00013','8',1284.50,'SII_CSV'),
('01302-03510-00014','6',70.00,'SII_CSV'),
('01302-03510-00014','8',2390.00,'SII_CSV'),
('01302-03510-00015','6',45.00,'SII_CSV'),
('01302-03510-00016','6',7.00,'SII_CSV'),
('01302-03510-00017','6',32.50,'SII_CSV'),
('01302-03510-00018','7',190.00,'SII_CSV'),
('01302-03510-00018','8',310.00,'SII_CSV'),
('01302-03510-00021','8',870.51,'SII_CSV'),
('01302-03510-00022','8',1000.00,'SII_CSV'),
('01302-03510-00023','6',21.61,'SII_CSV'),
('01302-03510-00024','7',50.00,'SII_CSV'),
('01302-03510-00024','8',445.00,'SII_CSV'),
('01302-03510-00025','8',2160.00,'SII_CSV'),
('01302-03510-00026','7',200.00,'SII_CSV'),
('01302-03510-00026','8',900.00,'SII_CSV'),
('01302-03510-00027','7',997.04,'SII_CSV'),
('01302-03510-00027','8',1495.57,'SII_CSV'),
('01302-03510-00028','7',300.00,'SII_CSV'),
('01302-03510-00028','8',700.00,'SII_CSV'),
('01302-03510-00029','8',2447.00,'SII_CSV'),
('01302-03510-00030','7',349.26,'SII_CSV'),
('01302-03510-00030','8',647.87,'SII_CSV'),
('01302-03510-00031','7',200.00,'SII_CSV'),
('01302-03510-00031','8',400.00,'SII_CSV'),
('01302-03510-00033','8',3832.30,'SII_CSV'),
('01302-03510-00034','8',700.00,'SII_CSV'),
('01302-03510-00035','6',8.00,'SII_CSV'),
('01302-03510-00036','7',349.93,'SII_CSV'),
('01302-03510-00036','8',646.43,'SII_CSV'),
('01302-03510-00037','8',3000.00,'SII_CSV'),
('01302-03510-00038','7',1969.00,'SII_CSV'),
('01302-03510-00038','8',2000.00,'SII_CSV'),
('01302-03510-00039','7',80.00,'SII_CSV'),
('01302-03510-00040','8',1000.00,'SII_CSV'),
('01302-03510-00042','7',10.00,'SII_CSV'),
('01302-03510-00044','7',10.00,'SII_CSV'),
('01302-03510-00045','7',42.00,'SII_CSV'),
('01302-03510-00047','7',5.00,'SII_CSV'),
('01302-03510-00049','7',80.00,'SII_CSV'),
('01302-03510-00049','8',170.00,'SII_CSV'),
('01302-03510-00050','7',10.00,'SII_CSV'),
('01302-03510-00050','8',490.00,'SII_CSV'),
('01302-03510-00051','7',80.00,'SII_CSV'),
('01302-03510-00051','8',170.00,'SII_CSV'),
('01302-03510-00052','8',1909.00,'SII_CSV'),
('01302-03510-00055','7',800.00,'SII_CSV'),
('01302-03510-00055','8',1000.00,'SII_CSV'),
('01302-03510-00057','7',500.00,'SII_CSV'),
('01302-03510-00057','8',543.00,'SII_CSV'),
('01302-03510-00058','7',500.00,'SII_CSV'),
('01302-03510-00058','8',934.00,'SII_CSV'),
('01302-03510-00059','7',455.25,'SII_CSV'),
('01302-03510-00059','8',884.09,'SII_CSV'),
('01302-03510-00061','6',802.00,'SII_CSV'),
('01302-03510-00062','7',500.00,'SII_CSV'),
('01302-03510-00062','8',316.00,'SII_CSV'),
('01302-03510-00063','7',1500.00,'SII_CSV'),
('01302-03510-00063','8',705.00,'SII_CSV'),
('01302-03510-00064','7',1500.00,'SII_CSV'),
('01302-03510-00064','8',1000.00,'SII_CSV'),
('01302-03510-00066','7',802.00,'SII_CSV'),
('01302-03510-00066','8',505.00,'SII_CSV'),
('01302-03510-00067','7',401.59,'SII_CSV'),
('01302-03510-00068','7',15.00,'SII_CSV'),
('01302-03510-00069','7',50.00,'SII_CSV'),
('01302-03510-00069','8',575.00,'SII_CSV'),
('01302-03510-00070','7',150.00,'SII_CSV'),
('01302-03510-00073','7',1000.00,'SII_CSV'),
('01302-03510-00073','8',3000.00,'SII_CSV'),
('01302-03510-00074','7',18.00,'SII_CSV'),
('01302-03510-00075','7',60.00,'SII_CSV'),
('01302-03510-00076','7',349.80,'SII_CSV'),
('01302-03510-00076','8',649.64,'SII_CSV'),
('01302-03510-00077','7',60.00,'SII_CSV'),
('01302-03510-00078','7',10.00,'SII_CSV'),
('01302-03510-00079','7',1600.00,'SII_CSV'),
('01302-03510-00079','8',5090.00,'SII_CSV'),
('01302-03510-00080','7',400.00,'SII_CSV'),
('01302-03510-00080','8',643.40,'SII_CSV'),
('01302-03510-00084','7',66.00,'SII_CSV'),
('01302-03510-00086','7',2000.00,'SII_CSV'),
('01302-03510-00086','8',6260.00,'SII_CSV'),
('01302-03510-00087','7',64.00,'SII_CSV'),
('01302-03510-00088','6',133.75,'SII_CSV'),
('01302-03510-00088','8',1027.75,'SII_CSV'),
('01302-03510-00089','8',2385.00,'SII_CSV'),
('01302-03510-00092','8',2896.63,'SII_CSV'),
('01302-03510-00093','6',506.39,'SII_CSV'),
('01302-03510-00093','8',594.51,'SII_CSV'),
('01302-03510-00097','6',507.76,'SII_CSV'),
('01302-03510-00097','8',596.07,'SII_CSV'),
('01302-03510-00102','7',400.00,'SII_CSV'),
('01302-03510-00102','8',867.14,'SII_CSV'),
('01302-03510-00112','7',569.75,'SII_CSV'),
('01302-03510-00112','8',1115.91,'SII_CSV'),
('01302-03510-00119','7',1606.74,'SII_CSV'),
('01302-03510-00119','8',3749.06,'SII_CSV'),
('01302-03510-00121','7',62.27,'SII_CSV'),
('01302-03510-00121','8',145.31,'SII_CSV'),
('01302-03510-00122','7',129.63,'SII_CSV'),
('01302-03510-00122','8',302.48,'SII_CSV'),
('01302-03510-00123','7',213.87,'SII_CSV'),
('01302-03510-00123','8',499.03,'SII_CSV'),
('01302-03510-00124','6',387.76,'SII_CSV'),
('01302-03510-00124','8',1534.95,'SII_CSV'),
('01302-03600-00001','8',1004.80,'SII_CSV'),
('01302-03600-00002','7',2140.31,'SII_CSV'),
('01302-03600-00002','8',2724.02,'SII_CSV'),
('01302-03600-00003','7',1051.82,'SII_CSV'),
('01302-03600-00003','8',1577.72,'SII_CSV'),
('01302-03600-00004','4R',20.00,'SII_CSV'),
('01302-03600-00004','8',340.00,'SII_CSV'),
('01302-03600-00005','7',30.00,'SII_CSV'),
('01302-03600-00006','8',1694.50,'SII_CSV'),
('01302-03600-00007','8',1200.00,'SII_CSV'),
('01302-03600-00008','8',900.00,'SII_CSV'),
('01302-03600-00009','6',62.80,'SII_CSV'),
('01302-03600-00011','8',783.74,'SII_CSV'),
('01302-03600-00012','8',300.00,'SII_CSV'),
('01302-03600-00013','8',200.00,'SII_CSV'),
('01302-03600-00014','8',333.00,'SII_CSV'),
('01302-03600-00015','7',42.78,'SII_CSV'),
('01302-03600-00015','8',47.35,'SII_CSV'),
('01302-03600-00016','8',4800.00,'SII_CSV'),
('01302-03600-00017','8',3999.15,'SII_CSV'),
('01302-03600-00018','8',1600.00,'SII_CSV'),
('01302-03600-00019','7',1559.85,'SII_CSV'),
('01302-03600-00019','8',3639.68,'SII_CSV'),
('01302-03600-00020','8',2800.00,'SII_CSV'),
('01302-03600-00021','8',30.41,'SII_CSV'),
('01302-03600-00022','8',1818.55,'SII_CSV'),
('01302-03600-00023','8',750.00,'SII_CSV'),
('01302-03600-00024','8',960.00,'SII_CSV'),
('01302-03600-00027','7',800.00,'SII_CSV'),
('01302-03600-00027','8',7175.18,'SII_CSV'),
('01302-03600-00028','7',421.10,'SII_CSV'),
('01302-03600-00028','8',4617.43,'SII_CSV'),
('01302-03600-00029','7',470.00,'SII_CSV'),
('01302-03600-00029','8',5000.00,'SII_CSV'),
('01302-03600-00030','7',15.00,'SII_CSV'),
('01302-03600-00030','8',1185.00,'SII_CSV'),
('01302-03600-00031','7',80.00,'SII_CSV'),
('01302-03600-00032','7',72.00,'SII_CSV'),
('01302-03600-00033','6',96.00,'SII_CSV'),
('01302-03600-00038','7',0.11,'SII_CSV'),
('01302-03600-00040','7',1024.00,'SII_CSV'),
('01302-03600-00040','8',1536.00,'SII_CSV'),
('01302-03600-00041','7',76.54,'SII_CSV'),
('01302-03600-00041','8',880.21,'SII_CSV'),
('01302-03600-00047','8',109.80,'SII_CSV'),
('01302-03600-00061','7',12.94,'SII_CSV'),
('01302-03600-00061','8',30.20,'SII_CSV'),
('01302-03600-00062','7',114.07,'SII_CSV'),
('01302-03600-00062','8',266.18,'SII_CSV'),
('01302-03600-00063','7',20.30,'SII_CSV'),
('01302-03600-00063','8',47.38,'SII_CSV'),
('01302-03600-00064','7',514.68,'SII_CSV'),
('01302-03600-00064','8',1200.92,'SII_CSV'),
('01302-03600-00065','7',166.43,'SII_CSV'),
('01302-03600-00065','8',388.34,'SII_CSV')
ON CONFLICT (rol, cod_suelo) DO UPDATE SET
  sup_ha = EXCLUDED.sup_ha;

-- ─────────────────────────────────────────────────
-- Registro en catastro.importaciones
-- ─────────────────────────────────────────────────
INSERT INTO catastro.importaciones
  (codigo_comuna, nombre_comuna, archivo_fuente, tipo_archivo,
   total_registros, fecha_importacion, estado, error_msg)
VALUES
('01302', 'CÓDIGO 01302', 'BRTMPCATASN_2025_2_01302', 'N', 221, '2026-03-19T19:34:16.628751', 'completado', NULL),
('01302', 'CÓDIGO 01302', 'BRTMPCATASNL_2025_2_01302', 'NL', 202, '2026-03-19T19:34:16.628751', 'completado', NULL),
('01302', 'CÓDIGO 01302', 'BRTMPCATASA_2025_2_01302', 'A', 118, '2026-03-19T19:34:16.628751', 'completado', NULL),
('01302', 'CÓDIGO 01302', 'BRTMPCATASAL_2025_2_01302', 'AL', 173, '2026-03-19T19:34:16.628751', 'completado', NULL);

COMMIT;
-- ══ FIN DE INGESTIÓN ══
