-- ══════════════════════════════════════════════════════════════
-- SNRI — Ingestión Catastral SII
-- Generado : 2026-03-19 16:37:28
-- Comuna(s): 05308 CÓDIGO 05308
-- Archivos :
--   BRTMPCATASN_2025_2_05308
--   BRTMPCATASNL_2025_2_05308
--   BRTMPCATASA_2025_2_05308
--   BRTMPCATASAL_2025_2_05308
-- ══════════════════════════════════════════════════════════════

SET search_path TO catastro, public;
BEGIN;

-- DDL auxiliar

-- Tabla auxiliar para suelos agrícolas (si no existe)
CREATE TABLE IF NOT EXISTS catastro.suelos_agricolas (
    id          uuid PRIMARY KEY DEFAULT gen_random_uuid(),
    rol         text NOT NULL,
    cod_suelo   text NOT NULL,
    sup_ha      numeric(12,2),
    fuente_datos text,
    created_at  timestamptz DEFAULT now(),
    CONSTRAINT fk_suelos_predio FOREIGN KEY (rol)
        REFERENCES catastro.predios(rol) ON DELETE CASCADE
);
CREATE UNIQUE INDEX IF NOT EXISTS uq_suelos_rol_cod
    ON catastro.suelos_agricolas(rol, cod_suelo);


-- ─────────────────────────────────────────────────
-- N: BRTMPCATASN_2025_2_05308  |  CÓDIGO 05308
-- 456 filas
-- ─────────────────────────────────────────────────
INSERT INTO catastro.predios (
  rol, codigo_comuna, manzana, predio, direccion,
  avaluo_total_vigente, contribucion_semestre, destino_sii,
  avaluo_total_exento, bc1_rol, bc2_rol,
  sup_terreno_m2, cod_ubicacion, rol_padre,
  serie_predio, fuente_datos
) VALUES
('05308-00001-00001','05308','00001','00001','DRESDEN MZ 1 LT 1',45070921,NULL,'W',45070921,NULL,NULL,2739,'U',NULL,'no_agricola','SII_CSV'),
('05308-00001-00002','05308','00001','00002','DRESDEN MZ 1 LT 2',22763091,NULL,'W',22763091,NULL,NULL,1245,'U',NULL,'no_agricola','SII_CSV'),
('05308-00001-00004','05308','00001','00004','DRESDEN MZ 1 ST 4',15522783,192872,'W',NULL,NULL,NULL,849,'U',NULL,'no_agricola','SII_CSV'),
('05308-00001-00006','05308','00001','00006','DRESDEN 78 ST 6',12323152,153116,'W',NULL,NULL,NULL,674,'U',NULL,'no_agricola','SII_CSV'),
('05308-00001-00007','05308','00001','00007','DRESDEN 90 ST 7',22372145,NULL,'H',22372145,NULL,NULL,624,'U',NULL,'no_agricola','SII_CSV'),
('05308-00001-00008','05308','00001','00008','DRESDEN 98 ST 8',24776193,NULL,'H',24776193,NULL,NULL,850,'U',NULL,'no_agricola','SII_CSV'),
('05308-00001-00010','05308','00001','00010','LARRAIN ALCALDE 12 ST 10',98265773,NULL,'H',98265773,NULL,NULL,775,'U',NULL,'no_agricola','SII_CSV'),
('05308-00001-00011','05308','00001','00011','LARRAIN ALCALDE MZ 1 ST 11',71570888,NULL,'H',71570888,NULL,NULL,653,'U',NULL,'no_agricola','SII_CSV'),
('05308-00001-00012','05308','00001','00012','LARRAIN ALCALDE 66 ST 12',88554636,NULL,'H',88554636,NULL,NULL,662,'U',NULL,'no_agricola','SII_CSV'),
('05308-00001-00013','05308','00001','00013','LARRAIN ALCALDE 88 ST 13 MZ',152403037,NULL,'V',152403037,NULL,NULL,809,'U',NULL,'no_agricola','SII_CSV'),
('05308-00001-00015','05308','00001','00015','LARRAIN ALCALDE S/N ST 15',50900104,NULL,'V',50900104,NULL,NULL,312,'U',NULL,'no_agricola','SII_CSV'),
('05308-00001-00018','05308','00001','00018','PASAJE LA REINA S/N MZ 1 ST 18',14362035,NULL,'H',14362035,NULL,NULL,224,'U',NULL,'no_agricola','SII_CSV'),
('05308-00001-00019','05308','00001','00019','PASAJE LA REINA S/N MZ 1 ST 19',5082843,63156,'W',NULL,NULL,NULL,278,'U',NULL,'no_agricola','SII_CSV'),
('05308-00001-00020','05308','00001','00020','LA POLVORA 230 ST 20',5485082,68154,'W',NULL,NULL,NULL,300,'U',NULL,'no_agricola','SII_CSV'),
('05308-00001-00022','05308','00001','00022','PSJ LA REINA 106',10614656,NULL,'H',10614656,NULL,NULL,195,'U',NULL,'no_agricola','SII_CSV'),
('05308-00001-00023','05308','00001','00023','CALLE LA POLVORA ST. 23 MZ 1',11276998,NULL,'H',11276998,NULL,NULL,407,'U',NULL,'no_agricola','SII_CSV'),
('05308-00001-00024','05308','00001','00024','PSJ LA REINA 108',8507215,NULL,'H',8507215,NULL,NULL,247,'U',NULL,'no_agricola','SII_CSV'),
('05308-00001-00025','05308','00001','00025','LA POLVORA MZ 1 ST 25',6783218,84284,'W',NULL,NULL,NULL,371,'U',NULL,'no_agricola','SII_CSV'),
('05308-00001-00027','05308','00001','00027','LA POLVORA MZ 1 ST 27',14791439,183786,'W',NULL,NULL,NULL,809,'U',NULL,'no_agricola','SII_CSV'),
('05308-00001-00028','05308','00001','00028','CALLE DEL REY ST. 28',18386140,NULL,'H',18386140,NULL,NULL,840,'U',NULL,'no_agricola','SII_CSV'),
('05308-00001-00029','05308','00001','00029','ESTERO LA REINA MZ 1 ST 29 A',22415042,NULL,'H',22415042,NULL,NULL,1103,'U',NULL,'no_agricola','SII_CSV'),
('05308-00001-00031','05308','00001','00031','PSJ LA REINA 68 ST 31',21091163,NULL,'H',21091163,NULL,NULL,960,'U',NULL,'no_agricola','SII_CSV'),
('05308-00002-00004','05308','00002','00004','LA POLVORA 120',11800357,NULL,'H',11800357,NULL,NULL,344,'U',NULL,'no_agricola','SII_CSV'),
('05308-00002-00007','05308','00002','00007','ALFRED VON RODT SN',31039167,NULL,'W',31039167,NULL,NULL,1787,'U',NULL,'no_agricola','SII_CSV'),
('05308-00002-00008','05308','00002','00008','DRESDEN MZ 2 ST 8',14682178,NULL,'H',14682178,NULL,NULL,507,'U',NULL,'no_agricola','SII_CSV'),
('05308-00002-00010','05308','00002','00010','DRESDEN MZ 2 ST 10',17789950,221040,'W',NULL,NULL,NULL,973,'U',NULL,'no_agricola','SII_CSV'),
('05308-00003-00001','05308','00003','00001','LA POLVORA MZ 3 LT 1',24454142,NULL,'W',24454142,NULL,NULL,1351,'U',NULL,'no_agricola','SII_CSV'),
('05308-00003-00002','05308','00003','00002','LA POLVORA S/N MZ 3 LT 2',20000155,106702,'L',NULL,NULL,NULL,840,'U',NULL,'no_agricola','SII_CSV'),
('05308-00003-00003','05308','00003','00003','EL CASTILLO 92',22518880,117898,'C',NULL,NULL,NULL,120,'U',NULL,'no_agricola','SII_CSV'),
('05308-00003-00004','05308','00003','00004','ROBINSON CRUSOE MZ 3 LT 2 A',10385089,NULL,'W',10385089,NULL,NULL,568,'U',NULL,'no_agricola','SII_CSV'),
('05308-00003-00005','05308','00003','00005','EL CASTILLO 5 LT 3',19581744,NULL,'W',19581744,NULL,NULL,1071,'U',NULL,'no_agricola','SII_CSV'),
('05308-00003-00006','05308','00003','00006','ROBINSON CRUSOE MZ 3 LT 3 A',37506008,NULL,'V',37506008,NULL,NULL,107,'U',NULL,'no_agricola','SII_CSV'),
('05308-00003-00007','05308','00003','00007','ROBINSON CRUSOE MZ 3 LT 3 B',99284959,NULL,'V',99284959,NULL,NULL,99,'U',NULL,'no_agricola','SII_CSV'),
('05308-00003-00008','05308','00003','00008','EL CASTILLO 60',7724855,NULL,'V',7724855,NULL,NULL,136,'U',NULL,'no_agricola','SII_CSV'),
('05308-00003-00009','05308','00003','00009','ROBINSON CRUSOE S/N',3844564,20512,'C',NULL,NULL,NULL,25,'U',NULL,'no_agricola','SII_CSV'),
('05308-00005-00001','05308','00005','00001','LARRAIN ALCALDE 325',9186422,NULL,'P',9186422,NULL,NULL,265,'U',NULL,'no_agricola','SII_CSV'),
('05308-00005-00002','05308','00005','00002','EL CASTILLO MZ 5 ST 2',432991708,NULL,'E',432991708,NULL,NULL,580,'U',NULL,'no_agricola','SII_CSV'),
('05308-00005-00005','05308','00005','00005','LARRAIN ALCALDE 341',16839746,NULL,'V',16839746,NULL,NULL,300,'U',NULL,'no_agricola','SII_CSV'),
('05308-00005-00006','05308','00005','00006','LARRAIN ALCALDE 345',24574534,NULL,'V',24574534,NULL,NULL,515,'U',NULL,'no_agricola','SII_CSV'),
('05308-00005-00007','05308','00005','00007','VARADERO',82555169,NULL,'P',82555169,NULL,NULL,810,'U',NULL,'no_agricola','SII_CSV'),
('05308-00005-00008','05308','00005','00008','LARRAIN ALCALDE MZ 5 ST 7 B',98736436,526760,'C',NULL,NULL,NULL,180,'U',NULL,'no_agricola','SII_CSV'),
('05308-00005-00009','05308','00005','00009','LARRAIN ALCALDE MZ 5 LT 7 A',3035079,37712,'W',NULL,NULL,NULL,166,'U',NULL,'no_agricola','SII_CSV'),
('05308-00005-00010','05308','00005','00010','PASAJE SIN NOMBRE MZ 5 LT 7 B',33766966,NULL,'H',33766966,NULL,NULL,180,'U',NULL,'no_agricola','SII_CSV'),
('05308-00005-00011','05308','00005','00011','PASAJE SIN NOMBRE MZ 5 LT 7 C',40655266,NULL,'H',40655266,NULL,NULL,391,'U',NULL,'no_agricola','SII_CSV'),
('05308-00005-00013','05308','00005','00013','LARRAIN ALCALDE MZ 5 LT 8',24248070,NULL,'H',24248070,NULL,NULL,800,'U',NULL,'no_agricola','SII_CSV'),
('05308-00005-00014','05308','00005','00014','EL CASTILLO MZ 5 LT 9',34976724,NULL,'W',34976724,NULL,NULL,2057,'U',NULL,'no_agricola','SII_CSV'),
('05308-00005-00015','05308','00005','00015','LARRAIN ALCALDE-SURTIDOR DE COMBUSTIBLE',6143292,NULL,'W',6143292,NULL,NULL,336,'U',NULL,'no_agricola','SII_CSV'),
('05308-00005-00016','05308','00005','00016','ALFRED VON DE RODT 449 LOTE 1 -A',14645170,181968,'W',NULL,NULL,NULL,801,'U',NULL,'no_agricola','SII_CSV'),
('05308-00005-00017','05308','00005','00017','ALFRED VON DE RODT 449 LOTE 1 -B',14626886,181740,'W',NULL,NULL,NULL,800,'U',NULL,'no_agricola','SII_CSV'),
('05308-00006-00001','05308','00006','00001','PJE.EL CASTILLO MZ 6 LT 1',3784707,NULL,'W',3784707,NULL,NULL,207,'U',NULL,'no_agricola','SII_CSV'),
('05308-00006-00002','05308','00006','00002','LARRAIN ALCALDE 320',76464788,NULL,'V',76464788,NULL,NULL,1650,'U',NULL,'no_agricola','SII_CSV'),
('05308-00006-00003','05308','00006','00003','LARRAIN ALCALDE MZ 6 LT 3 A',74238629,NULL,'V',74238629,NULL,NULL,248,'U',NULL,'no_agricola','SII_CSV'),
('05308-00006-00004','05308','00006','00004','LARRAIN ALCALDE MZ 6 LT 4 A',10211520,NULL,'V',10211520,NULL,NULL,274,'U',NULL,'no_agricola','SII_CSV'),
('05308-00006-00005','05308','00006','00005','LARRAIN ALCALDE MZ 6 LT 5',7678978,NULL,'V',7678978,NULL,NULL,299,'U',NULL,'no_agricola','SII_CSV'),
('05308-00006-00006','05308','00006','00006','LARRAIN ALCALDE MZ 6 LT 6 A',3839558,47708,'W',NULL,NULL,NULL,210,'U',NULL,'no_agricola','SII_CSV'),
('05308-00006-00007','05308','00006','00007','LARRAIN ALCALDE MZ 6 LT 6',24802377,NULL,'H',24802377,NULL,NULL,440,'U',NULL,'no_agricola','SII_CSV'),
('05308-00006-00008','05308','00006','00008','LARRAIN ALCALDE MZ 6 LT 7',8026504,99732,'W',NULL,NULL,NULL,439,'U',NULL,'no_agricola','SII_CSV'),
('05308-00006-00009','05308','00006','00009','LARRAIN ALCALDE MZ 6 LT 7 A',3181348,39530,'W',NULL,NULL,NULL,174,'U',NULL,'no_agricola','SII_CSV'),
('05308-00006-00010','05308','00006','00010','LARRAIN ALCALDE MZ 6 LT 9 C',8245907,102456,'W',NULL,NULL,NULL,451,'U',NULL,'no_agricola','SII_CSV'),
('05308-00006-00011','05308','00006','00011','MZ 6 ST 11',8337325,103594,'W',NULL,NULL,NULL,456,'U',NULL,'no_agricola','SII_CSV'),
('05308-00006-00012','05308','00006','00012','LAS CAVERNAS 40 LT 12',14369164,NULL,'H',14369164,NULL,NULL,495,'U',NULL,'no_agricola','SII_CSV'),
('05308-00006-00013','05308','00006','00013','LAS CAVERNAS MZ 6 ST 13',45790564,NULL,'W',45790564,NULL,NULL,2814,'U',NULL,'no_agricola','SII_CSV'),
('05308-00006-00014','05308','00006','00014','PJE PEATONAL LAS CAVERNAS MZ 6 ST 14 -A',9086953,NULL,'W',9086953,NULL,NULL,497,'U',NULL,'no_agricola','SII_CSV'),
('05308-00006-00015','05308','00006','00015','PJE PEATONAL LAS CAVERNAS MZ 6 ST 15',13933142,74334,'C',NULL,NULL,NULL,155,'U',NULL,'no_agricola','SII_CSV'),
('05308-00006-00016','05308','00006','00016','PJE PEATONAL LAS CAVERNAS MZ 6 ST 16',19450527,NULL,'H',19450527,NULL,NULL,316,'U',NULL,'no_agricola','SII_CSV'),
('05308-00006-00017','05308','00006','00017','LAS CAVERNAS 43',14896375,NULL,'H',14896375,NULL,NULL,409,'U',NULL,'no_agricola','SII_CSV'),
('05308-00006-00019','05308','00006','00019','EL YUNQUE MZ 6 ST 19',18630678,NULL,'H',18630678,NULL,NULL,358,'U',NULL,'no_agricola','SII_CSV'),
('05308-00006-00020','05308','00006','00020','LARRAIN ALCALDE MZ 6 LT 9 B',6179859,NULL,'W',6179859,NULL,NULL,338,'U',NULL,'no_agricola','SII_CSV'),
('05308-00006-00021','05308','00006','00021','EL YUNQUE MZ 6 ST 21',12404939,NULL,'H',12404939,NULL,NULL,192,'U',NULL,'no_agricola','SII_CSV'),
('05308-00006-00022','05308','00006','00022','LARRAIN ALCALDE S/N',19385742,NULL,'H',19385742,NULL,NULL,612,'U',NULL,'no_agricola','SII_CSV'),
('05308-00006-00023','05308','00006','00023','LARRAIN ALCALDE 390',2559705,31804,'W',NULL,NULL,NULL,140,'U',NULL,'no_agricola','SII_CSV'),
('05308-00006-00024','05308','00006','00024','LARRAIN ALCALDE 400',22541018,120258,'C',NULL,NULL,NULL,366,'U',NULL,'no_agricola','SII_CSV'),
('05308-00006-00025','05308','00006','00025','EL YUNQUE MZ 6 ST 21',3510453,43620,'W',NULL,NULL,NULL,192,'U',NULL,'no_agricola','SII_CSV'),
('05308-00006-00026','05308','00006','00026','LARRAIN ALCALDE MZ 6 LT 9 A',3675005,NULL,'W',3675005,NULL,NULL,201,'U',NULL,'no_agricola','SII_CSV'),
('05308-00006-00027','05308','00006','00027','LARRAIN ALCALDE MZ 6 LT 9',5887322,73152,'W',NULL,NULL,NULL,322,'U',NULL,'no_agricola','SII_CSV'),
('05308-00006-00028','05308','00006','00028','PSJ CUEVA DE LOS PATRIOTAS MZ 6 ST 28',18173906,NULL,'W',18173906,NULL,NULL,994,'U',NULL,'no_agricola','SII_CSV'),
('05308-00006-00029','05308','00006','00029','LARRAIN ALCALDE LOTE 9 B PARTE',11419171,60922,'C',NULL,NULL,NULL,78,'U',NULL,'no_agricola','SII_CSV'),
('05308-00006-00030','05308','00006','00030','EL YUNQUE MZ 6 ST 20',13753299,NULL,'H',13753299,NULL,NULL,350,'U',NULL,'no_agricola','SII_CSV'),
('05308-00006-00031','05308','00006','00031','CUEVA DE LOS PATRIOTAS MZ 6 LT 27',15595917,NULL,'W',15595917,NULL,NULL,853,'U',NULL,'no_agricola','SII_CSV'),
('05308-00006-00032','05308','00006','00032','PSJ LAS CAVERNAS MZ 6 LT 14 -B',19781623,NULL,'H',19781623,NULL,NULL,576,'U',NULL,'no_agricola','SII_CSV'),
('05308-00007-00001','05308','00007','00001','PSJ CUEVA DE LOS PATRIOTAS MZ 7 LT 1',88708408,NULL,'W',88708408,NULL,NULL,5708,'U',NULL,'no_agricola','SII_CSV'),
('05308-00007-00002','05308','00007','00002','SUBIDA EL CASTILLO 195',19579502,NULL,'H',19579502,NULL,NULL,602,'U',NULL,'no_agricola','SII_CSV'),
('05308-00007-00003','05308','00007','00003','EL CASTILLO 197 LT 3 A',19473656,NULL,'H',19473656,NULL,NULL,1114,'U',NULL,'no_agricola','SII_CSV'),
('05308-00007-00004','05308','00007','00004','PJE EL CASTILLO 199',16917935,NULL,'H',16917935,NULL,NULL,429,'U',NULL,'no_agricola','SII_CSV'),
('05308-00007-00005','05308','00007','00005','EL CASTILLO 211 ST 5 A',20170584,NULL,'H',20170584,NULL,NULL,979,'U',NULL,'no_agricola','SII_CSV'),
('05308-00007-00006','05308','00007','00006','DOCTOR JOHOW 251 ST 6 A',21636437,NULL,'H',21636437,NULL,NULL,995,'U',NULL,'no_agricola','SII_CSV'),
('05308-00007-00007','05308','00007','00007','DR JOHOW 263 LT 7',19403534,NULL,'H',19403534,NULL,NULL,788,'U',NULL,'no_agricola','SII_CSV'),
('05308-00007-00008','05308','00007','00008','DR. JOHOW 275',18562148,NULL,'H',18562148,NULL,NULL,713,'U',NULL,'no_agricola','SII_CSV'),
('05308-00007-00009','05308','00007','00009','PSJ PEATONAL MZ 7 LT 9 -A',24463662,NULL,'H',24463662,NULL,NULL,609,'U',NULL,'no_agricola','SII_CSV'),
('05308-00007-00012','05308','00007','00012','PSJ LAS FARDELAS ST 12',17501999,NULL,'H',17501999,NULL,NULL,625,'U',NULL,'no_agricola','SII_CSV'),
('05308-00007-00013','05308','00007','00013','MACROLOTE PLANO 05104 - 2786 CU LAM B',176462410,NULL,'W',176462410,NULL,NULL,11770,'U',NULL,'no_agricola','SII_CSV'),
('05308-00007-00014','05308','00007','00014','DR JOHOW MZ 27 ST 5 -B',5357097,66562,'W',NULL,NULL,NULL,293,'U',NULL,'no_agricola','SII_CSV'),
('05308-00007-00015','05308','00007','00015','CALLE SIN NOMBRE MZ 7 LT 28',183239047,NULL,'V',183239047,NULL,NULL,12222,'U',NULL,'no_agricola','SII_CSV'),
('05308-00007-00021','05308','00007','00021','EL CASTILLO 195 LT 3 B',15656366,NULL,'H',15656366,NULL,NULL,360,'U',NULL,'no_agricola','SII_CSV'),
('05308-00007-00024','05308','00007','00024','CERRO LA CRUZ MZ 7 ST 14',9141804,NULL,'W',9141804,NULL,NULL,500,'U',NULL,'no_agricola','SII_CSV'),
('05308-00007-00025','05308','00007','00025','CERRO LA CRUZ MZ 7 ST 15',9141804,NULL,'W',9141804,NULL,NULL,500,'U',NULL,'no_agricola','SII_CSV'),
('05308-00007-00026','05308','00007','00026','CIRC CERRO LA CRUZ MZ 7 ST 16',9763446,121312,'W',NULL,NULL,NULL,534,'U',NULL,'no_agricola','SII_CSV'),
('05308-00007-00028','05308','00007','00028','CERRO LA CRUZ MZ 7 ST 18',9141804,113588,'W',NULL,NULL,NULL,500,'U',NULL,'no_agricola','SII_CSV'),
('05308-00007-00029','05308','00007','00029','CERRO LA CRUZ MZ 7 ST 19',9141804,NULL,'W',9141804,NULL,NULL,500,'U',NULL,'no_agricola','SII_CSV'),
('05308-00007-00030','05308','00007','00030','CERRO LA CRUZ MZ 7 ST 20',9141804,NULL,'W',9141804,NULL,NULL,500,'U',NULL,'no_agricola','SII_CSV'),
('05308-00007-00031','05308','00007','00031','CERRO LA CRUZ MZ 7 ST 21',28444730,NULL,'H',28444730,NULL,NULL,500,'U',NULL,'no_agricola','SII_CSV'),
('05308-00007-00032','05308','00007','00032','CERRO LA CRUZ MZ 7 ST 22',27530550,NULL,'H',27530550,NULL,NULL,500,'U',NULL,'no_agricola','SII_CSV'),
('05308-00007-00033','05308','00007','00033','CERRO LA CRUZ MZ 7 ST 23',28444730,NULL,'H',28444730,NULL,NULL,500,'U',NULL,'no_agricola','SII_CSV'),
('05308-00007-00034','05308','00007','00034','CERRO LA CRUZ MZ 7 ST 24',28444730,NULL,'H',28444730,NULL,NULL,500,'U',NULL,'no_agricola','SII_CSV'),
('05308-00007-00035','05308','00007','00035','CERRO LA CRUZ MZ 7 ST 25',28444730,NULL,'H',28444730,NULL,NULL,500,'U',NULL,'no_agricola','SII_CSV'),
('05308-00007-00036','05308','00007','00036','CERRO LA CRUZ MZ 7 ST 26',19292872,NULL,'H',19292872,NULL,NULL,500,'U',NULL,'no_agricola','SII_CSV'),
('05308-00007-00037','05308','00007','00037','CIRCUNVALACION C.LA CRUZ ST. 27 MZ. 7',18852750,NULL,'H',18852750,NULL,NULL,500,'U',NULL,'no_agricola','SII_CSV'),
('05308-00007-00038','05308','00007','00038','PSJ CUEVA DE LOS PATRIOTAS MZ 7 LT 2',234369670,NULL,'P',234369670,NULL,NULL,3740,'U',NULL,'no_agricola','SII_CSV'),
('05308-00007-00039','05308','00007','00039','PSJ CUEVA DE LOS PATRIOTAS MZ 7 LT 3',8026504,NULL,'W',8026504,NULL,NULL,439,'U',NULL,'no_agricola','SII_CSV'),
('05308-00007-00040','05308','00007','00040','PSJ CUEVA DE LOS PATRIOTAS MZ 7 LT 4',116486326,NULL,'W',116486326,NULL,NULL,7676,'U',NULL,'no_agricola','SII_CSV'),
('05308-00007-00041','05308','00007','00041','EL CASTILLO 197 LT 3 E',6326128,78604,'W',NULL,NULL,NULL,346,'U',NULL,'no_agricola','SII_CSV'),
('05308-00007-00042','05308','00007','00042','EL CASTILLO 197 LT 3 F',13738641,NULL,'H',13738641,NULL,NULL,302,'U',NULL,'no_agricola','SII_CSV'),
('05308-00007-00043','05308','00007','00043','EL CASTILLO 197 LT 3 G',5558217,69064,'W',NULL,NULL,NULL,304,'U',NULL,'no_agricola','SII_CSV'),
('05308-00007-00044','05308','00007','00044','PSJ PEATONAL MZ 7 LT 9 -B',9461815,NULL,'H',9461815,NULL,NULL,381,'U',NULL,'no_agricola','SII_CSV'),
('05308-00007-00045','05308','00007','00045','CERRO LA CRUZ LOTE C',176462410,NULL,'W',176462410,NULL,NULL,11770,'U',NULL,'no_agricola','SII_CSV'),
('05308-00007-00051','05308','00007','00051','CERRO LA CRUZ LOTE 6 -A',18248402,NULL,'H',18248402,NULL,NULL,552,'U',NULL,'no_agricola','SII_CSV'),
('05308-00007-00053','05308','00007','00053','CERRO LA CRUZ 471 LT 8 -A',16346906,NULL,'H',16346906,NULL,NULL,491,'R',NULL,'no_agricola','SII_CSV'),
('05308-00007-00059','05308','00007','00059','CERRO LA CRUZ 413 LT 14 -A',15834965,NULL,'H',15834965,NULL,NULL,456,'U',NULL,'no_agricola','SII_CSV'),
('05308-00007-00064','05308','00007','00064','CERRO LA CRUZ 385 LT 19 A',16624817,NULL,'H',16624817,NULL,NULL,408,'U',NULL,'no_agricola','SII_CSV'),
('05308-00007-00066','05308','00007','00066','CIRCUNVALACION SN LOTE 21 A',20032888,NULL,'H',20032888,NULL,NULL,367,'U',NULL,'no_agricola','SII_CSV'),
('05308-00008-00001','05308','00008','00001','DR JOHOW MZ 8 ST 1 A',34197288,NULL,'H',34197288,NULL,NULL,988,'U',NULL,'no_agricola','SII_CSV'),
('05308-00008-00002','05308','00008','00002','DR JOHOW MZ 8 ST 2',7996264,NULL,'H',7996264,NULL,NULL,309,'U',NULL,'no_agricola','SII_CSV'),
('05308-00008-00003','05308','00008','00003','PJE DR. JIHOW MZ 8 ST 3',6435830,79964,'W',NULL,NULL,NULL,352,'U',NULL,'no_agricola','SII_CSV'),
('05308-00008-00005','05308','00008','00005','DR JOHOW MZ 8 ST 5',8292156,NULL,'H',8292156,NULL,NULL,305,'U',NULL,'no_agricola','SII_CSV'),
('05308-00008-00006','05308','00008','00006','DR JOHOW MZ 8 ST 6',9769133,NULL,'H',9769133,NULL,NULL,407,'U',NULL,'no_agricola','SII_CSV'),
('05308-00008-00007','05308','00008','00007','DR JOHOW MZ 8 ST 7',11171284,138804,'W',NULL,NULL,NULL,611,'U',NULL,'no_agricola','SII_CSV'),
('05308-00008-00008','05308','00008','00008','EL CASTILLO 208',12789734,NULL,'H',12789734,NULL,NULL,507,'U',NULL,'no_agricola','SII_CSV'),
('05308-00008-00009','05308','00008','00009','DR JOHOW MZ 8 ST 9',10915314,133096,'W',NULL,NULL,NULL,597,'U',NULL,'no_agricola','SII_CSV'),
('05308-00008-00010','05308','00008','00010','DR JOHOW MZ 8 ST 10',25237356,NULL,'H',25237356,NULL,NULL,972,'U',NULL,'no_agricola','SII_CSV'),
('05308-00008-00011','05308','00008','00011','DR JOHOW MZ 8 ST 11 A',25965797,NULL,'H',25965797,NULL,NULL,987,'U',NULL,'no_agricola','SII_CSV'),
('05308-00008-00014','05308','00008','00014','DR JOHOW MZ 8 ST 12',19651293,NULL,'H',19651293,NULL,NULL,992,'U',NULL,'no_agricola','SII_CSV'),
('05308-00008-00015','05308','00008','00015','DR JOHOW MZ 8 ST 13 A',17607114,218770,'W',NULL,NULL,NULL,963,'U',NULL,'no_agricola','SII_CSV'),
('05308-00008-00017','05308','00008','00017','PJE. EL CASTILLO 200 ST 1 B MZ 8',9891432,122900,'W',NULL,NULL,NULL,541,'U',NULL,'no_agricola','SII_CSV'),
('05308-00008-00018','05308','00008','00018','DR JOHOW MZ 8 LT 12 -B',7788817,NULL,'W',7788817,NULL,NULL,426,'U',NULL,'no_agricola','SII_CSV'),
('05308-00008-00019','05308','00008','00019','DR JOHOW MZ 8 LT 13 -B',14919424,NULL,'W',14919424,NULL,NULL,816,'U',NULL,'no_agricola','SII_CSV'),
('05308-00009-00001','05308','00009','00001','LA POLVORA MZ 9 LT 1',13618885,NULL,'H',13618885,NULL,NULL,607,'U',NULL,'no_agricola','SII_CSV'),
('05308-00009-00003','05308','00009','00003','LA POLVORA MZ 9 ST 3 A',22847721,NULL,'H',22847721,NULL,NULL,983,'U',NULL,'no_agricola','SII_CSV'),
('05308-00009-00004','05308','00009','00004','LA POLVORA 599 ST 4',32424692,NULL,'H',32424692,NULL,NULL,1636,'U',NULL,'no_agricola','SII_CSV'),
('05308-00009-00008','05308','00009','00008','LA POLVORA MZ 9 ST 8 -A',9726438,NULL,'H',9726438,NULL,NULL,500,'U',NULL,'no_agricola','SII_CSV'),
('05308-00009-00011','05308','00009','00011','PJE. EL ESTANQUE ST. 6 B',7240309,NULL,'W',7240309,NULL,NULL,396,'U',NULL,'no_agricola','SII_CSV'),
('05308-00009-00013','05308','00009','00013','LA POLVORA MZ 9 ST 8 -B',8044787,NULL,'W',8044787,NULL,NULL,440,'U',NULL,'no_agricola','SII_CSV'),
('05308-00009-00014','05308','00009','00014','LA POLVORA MZ 9 ST 8 C',10110835,NULL,'W',10110835,NULL,NULL,553,'U',NULL,'no_agricola','SII_CSV'),
('05308-00009-00015','05308','00009','00015','PSJ EL ESTANQUE MZ 9 LT 8 -D',9836581,NULL,'W',9836581,NULL,NULL,538,'U',NULL,'no_agricola','SII_CSV'),
('05308-00009-00016','05308','00009','00016','PSJ EL ESTANQUE MZ 9 ST 8 -E',9361207,NULL,'W',9361207,NULL,NULL,512,'U',NULL,'no_agricola','SII_CSV'),
('05308-00009-00017','05308','00009','00017','PJE EL ESTANQUE MZ 9 ST 8 -F',9544043,NULL,'W',9544043,NULL,NULL,522,'U',NULL,'no_agricola','SII_CSV'),
('05308-00009-00018','05308','00009','00018','CIRCUNVALACION MZ 9 LOTE 10',12816809,NULL,'W',12816809,NULL,NULL,701,'U',NULL,'no_agricola','SII_CSV'),
('05308-00010-00001','05308','00010','00001','CALLE JUAN FERNANDEZ MZ 10 ST 1 -A',22137887,NULL,'H',22137887,NULL,NULL,991,'U',NULL,'no_agricola','SII_CSV'),
('05308-00010-00003','05308','00010','00003','LA POLVORA 508',49935115,NULL,'H',49935115,NULL,NULL,662,'U',NULL,'no_agricola','SII_CSV'),
('05308-00010-00004','05308','00010','00004','LA POLVORA 532 LT 4',19162763,NULL,'H',19162763,NULL,NULL,957,'U',NULL,'no_agricola','SII_CSV'),
('05308-00010-00005','05308','00010','00005','CALLE JUAN FERNANDEZ MZ 10 ST 5',49195637,NULL,'H',49195637,NULL,NULL,378,'U',NULL,'no_agricola','SII_CSV'),
('05308-00010-00006','05308','00010','00006','CALLE JUAN FERNANDEZ MZ 10 ST 6',29755032,NULL,'H',29755032,NULL,NULL,1529,'U',NULL,'no_agricola','SII_CSV'),
('05308-00010-00008','05308','00010','00008','LA POLVORA MZ 10 ST 8 -A',31654810,NULL,'H',31654810,NULL,NULL,986,'U',NULL,'no_agricola','SII_CSV'),
('05308-00010-00009','05308','00010','00009','LA POLVORA MZ 10 ST 9 A',24787446,NULL,'H',24787446,NULL,NULL,986,'U',NULL,'no_agricola','SII_CSV'),
('05308-00010-00010','05308','00010','00010','LA POLVORA MZ 10 ST 10',23474776,NULL,'H',23474776,NULL,NULL,952,'U',NULL,'no_agricola','SII_CSV'),
('05308-00010-00011','05308','00010','00011','LA POLVORA 598 LT 11',24563192,NULL,'H',24563192,NULL,NULL,1248,'U',NULL,'no_agricola','SII_CSV'),
('05308-00010-00012','05308','00010','00012','LA POLVORA MZ 10 ST 12',18482265,NULL,'H',18482265,NULL,NULL,690,'U',NULL,'no_agricola','SII_CSV'),
('05308-00010-00013','05308','00010','00013','PJE S/NOMBRE MZ 10 ST 13',11390688,141532,'W',NULL,NULL,NULL,623,'U',NULL,'no_agricola','SII_CSV'),
('05308-00011-00008','05308','00011','00008','LA POLVORA 448',26050197,NULL,'H',26050197,NULL,NULL,1000,'U',NULL,'no_agricola','SII_CSV'),
('05308-00011-00009','05308','00011','00009','JUAN FERNANDEZ MZ 11 ST 9 A',17972786,223316,'W',NULL,NULL,NULL,983,'U',NULL,'no_agricola','SII_CSV'),
('05308-00011-00010','05308','00011','00010','PJE LOS PATRIOTAS MZ 11 ST 10 A',25259826,NULL,'H',25259826,NULL,NULL,996,'U',NULL,'no_agricola','SII_CSV'),
('05308-00011-00011','05308','00011','00011','LOS PATRIOTAS 13 LT 11 -B',16981822,NULL,'H',16981822,NULL,NULL,443,'U',NULL,'no_agricola','SII_CSV'),
('05308-00011-00012','05308','00011','00012','PSJ LOS PATRIOTAS 342',24565049,NULL,'H',24565049,NULL,NULL,958,'U',NULL,'no_agricola','SII_CSV'),
('05308-00011-00013','05308','00011','00013','LAS PATRIOTAS MZ 11 ST 13',2450003,NULL,'W',2450003,NULL,NULL,134,'U',NULL,'no_agricola','SII_CSV'),
('05308-00011-00014','05308','00011','00014','PSJ LOS PATRIOTAS MZ 11 ST 14',16503264,NULL,'H',16503264,NULL,NULL,735,'U',NULL,'no_agricola','SII_CSV'),
('05308-00011-00015','05308','00011','00015','LA POLVORA MZ 11 ST. 8 B',11664942,NULL,'W',11664942,NULL,NULL,638,'U',NULL,'no_agricola','SII_CSV'),
('05308-00011-00016','05308','00011','00016','JUAN FERNANDEZ MZ 11 ST 9 B',10842179,134716,'W',NULL,NULL,NULL,593,'U',NULL,'no_agricola','SII_CSV'),
('05308-00011-00018','05308','00011','00018','LAS PATRIOTAS MZ 11 ST 12 B',10641060,NULL,'W',10641060,NULL,NULL,582,'U',NULL,'no_agricola','SII_CSV'),
('05308-00011-00019','05308','00011','00019','LA REINA MZ 11 ST 12 C',11738076,NULL,'W',11738076,NULL,NULL,642,'U',NULL,'no_agricola','SII_CSV'),
('05308-00011-00021','05308','00011','00021','ESTERO LA REINA S/N LOTE 10 -B',1480972,NULL,'W',1480972,NULL,NULL,81,'U',NULL,'no_agricola','SII_CSV'),
('05308-00011-00022','05308','00011','00022','LOS PATRIOTAS 13 LT 11 -A',16784352,208546,'W',NULL,NULL,NULL,918,'U',NULL,'no_agricola','SII_CSV'),
('05308-00012-00001','05308','00012','00001','LA POLVORA MZ 12 ST 1 A',16382112,203548,'W',NULL,NULL,NULL,896,'U',NULL,'no_agricola','SII_CSV'),
('05308-00012-00005','05308','00012','00005','LA POLVORA MZ 12 ST 5',6399263,NULL,'W',6399263,NULL,NULL,350,'U',NULL,'no_agricola','SII_CSV'),
('05308-00012-00006','05308','00012','00006','LA POLVORA MZ 12 ST 6',62347996,NULL,'H',62347996,NULL,NULL,730,'U',NULL,'no_agricola','SII_CSV'),
('05308-00012-00007','05308','00012','00007','LA POLVORA MZ 12 ST 7',4095528,50888,'W',NULL,NULL,NULL,224,'U',NULL,'no_agricola','SII_CSV'),
('05308-00012-00008','05308','00012','00008','LA POLVORA 331',20280286,NULL,'H',20280286,NULL,NULL,985,'U',NULL,'no_agricola','SII_CSV'),
('05308-00012-00009','05308','00012','00009','LA POLVORA 361',19184221,NULL,'H',19184221,NULL,NULL,767,'U',NULL,'no_agricola','SII_CSV'),
('05308-00012-00011','05308','00012','00011','LA POLVORA 379 ST 11',21506214,NULL,'H',21506214,NULL,NULL,538,'U',NULL,'no_agricola','SII_CSV'),
('05308-00012-00012','05308','00012','00012','LA POLVORA 415',18889633,NULL,'H',18889633,NULL,NULL,838,'U',NULL,'no_agricola','SII_CSV'),
('05308-00012-00013','05308','00012','00013','LA POLVORA 421',20602163,NULL,'H',20602163,NULL,NULL,1309,'U',NULL,'no_agricola','SII_CSV'),
('05308-00012-00015','05308','00012','00015','LA POLVORA MZ 12 ST 1 B',16930621,NULL,'W',16930621,NULL,NULL,926,'U',NULL,'no_agricola','SII_CSV'),
('05308-00012-00016','05308','00012','00016','LA POLVORA MZ 12 ST 8 B',9635461,119720,'W',NULL,NULL,NULL,527,'U',NULL,'no_agricola','SII_CSV'),
('05308-00012-00017','05308','00012','00017','J FERNANDEZ ESQ LA POLVORA',4388066,54526,'W',NULL,NULL,NULL,240,'U',NULL,'no_agricola','SII_CSV'),
('05308-00013-00003','05308','00013','00003','EL CASTILLO MZ 13 ST 3',4442917,55204,'W',NULL,NULL,NULL,243,'U',NULL,'no_agricola','SII_CSV'),
('05308-00013-00004','05308','00013','00004','PSJE SIN NOMBRE MZ 13 LT 4',17808234,221270,'W',NULL,NULL,NULL,974,'U',NULL,'no_agricola','SII_CSV'),
('05308-00013-00005','05308','00013','00005','EL CASTILLO 130 LT 5',25794927,NULL,'H',25794927,NULL,NULL,979,'U',NULL,'no_agricola','SII_CSV'),
('05308-00014-00001','05308','00014','00001','LARRAIN ALCALDE 188',4991425,NULL,'W',4991425,NULL,NULL,273,'U',NULL,'no_agricola','SII_CSV'),
('05308-00014-00005','05308','00014','00005','VICENTE GONZALEZ 150 LT 5 E',20959423,NULL,'H',20959423,NULL,NULL,758,'U',NULL,'no_agricola','SII_CSV'),
('05308-00014-00006','05308','00014','00006','EL PANGAL MZ 14 ST 6 A',18220361,NULL,'H',18220361,NULL,NULL,995,'U',NULL,'no_agricola','SII_CSV'),
('05308-00014-00007','05308','00014','00007','SENDERO EL PANGAL 81 LT 7 -A',16565130,NULL,'H',16565130,NULL,NULL,699,'U',NULL,'no_agricola','SII_CSV'),
('05308-00014-00009','05308','00014','00009','EL YUNQUE MZ 14 LT 9 A',15705619,195144,'W',NULL,NULL,NULL,859,'U',NULL,'no_agricola','SII_CSV'),
('05308-00014-00010','05308','00014','00010','EL YUNQUE MZ. 14 ST. 10 A',7331727,NULL,'W',7331727,NULL,NULL,401,'U',NULL,'no_agricola','SII_CSV'),
('05308-00014-00011','05308','00014','00011','LORD ANSON 91 LT 11 A',32482658,403596,'W',NULL,NULL,NULL,1890,'U',NULL,'no_agricola','SII_CSV'),
('05308-00014-00013','05308','00014','00013','VICENTE GONZALEZ 88 ST 2 B',35749399,NULL,'H',35749399,NULL,NULL,1000,'U',NULL,'no_agricola','SII_CSV'),
('05308-00014-00014','05308','00014','00014','VICENTE GONZALEZ S/N MZ 14 ST 5 -B',22466410,NULL,'H',22466410,NULL,NULL,509,'U',NULL,'no_agricola','SII_CSV'),
('05308-00014-00015','05308','00014','00015','PASAJE EL PANGAL MZ 14 ST 6 -C',31455016,NULL,'H',31455016,NULL,NULL,1000,'U',NULL,'no_agricola','SII_CSV'),
('05308-00014-00019','05308','00014','00019','PJE SIN NOMBRE MZ 14 ST 9 -B',10476507,NULL,'W',10476507,NULL,NULL,573,'U',NULL,'no_agricola','SII_CSV'),
('05308-00014-00020','05308','00014','00020','LORD ANSON 95',21326668,NULL,'H',21326668,NULL,NULL,684,'U',NULL,'no_agricola','SII_CSV'),
('05308-00014-00021','05308','00014','00021','V GONZALEZ MZ. 14 ST. 2 C',5466799,67928,'W',NULL,NULL,NULL,299,'U',NULL,'no_agricola','SII_CSV'),
('05308-00014-00022','05308','00014','00022','EL YUNQUE MZ 14 ST 10 -C',8867550,NULL,'W',8867550,NULL,NULL,485,'U',NULL,'no_agricola','SII_CSV'),
('05308-00014-00023','05308','00014','00023','LORD ANSON 91 LT 11 B',7313443,90870,'W',NULL,NULL,NULL,400,'U',NULL,'no_agricola','SII_CSV'),
('05308-00014-00024','05308','00014','00024','LORD ANSON 91 LT 11 C',7331727,91096,'W',NULL,NULL,NULL,401,'U',NULL,'no_agricola','SII_CSV'),
('05308-00014-00025','05308','00014','00025','LORD ANSON 91 LT 11 D',7843668,97460,'W',NULL,NULL,NULL,429,'U',NULL,'no_agricola','SII_CSV'),
('05308-00014-00027','05308','00014','00027','PSJ EL PANGAL S/N LT 7 -B',5283963,65652,'W',NULL,NULL,NULL,289,'U',NULL,'no_agricola','SII_CSV'),
('05308-00015-00001','05308','00015','00001','EL SANDALO MZ 15 LT 1',8337325,NULL,'W',8337325,NULL,NULL,456,'U',NULL,'no_agricola','SII_CSV'),
('05308-00015-00002','05308','00015','00002','EL SANDALO MZ 15 LT 2',8648146,NULL,'W',8648146,NULL,NULL,473,'U',NULL,'no_agricola','SII_CSV'),
('05308-00015-00003','05308','00015','00003','EL SANDALO MZ 15 ST 3',63375039,NULL,'H',63375039,NULL,NULL,920,'U',NULL,'no_agricola','SII_CSV'),
('05308-00015-00004','05308','00015','00004','EL SANDALO MZ 15 LT 4',6216427,NULL,'W',6216427,NULL,NULL,340,'U',NULL,'no_agricola','SII_CSV'),
('05308-00015-00005','05308','00015','00005','EL SANDALO MZ 15 LT 5',6618666,NULL,'W',6618666,NULL,NULL,362,'U',NULL,'no_agricola','SII_CSV'),
('05308-00015-00006','05308','00015','00006','EL SANDALO MZ 15 LT 6',9416058,116998,'W',NULL,NULL,NULL,515,'U',NULL,'no_agricola','SII_CSV'),
('05308-00015-00007','05308','00015','00007','EL SANDALO 184',15319731,NULL,'H',15319731,NULL,NULL,401,'U',NULL,'no_agricola','SII_CSV'),
('05308-00015-00008','05308','00015','00008','EL SANDALO 188',11119858,NULL,'H',11119858,NULL,NULL,455,'U',NULL,'no_agricola','SII_CSV'),
('05308-00015-00009','05308','00015','00009','I CARRERA PINTO 120 LT 9',45093700,NULL,'H',45093700,NULL,NULL,830,'U',NULL,'no_agricola','SII_CSV'),
('05308-00015-00010','05308','00015','00010','I CARRERA PINTO 132 MZ 15 ST 10',19024946,NULL,'H',19024946,NULL,NULL,735,'U',NULL,'no_agricola','SII_CSV'),
('05308-00015-00011','05308','00015','00011','LARRAIN ALCALDE MZ 15 ST 11',28873473,358754,'W',NULL,NULL,NULL,1645,'U',NULL,'no_agricola','SII_CSV'),
('05308-00015-00012','05308','00015','00012','EL SANDALO 198 LT 12 A',13698658,NULL,'H',13698658,NULL,NULL,515,'U',NULL,'no_agricola','SII_CSV'),
('05308-00015-00013','05308','00015','00013','EL SANDALO 194',17275167,NULL,'H',17275167,NULL,NULL,536,'U',NULL,'no_agricola','SII_CSV'),
('05308-00015-00016','05308','00015','00016','SITIO 16 MZ 15',22033239,NULL,'H',22033239,NULL,NULL,586,'U',NULL,'no_agricola','SII_CSV'),
('05308-00015-00017','05308','00015','00017','LA HOTELERA 104',18380854,NULL,'H',18380854,NULL,NULL,612,'U',NULL,'no_agricola','SII_CSV'),
('05308-00015-00018','05308','00015','00018','VICENTE GONZALEZ 87 LT 18 -A',12998655,NULL,'H',12998655,NULL,NULL,432,'U',NULL,'no_agricola','SII_CSV'),
('05308-00015-00019','05308','00015','00019','VICENTE GONZALEZ 53',13222773,NULL,'H',13222773,NULL,NULL,540,'U',NULL,'no_agricola','SII_CSV'),
('05308-00015-00020','05308','00015','00020','VICENTE GONZALEZ MZ 15 LT 20',20809208,NULL,'H',20809208,NULL,NULL,517,'U',NULL,'no_agricola','SII_CSV'),
('05308-00015-00021','05308','00015','00021','EL SANDALO MZ 15 LT 21',31770898,NULL,'H',31770898,NULL,NULL,309,'U',NULL,'no_agricola','SII_CSV'),
('05308-00015-00022','05308','00015','00022','EL SANDALO MZ 15 LT 22',7258592,88506,'W',NULL,NULL,NULL,397,'U',NULL,'no_agricola','SII_CSV'),
('05308-00015-00023','05308','00015','00023','EL SANDALO 170',10109293,NULL,'H',10109293,NULL,NULL,455,'U',NULL,'no_agricola','SII_CSV'),
('05308-00015-00024','05308','00015','00024','EL SANDALO MZ 15 LT 12 B',5009708,62246,'W',NULL,NULL,NULL,274,'U',NULL,'no_agricola','SII_CSV'),
('05308-00015-00025','05308','00015','00025','EL SANDALO MZ 15 LT 13 B',13829638,NULL,'H',13829638,NULL,NULL,349,'U',NULL,'no_agricola','SII_CSV'),
('05308-00015-00026','05308','00015','00026','VICENTE GONZALEZ MZ 15 LT 20 A',5448515,NULL,'W',5448515,NULL,NULL,298,'U',NULL,'no_agricola','SII_CSV'),
('05308-00015-00027','05308','00015','00027','VICENTE GONZALEZ 87 LT 18 -B',7898518,98140,'W',NULL,NULL,NULL,432,'U',NULL,'no_agricola','SII_CSV'),
('05308-00016-00002','05308','00016','00002','CALLE PROYECTADA MZ 16 ST 2',18980028,NULL,'H',18980028,NULL,NULL,622,'U',NULL,'no_agricola','SII_CSV'),
('05308-00016-00003','05308','00016','00003','PSJ LA HOTELERA 220',17935518,NULL,'H',17935518,NULL,NULL,610,'U',NULL,'no_agricola','SII_CSV'),
('05308-00016-00004','05308','00016','00004','PSJ SIN NOMBRE MZ 16 ST 4',20546468,NULL,'H',20546468,NULL,NULL,557,'U',NULL,'no_agricola','SII_CSV'),
('05308-00016-00005','05308','00016','00005','PSJ LA HOTELERA 235',16041336,NULL,'H',16041336,NULL,NULL,633,'U',NULL,'no_agricola','SII_CSV'),
('05308-00016-00006','05308','00016','00006','VICENTE GONZALEZ 201 MZ 16 ST 6 A',635856955,NULL,'S',635856955,NULL,NULL,6753,'U',NULL,'no_agricola','SII_CSV'),
('05308-00016-00008','05308','00016','00008','VICENTE GONZALEZ 211 -D',6541166,NULL,'H',6541166,NULL,NULL,164,'U',NULL,'no_agricola','SII_CSV'),
('05308-00016-00010','05308','00016','00010','PSJ LA POSTA MZ 16 ST 10',7328923,NULL,'H',7328923,NULL,NULL,240,'U',NULL,'no_agricola','SII_CSV'),
('05308-00016-00011','05308','00016','00011','PSJ LA POSTA MZ 16 ST 11',9378309,NULL,'H',9378309,NULL,NULL,190,'U',NULL,'no_agricola','SII_CSV'),
('05308-00016-00012','05308','00016','00012','LA POSTA MZ 16 ST 12',9875607,NULL,'H',9875607,NULL,NULL,263,'U',NULL,'no_agricola','SII_CSV'),
('05308-00016-00013','05308','00016','00013','EL PANGAL MZ 16 ST 13',13965613,NULL,'H',13965613,NULL,NULL,503,'U',NULL,'no_agricola','SII_CSV'),
('05308-00016-00014','05308','00016','00014','CAMINO AL PANGAL MZ 16 ST 14',9288073,NULL,'W',9288073,NULL,NULL,508,'U',NULL,'no_agricola','SII_CSV'),
('05308-00016-00015','05308','00016','00015','EL PANGAL MZ 16 ST 15',15099197,NULL,'H',15099197,NULL,NULL,565,'U',NULL,'no_agricola','SII_CSV'),
('05308-00016-00016','05308','00016','00016','EL PANGAL MZ 16 ST 16',16203722,NULL,'H',16203722,NULL,NULL,631,'U',NULL,'no_agricola','SII_CSV'),
('05308-00016-00017','05308','00016','00017','CAMINO EL PANGAL 120',18395753,NULL,'H',18395753,NULL,NULL,636,'U',NULL,'no_agricola','SII_CSV'),
('05308-00016-00018','05308','00016','00018','EL PANGAL 165 ST 18',18525647,NULL,'H',18525647,NULL,NULL,547,'U',NULL,'no_agricola','SII_CSV'),
('05308-00016-00020','05308','00016','00020','EL PANGAL MZ 16 ST 20',14609684,NULL,'H',14609684,NULL,NULL,502,'U',NULL,'no_agricola','SII_CSV'),
('05308-00016-00021','05308','00016','00021','CAMINO AL PANGAL 90 LT 6 -B',105407739,NULL,'H',105407739,NULL,NULL,1344,'U',NULL,'no_agricola','SII_CSV'),
('05308-00017-00001','05308','00017','00001','EL LABRADOR LOTE 1',180403636,NULL,'V',180403636,NULL,NULL,9328,'U',NULL,'no_agricola','SII_CSV'),
('05308-00017-00002','05308','00017','00002','PASAJE EL LABRADOR LT 2',74107232,NULL,'V',74107232,NULL,NULL,11747,'U',NULL,'no_agricola','SII_CSV'),
('05308-00017-00004','05308','00017','00004','LORD ANSON 415 MZ 17 LT 4',55117664,NULL,'H',55117664,NULL,NULL,12340,'U',NULL,'no_agricola','SII_CSV'),
('05308-00017-00005','05308','00017','00005','CAMINO AL YUNQUE MZ 17 ST 5',24596797,NULL,'H',24596797,NULL,NULL,4846,'U',NULL,'no_agricola','SII_CSV'),
('05308-00017-00007','05308','00017','00007','EL PANGAL MZ 17 ST 7',43797742,NULL,'H',43797742,NULL,NULL,8137,'U',NULL,'no_agricola','SII_CSV'),
('05308-00017-00008','05308','00017','00008','LOR ANSON MZ 17 SITIO 8',1578160,NULL,'W',1578160,NULL,NULL,374,'U',NULL,'no_agricola','SII_CSV'),
('05308-00018-00001','05308','00018','00001','EL YUNQUE 111 ST 1',20627354,NULL,'H',20627354,NULL,NULL,910,'U',NULL,'no_agricola','SII_CSV'),
('05308-00018-00002','05308','00018','00002','PSJ EL PANGAL MZ 18 ST 2',37376704,NULL,'H',37376704,NULL,NULL,914,'U',NULL,'no_agricola','SII_CSV'),
('05308-00018-00003','05308','00018','00003','PJE EL PANGAL 84 MZ 18 ST 3',22737700,NULL,'H',22737700,NULL,NULL,883,'U',NULL,'no_agricola','SII_CSV'),
('05308-00018-00004','05308','00018','00004','LORD ANSON 133 ST 4 -A',18752895,NULL,'H',18752895,NULL,NULL,563,'U',NULL,'no_agricola','SII_CSV'),
('05308-00018-00005','05308','00018','00005','EL YUNQUE MZ 18 LT 5 A',12753369,NULL,'H',12753369,NULL,NULL,233,'U',NULL,'no_agricola','SII_CSV'),
('05308-00018-00006','05308','00018','00006','EL YUNQUE MZ 18 ST. 6 B',23290679,NULL,'H',23290679,NULL,NULL,813,'U',NULL,'no_agricola','SII_CSV'),
('05308-00018-00007','05308','00018','00007','EL YUNQUE MZ 18 ST 7',11573524,143804,'W',NULL,NULL,NULL,633,'U',NULL,'no_agricola','SII_CSV'),
('05308-00018-00009','05308','00018','00009','EL YUNQUE MZ 18 LT 5 B',4260081,52934,'W',NULL,NULL,NULL,233,'U',NULL,'no_agricola','SII_CSV'),
('05308-00018-00010','05308','00018','00010','EL YUNQUE MZ 18 LT 5 C',8520161,105866,'W',NULL,NULL,NULL,466,'U',NULL,'no_agricola','SII_CSV'),
('05308-00018-00011','05308','00018','00011','EL YUNQUE MZ 18 ST 11',8355609,103820,'W',NULL,NULL,NULL,457,'U',NULL,'no_agricola','SII_CSV'),
('05308-00018-00012','05308','00018','00012','LORD ANSON 181',18297021,NULL,'H',18297021,NULL,NULL,700,'U',NULL,'no_agricola','SII_CSV'),
('05308-00018-00014','05308','00018','00014','LORD ANSON 133 ST 4 -B',12834312,NULL,'H',12834312,NULL,NULL,402,'U',NULL,'no_agricola','SII_CSV'),
('05308-00018-00016','05308','00018','00016','EL YUNQUE NMZ 18 LT 10',8209340,NULL,'W',8209340,NULL,NULL,449,'U',NULL,'no_agricola','SII_CSV'),
('05308-00018-00017','05308','00018','00017','LORD ANSON-EX YUNQUE 120',14035384,NULL,'Q',14035384,NULL,NULL,276,'U',NULL,'no_agricola','SII_CSV'),
('05308-00019-00004','05308','00019','00004','EL YUNQUE MZ 19 ST 4',4369782,54294,'W',NULL,NULL,NULL,239,'U',NULL,'no_agricola','SII_CSV'),
('05308-00019-00005','05308','00019','00005','EL YUNQUE MZ 19 ST 5',7882262,NULL,'H',7882262,NULL,NULL,226,'U',NULL,'no_agricola','SII_CSV'),
('05308-00019-00006','05308','00019','00006','EL YUNQUE 190 ST 6',9069726,NULL,'H',9069726,NULL,NULL,231,'U',NULL,'no_agricola','SII_CSV'),
('05308-00019-00007','05308','00019','00007','EL YUNQUE MZ 19 ST 7',4132095,NULL,'W',4132095,NULL,NULL,226,'U',NULL,'no_agricola','SII_CSV'),
('05308-00019-00008','05308','00019','00008','EL YUNQUE MZ 19 ST 8',15431917,NULL,'H',15431917,NULL,NULL,474,'U',NULL,'no_agricola','SII_CSV'),
('05308-00019-00009','05308','00019','00009','EL YUNQUE S/N MZ 19 SITIO 9',21646791,NULL,'H',21646791,NULL,NULL,843,'U',NULL,'no_agricola','SII_CSV'),
('05308-00019-00010','05308','00019','00010','EL YUNQUE MZ 19 SITIO 10',32778404,NULL,'H',32778404,NULL,NULL,883,'U',NULL,'no_agricola','SII_CSV'),
('05308-00019-00011','05308','00019','00011','EL YUNQUE MZ 19 ST 11',18866370,NULL,'H',18866370,NULL,NULL,696,'U',NULL,'no_agricola','SII_CSV'),
('05308-00019-00017','05308','00019','00017','LOS CIPRESES S/N CS 1',13744557,NULL,'H',13744557,NULL,NULL,467,'U',NULL,'no_agricola','SII_CSV'),
('05308-00019-00020','05308','00019','00020','LOS CIPRESES MZ 19 LT 20',9141804,NULL,'W',9141804,NULL,NULL,500,'U',NULL,'no_agricola','SII_CSV'),
('05308-00019-00022','05308','00019','00022','LOS CIPRESES MZ 19 LT 22',9566954,NULL,'H',9566954,NULL,NULL,250,'U',NULL,'no_agricola','SII_CSV'),
('05308-00019-00026','05308','00019','00026','EL YUNQUE 198 SITIO 11 B MZ 19',28767195,NULL,'H',28767195,NULL,NULL,992,'U',NULL,'no_agricola','SII_CSV'),
('05308-00019-00027','05308','00019','00027','LOS PIRATAS 151 ST 27',14008909,NULL,'H',14008909,NULL,NULL,400,'U',NULL,'no_agricola','SII_CSV'),
('05308-00019-00028','05308','00019','00028','PASAJE LOS PIRATAS 153 ST 28',14741476,NULL,'H',14741476,NULL,NULL,444,'U',NULL,'no_agricola','SII_CSV'),
('05308-00019-00029','05308','00019','00029','EL YUNQUE MZ 19 ST 29',12250017,149372,'W',NULL,NULL,NULL,670,'U',NULL,'no_agricola','SII_CSV'),
('05308-00019-00030','05308','00019','00030','EL PANGUE 112 LT 26',14084787,NULL,'H',14084787,NULL,NULL,382,'U',NULL,'no_agricola','SII_CSV'),
('05308-00019-00032','05308','00019','00032','LORD ANSON 401 CASA 1',16965823,NULL,'H',16965823,NULL,NULL,403,'U',NULL,'no_agricola','SII_CSV'),
('05308-00019-00033','05308','00019','00033','LORD ANSON 401 CASA 2',16910972,NULL,'H',16910972,NULL,NULL,400,'U',NULL,'no_agricola','SII_CSV'),
('05308-00019-00034','05308','00019','00034','LORD ANSON 401 CASA 3',16929256,NULL,'H',16929256,NULL,NULL,401,'U',NULL,'no_agricola','SII_CSV'),
('05308-00019-00035','05308','00019','00035','LORD ANSON 401 CASA 4',16910972,NULL,'H',16910972,NULL,NULL,400,'U',NULL,'no_agricola','SII_CSV'),
('05308-00019-00036','05308','00019','00036','LORD ANSON 401 CASA 5',16910972,NULL,'H',16910972,NULL,NULL,400,'U',NULL,'no_agricola','SII_CSV'),
('05308-00019-00037','05308','00019','00037','LORD ANSON 401 CASA 6',16910972,NULL,'H',16910972,NULL,NULL,400,'U',NULL,'no_agricola','SII_CSV'),
('05308-00019-00038','05308','00019','00038','LORD ANSON 401 CASA 7',16910972,NULL,'H',16910972,NULL,NULL,400,'U',NULL,'no_agricola','SII_CSV'),
('05308-00019-00039','05308','00019','00039','LORD ANSON 401 CASA 8',16910972,NULL,'H',16910972,NULL,NULL,400,'U',NULL,'no_agricola','SII_CSV'),
('05308-00019-00040','05308','00019','00040','LORD ANSON 401 CASA 9',16910972,NULL,'H',16910972,NULL,NULL,400,'U',NULL,'no_agricola','SII_CSV'),
('05308-00019-00041','05308','00019','00041','LORD ANSON 401 CASA 10',16910972,NULL,'H',16910972,NULL,NULL,400,'U',NULL,'no_agricola','SII_CSV'),
('05308-00019-00042','05308','00019','00042','LOS CIPRESES LT 25 B',30470232,NULL,'H',30470232,NULL,NULL,954,'U',NULL,'no_agricola','SII_CSV'),
('05308-00019-00043','05308','00019','00043','PASAJE LOS CIPRESES ST 25 C',26997235,NULL,'H',26997235,NULL,NULL,950,'U',NULL,'no_agricola','SII_CSV'),
('05308-00019-00044','05308','00019','00044','EL YUNQUE 198 LT 11 -C',15650768,190836,'W',NULL,NULL,NULL,856,'U',NULL,'no_agricola','SII_CSV'),
('05308-00019-00045','05308','00019','00045','LORD ANSO MZ 19 ST 42',16272411,NULL,'W',16272411,NULL,NULL,890,'U',NULL,'no_agricola','SII_CSV'),
('05308-00019-00046','05308','00019','00046','LORD ANSON MZ 19 ST 43',9379491,NULL,'W',9379491,NULL,NULL,513,'U',NULL,'no_agricola','SII_CSV'),
('05308-00019-00048','05308','00019','00048','LORD ANSON 300 CASA 1',14083678,NULL,'H',14083678,'05308-00019-90048',NULL,NULL,'U',NULL,'no_agricola','SII_CSV'),
('05308-00019-00049','05308','00019','00049','LORD ANSON 300 CASA 2',14083678,NULL,'H',14083678,'05308-00019-90048',NULL,NULL,'U',NULL,'no_agricola','SII_CSV'),
('05308-00019-00050','05308','00019','00050','LORD ANSON 300 CASA 3',14083678,NULL,'H',14083678,'05308-00019-90048',NULL,NULL,'U',NULL,'no_agricola','SII_CSV'),
('05308-00019-00051','05308','00019','00051','LORD ANSON 300 CASA 4',14083678,NULL,'H',14083678,'05308-00019-90048',NULL,NULL,'U',NULL,'no_agricola','SII_CSV'),
('05308-00019-00052','05308','00019','00052','LORD ANSON 300 CASA 5',14083678,NULL,'H',14083678,'05308-00019-90048',NULL,NULL,'U',NULL,'no_agricola','SII_CSV'),
('05308-00019-00053','05308','00019','00053','LORD ANSON 300 CASA 6',14083678,NULL,'H',14083678,'05308-00019-90048',NULL,NULL,'U',NULL,'no_agricola','SII_CSV'),
('05308-00019-00054','05308','00019','00054','LORD ANSON 300 CASA 7',14083678,NULL,'H',14083678,'05308-00019-90048',NULL,NULL,'U',NULL,'no_agricola','SII_CSV'),
('05308-00019-00055','05308','00019','00055','LORD ANSON 300 CASA 8',14083678,NULL,'H',14083678,'05308-00019-90048',NULL,NULL,'U',NULL,'no_agricola','SII_CSV'),
('05308-00019-00056','05308','00019','00056','LORD ANSON 300 CASA 9',14083678,NULL,'H',14083678,'05308-00019-90048',NULL,NULL,'U',NULL,'no_agricola','SII_CSV'),
('05308-00019-00057','05308','00019','00057','LORD ANSON 300 CASA 10',14083678,NULL,'H',14083678,'05308-00019-90048',NULL,NULL,'U',NULL,'no_agricola','SII_CSV'),
('05308-00019-00058','05308','00019','00058','LORD ANSON 300 CASA 11',14083678,NULL,'H',14083678,'05308-00019-90048',NULL,NULL,'U',NULL,'no_agricola','SII_CSV'),
('05308-00019-00059','05308','00019','00059','LORD ANSON 300 CASA 12',14083678,NULL,'H',14083678,'05308-00019-90048',NULL,NULL,'U',NULL,'no_agricola','SII_CSV'),
('05308-00019-00060','05308','00019','00060','LORD ANSON 300 CASA 13',14083678,NULL,'H',14083678,'05308-00019-90048',NULL,NULL,'U',NULL,'no_agricola','SII_CSV'),
('05308-00019-00061','05308','00019','00061','LORD ANSON 300 CASA 14',14083678,NULL,'H',14083678,'05308-00019-90048',NULL,NULL,'U',NULL,'no_agricola','SII_CSV'),
('05308-00019-00062','05308','00019','00062','LORD ANSON 300 CASA 15',14083678,NULL,'H',14083678,'05308-00019-90048',NULL,NULL,'U',NULL,'no_agricola','SII_CSV'),
('05308-00019-00063','05308','00019','00063','LORD ANSON 300 CASA 16',14083678,NULL,'H',14083678,'05308-00019-90048',NULL,NULL,'U',NULL,'no_agricola','SII_CSV'),
('05308-00019-00064','05308','00019','00064','LORD ANSON 300 CASA 17',14083678,NULL,'H',14083678,'05308-00019-90048',NULL,NULL,'U',NULL,'no_agricola','SII_CSV'),
('05308-00019-00065','05308','00019','00065','LORD ANSON 300 CASA 18',14083678,NULL,'H',14083678,'05308-00019-90048',NULL,NULL,'U',NULL,'no_agricola','SII_CSV'),
('05308-00019-00069','05308','00019','00069','LORD ANSON MZ 19 ST 45',133361366,NULL,'W',133361366,NULL,NULL,8788,'U',NULL,'no_agricola','SII_CSV'),
('05308-00019-00070','05308','00019','00070','LORD ANSON MZ 19 ST 46',111132155,NULL,'W',111132155,NULL,NULL,7236,'U',NULL,'no_agricola','SII_CSV'),
('05308-00019-00071','05308','00019','00071','LORD ANSON MZ 19 ST 47',364063194,NULL,'W',364063194,NULL,NULL,26200,'U',NULL,'no_agricola','SII_CSV'),
('05308-00019-00072','05308','00019','00072','LORD ANSON MZ 19 SITIO 48 -A',4223513,NULL,'W',4223513,NULL,NULL,231,'U',NULL,'no_agricola','SII_CSV'),
('05308-00019-00073','05308','00019','00073','LORD ANSON MZ 19 SITIO 48 -B',4040677,NULL,'W',4040677,NULL,NULL,221,'U',NULL,'no_agricola','SII_CSV'),
('05308-00019-90048','05308','00019','90048','LORD ANSON MZ 19 ST',100285588,NULL,'K',NULL,NULL,NULL,5485,'U',NULL,'no_agricola','SII_CSV'),
('05308-00020-00001','05308','00020','00001','I CARRERA PINTO 174',18411593,228766,'W',NULL,NULL,NULL,1007,'U',NULL,'no_agricola','SII_CSV'),
('05308-00020-00002','05308','00020','00002','EL PALILLO MZ 20 LT 2',8958968,111316,'W',NULL,NULL,NULL,490,'U',NULL,'no_agricola','SII_CSV'),
('05308-00020-00003','05308','00020','00003','I CARRERA PINTO MZ 20198 LT. 3',11975763,148802,'W',NULL,NULL,NULL,655,'U',NULL,'no_agricola','SII_CSV'),
('05308-00020-00004','05308','00020','00004','EL PALILLO MZ 20 LT 4',8940684,111090,'W',NULL,NULL,NULL,489,'U',NULL,'no_agricola','SII_CSV'),
('05308-00020-00005','05308','00020','00005','EL PALILLO MZ 20 LT 5',27218055,NULL,'H',27218055,NULL,NULL,1041,'U',NULL,'no_agricola','SII_CSV'),
('05308-00020-00007','05308','00020','00007','PJE TENIENTE CORTES MZ 20 LT 7',12969036,NULL,'H',12969036,NULL,NULL,555,'U',NULL,'no_agricola','SII_CSV'),
('05308-00020-00008','05308','00020','00008','IGNACIO CARRERA P. 280',51913847,271796,'G',NULL,NULL,NULL,775,'U',NULL,'no_agricola','SII_CSV'),
('05308-00020-00009','05308','00020','00009','PJE TENIENTE CORTES MZ 20 ST 9',20555197,NULL,'H',20555197,NULL,NULL,500,'U',NULL,'no_agricola','SII_CSV'),
('05308-00020-00010','05308','00020','00010','PSJE TTE CORTES MZ 20 LT 3 A',17058606,NULL,'W',17058606,NULL,NULL,933,'U',NULL,'no_agricola','SII_CSV'),
('05308-00020-00011','05308','00020','00011','EL PALILLO MZ 20 LT 4 A',18467056,NULL,'H',18467056,NULL,NULL,634,'U',NULL,'no_agricola','SII_CSV'),
('05308-00020-00012','05308','00020','00012','PSJE TTE CORTES MZ 20 LT 8 B',10604492,NULL,'W',10604492,NULL,NULL,580,'U',NULL,'no_agricola','SII_CSV'),
('05308-00020-00013','05308','00020','00013','PSJE TTE CORTES MZ 20 LT 9 A',52001506,NULL,'W',52001506,NULL,NULL,3232,'U',NULL,'no_agricola','SII_CSV'),
('05308-00020-00014','05308','00020','00014','EL PANGAL MZ 20 ST 10',22287718,NULL,'W',22287718,NULL,NULL,1219,'U',NULL,'no_agricola','SII_CSV'),
('05308-00020-00015','05308','00020','00015','CCMM LORD ANSON 16',13005914,NULL,'H',13005914,NULL,NULL,400,'U',NULL,'no_agricola','SII_CSV'),
('05308-00021-00001','05308','00021','00001','EL PALILLO MZ 21 LT 1',37796605,469626,'W',NULL,NULL,NULL,2247,'U',NULL,'no_agricola','SII_CSV'),
('05308-00021-00002','05308','00021','00002','I CARRERA PINTO 296 LT 2',15201629,NULL,'H',15201629,NULL,NULL,541,'U',NULL,'no_agricola','SII_CSV'),
('05308-00021-00003','05308','00021','00003','I CARRERA PINTO 298 LOTE 3',11757902,NULL,'H',11757902,NULL,NULL,552,'U',NULL,'no_agricola','SII_CSV'),
('05308-00021-00004','05308','00021','00004','AV COSTANERA EL PALILLO MZ 21 LT 4',73474227,63986,'H',59143557,NULL,NULL,2073,'U',NULL,'no_agricola','SII_CSV'),
('05308-00021-00005','05308','00021','00005','IGNACIO CARRERA P 210',19748184,NULL,'H',19748184,NULL,NULL,671,'U',NULL,'no_agricola','SII_CSV'),
('05308-00021-00006','05308','00021','00006','EL PALILLO 20',8867550,110180,'W',NULL,NULL,NULL,485,'U',NULL,'no_agricola','SII_CSV'),
('05308-00021-00007','05308','00021','00007','AV COSTANERA EL PALILLO MZ 21 ST 7',76621976,78042,'H',59143557,NULL,NULL,3500,'U',NULL,'no_agricola','SII_CSV'),
('05308-00021-00008','05308','00021','00008','I CARRERA PINTO 294',19465214,NULL,'H',19465214,NULL,NULL,1160,'U',NULL,'no_agricola','SII_CSV'),
('05308-00021-00016','05308','00021','00016','MZ 21 ST 13 LT 1 FALDA LARGA',18581444,NULL,'H',18581444,NULL,NULL,3790,'U',NULL,'no_agricola','SII_CSV'),
('05308-00021-00019','05308','00021','00019','FALDA LARGA MZ 21 ST 15 A',32054666,NULL,'H',32054666,NULL,NULL,6186,'U',NULL,'no_agricola','SII_CSV'),
('05308-00021-00021','05308','00021','00021','COSTANERA EL PALILLO MZ 21 LT 1 A',13877258,172428,'W',NULL,NULL,NULL,759,'U',NULL,'no_agricola','SII_CSV'),
('05308-00021-00022','05308','00021','00022','EL PALILLO 20 LOTE 6 B',13515051,NULL,'H',13515051,NULL,NULL,570,'U',NULL,'no_agricola','SII_CSV'),
('05308-00021-00023','05308','00021','00023','FALDA LARGA MZ 21 ST 15 B',38263687,NULL,'H',38263687,NULL,NULL,7213,'U',NULL,'no_agricola','SII_CSV'),
('05308-00021-00024','05308','00021','00024','TENIENTE CORTES 71 LT 7 A',19148441,NULL,'H',19148441,NULL,NULL,718,'U',NULL,'no_agricola','SII_CSV'),
('05308-00022-00001','05308','00022','00001','ST1 MZ 22 PLANO V 6 - 6215 -CV',9196655,NULL,'W',9196655,NULL,NULL,503,'U',NULL,'no_agricola','SII_CSV'),
('05308-00022-00002','05308','00022','00002','ST2 MZ 22 PLANO V 6 - 6215 -CV',5338813,NULL,'W',5338813,NULL,NULL,292,'U',NULL,'no_agricola','SII_CSV'),
('05308-00022-00003','05308','00022','00003','PSJ CHONTA 223 ST 3',8818286,NULL,'H',8818286,NULL,NULL,302,'U',NULL,'no_agricola','SII_CSV'),
('05308-00022-00004','05308','00022','00004','ST4 MZ 22 PLANO V 6 - 6215 -CV',6545532,NULL,'W',6545532,NULL,NULL,358,'U',NULL,'no_agricola','SII_CSV'),
('05308-00022-00005','05308','00022','00005','ST5 MZ 22 PLANO V 6 - 6215 -CV',5430231,67472,'W',NULL,NULL,NULL,297,'U',NULL,'no_agricola','SII_CSV'),
('05308-00022-00006','05308','00022','00006','ST6 MZ 22 PLANO V 6 - 6215 -CV',6033591,NULL,'W',6033591,NULL,NULL,330,'U',NULL,'no_agricola','SII_CSV'),
('05308-00022-00007','05308','00022','00007','ST7 MZ 22 PLANO V 6 - 6215 -CV',6033591,NULL,'W',6033591,NULL,NULL,330,'U',NULL,'no_agricola','SII_CSV'),
('05308-00022-00008','05308','00022','00008','PSJ CHONTA 223 ST 3',9330227,NULL,'H',9330227,NULL,NULL,330,'U',NULL,'no_agricola','SII_CSV'),
('05308-00022-00009','05308','00022','00009','PSJE YUNQUEA 273',9377599,NULL,'H',9377599,NULL,NULL,324,'U',NULL,'no_agricola','SII_CSV'),
('05308-00022-00010','05308','00022','00010','ST10 MZ 22 PLANOV 6 - 6215 -CV',5521649,NULL,'W',5521649,NULL,NULL,302,'U',NULL,'no_agricola','SII_CSV'),
('05308-00022-00011','05308','00022','00011','ST11 MZ 22 PLANO V 6 - 6215 -CV',5649635,NULL,'W',5649635,NULL,NULL,309,'U',NULL,'no_agricola','SII_CSV'),
('05308-00022-00012','05308','00022','00012','ST12 MZ 22 PLANO V 6 - 6215 -CV',5759336,NULL,'W',5759336,NULL,NULL,315,'U',NULL,'no_agricola','SII_CSV'),
('05308-00022-00013','05308','00022','00013','PSJ YUNQUEA 246 LT 13',7584560,NULL,'H',7584560,NULL,NULL,322,'U',NULL,'no_agricola','SII_CSV'),
('05308-00022-00014','05308','00022','00014','ST14 MZ 22 PLANO V 6 - 6215 -CV',5960456,NULL,'W',5960456,NULL,NULL,326,'U',NULL,'no_agricola','SII_CSV'),
('05308-00022-00015','05308','00022','00015','POBLACION GEA MZ 22 ST 15',10802549,NULL,'H',10802549,NULL,NULL,330,'U',NULL,'no_agricola','SII_CSV'),
('05308-00022-00016','05308','00022','00016','ST16 MZ 22 PLANO V 6 - 6215 -CV',5704486,70882,'W',NULL,NULL,NULL,312,'U',NULL,'no_agricola','SII_CSV'),
('05308-00022-00017','05308','00022','00017','ST17 MZ 22 PLANO V 6 - 6215 -CV',5649635,NULL,'W',5649635,NULL,NULL,309,'U',NULL,'no_agricola','SII_CSV'),
('05308-00022-00018','05308','00022','00018','ST18 MZ 22 PLANO V 6 - 6215 -CV',5558217,NULL,'W',5558217,NULL,NULL,304,'U',NULL,'no_agricola','SII_CSV'),
('05308-00022-00019','05308','00022','00019','ST19 MZ 22 PLANO V 6 - 6215 -CV',5485082,NULL,'W',5485082,NULL,NULL,300,'U',NULL,'no_agricola','SII_CSV'),
('05308-00022-00020','05308','00022','00020','ST20 MZ 22 PLANO V 6 - 6215 -CV',4772022,NULL,'W',4772022,NULL,NULL,261,'U',NULL,'no_agricola','SII_CSV'),
('05308-00022-00021','05308','00022','00021','ST21 MZ 22 PLANO V 6 - 6215 -CV',4570902,NULL,'W',4570902,NULL,NULL,250,'U',NULL,'no_agricola','SII_CSV'),
('05308-00022-00022','05308','00022','00022','ST22 MZ 22 PLANO V 6 - 6215 -CV',4442917,NULL,'W',4442917,NULL,NULL,243,'U',NULL,'no_agricola','SII_CSV'),
('05308-00022-00023','05308','00022','00023','ST23 MZ 22 PLANO V 6 - 6215 -CV',4333215,NULL,'W',4333215,NULL,NULL,237,'U',NULL,'no_agricola','SII_CSV'),
('05308-00022-00024','05308','00022','00024','ST24 MZ 22 PLANO V 6 - 6215 -CV',4772022,NULL,'W',4772022,NULL,NULL,261,'U',NULL,'no_agricola','SII_CSV'),
('05308-00022-00025','05308','00022','00025','ST25 MZ 22 PLANO V 6 - 6215 -CV',5283963,NULL,'W',5283963,NULL,NULL,289,'U',NULL,'no_agricola','SII_CSV'),
('05308-00022-00026','05308','00022','00026','ST26 MZ 22 PLANO V 6 - 6215 -CV',5485082,NULL,'W',5485082,NULL,NULL,300,'U',NULL,'no_agricola','SII_CSV'),
('05308-00022-00027','05308','00022','00027','ST27 MZ 22 PLANO V 6 - 6215 -CV',6161576,NULL,'W',6161576,NULL,NULL,337,'U',NULL,'no_agricola','SII_CSV'),
('05308-00022-00028','05308','00022','00028','ST28 MZ 22 PLANO V 6 - 6215 -CV',6161576,NULL,'W',6161576,NULL,NULL,337,'U',NULL,'no_agricola','SII_CSV'),
('05308-00022-00029','05308','00022','00029','ST29 MZ 22 PLANO V 6 - 6215 -CV',5485082,NULL,'W',5485082,NULL,NULL,300,'U',NULL,'no_agricola','SII_CSV'),
('05308-00022-00030','05308','00022','00030','ST30 MZ 22 PLANO V 6 - 6215 -CV',5485082,NULL,'W',5485082,NULL,NULL,300,'U',NULL,'no_agricola','SII_CSV'),
('05308-00022-00031','05308','00022','00031','ST31 MZ 22 PLANO V 6 - 6215 -CV',5485082,NULL,'W',5485082,NULL,NULL,300,'U',NULL,'no_agricola','SII_CSV'),
('05308-00022-00032','05308','00022','00032','ST32 MZ 22 PLANO V 6 - 6215 -CV',6161576,NULL,'W',6161576,NULL,NULL,337,'U',NULL,'no_agricola','SII_CSV'),
('05308-00022-00033','05308','00022','00033','ST33 MZ 22 PLANO V 6 - 6215 -CV',6161576,NULL,'W',6161576,NULL,NULL,337,'U',NULL,'no_agricola','SII_CSV'),
('05308-00022-00034','05308','00022','00034','ST34 MZ 22 PLANO V 6 - 6215 -CV',6161576,NULL,'W',6161576,NULL,NULL,337,'U',NULL,'no_agricola','SII_CSV'),
('05308-00022-00035','05308','00022','00035','ST35 MZ 22 PLANO V 6 - 6215 -CV',6161576,NULL,'W',6161576,NULL,NULL,337,'U',NULL,'no_agricola','SII_CSV'),
('05308-00022-00036','05308','00022','00036','ST36 MZ 22 PLANO V 6 - 6215 -CV',5485082,NULL,'W',5485082,NULL,NULL,300,'U',NULL,'no_agricola','SII_CSV'),
('05308-00022-00037','05308','00022','00037','ST37 MZ 22 PLANO V 6 - 6215 -CV',5485082,NULL,'W',5485082,NULL,NULL,300,'U',NULL,'no_agricola','SII_CSV'),
('05308-00022-00038','05308','00022','00038','ST38 MZ 22 PLANO V 6 - 6215 -CV',5485082,NULL,'W',5485082,NULL,NULL,300,'U',NULL,'no_agricola','SII_CSV'),
('05308-00022-00039','05308','00022','00039','ST39 MZ 22 PLANO V 6 - 6215 -CV',6161576,NULL,'W',6161576,NULL,NULL,337,'U',NULL,'no_agricola','SII_CSV'),
('05308-00022-00040','05308','00022','00040','ST40 MZ 22 PLANO V 6 - 6215 -CV',6161576,NULL,'W',6161576,NULL,NULL,337,'U',NULL,'no_agricola','SII_CSV'),
('05308-00022-00041','05308','00022','00041','PJE. LOS CIPRESES MZ 22 ST. 41',8263209,NULL,'H',8263209,NULL,NULL,235,'U',NULL,'no_agricola','SII_CSV'),
('05308-00100-00001','05308','00100','00001','ISLA SAN FELIX EST NAVAL',2548642642,NULL,'P',2548642642,NULL,NULL,2187500,'R',NULL,'no_agricola','SII_CSV'),
('05308-09326-00001','05308','09326','00001','LARRAIN ALCALDE 66',126001299,NULL,'W',126001299,NULL,NULL,8303,'U',NULL,'no_agricola','SII_CSV'),
('05308-09326-00003','05308','09326','00003','LARRAIN ALCALDE',39277885,NULL,'H',39277885,NULL,NULL,1911,'U',NULL,'no_agricola','SII_CSV'),
('05308-09326-00004','05308','09326','00004','LARRAIN ALCALDE 246',41045640,NULL,'H',41045640,NULL,NULL,1250,'R',NULL,'no_agricola','SII_CSV'),
('05308-09326-00005','05308','09326','00005','LARRAIN ALCALDE 98',11485871,NULL,'H',11485871,NULL,NULL,504,'R',NULL,'no_agricola','SII_CSV'),
('05308-09326-00007','05308','09326','00007','LARRAIN ALCALDE',16877493,NULL,'H',16877493,NULL,NULL,625,'U',NULL,'no_agricola','SII_CSV'),
('05308-09326-00010','05308','09326','00010','VICENTE GONZALEZ 129',52309388,NULL,'P',52309388,NULL,NULL,2077,'U',NULL,'no_agricola','SII_CSV'),
('05308-09326-00011','05308','09326','00011','LARRAIN ALCALDE',114698899,NULL,'H',114698899,NULL,NULL,7000,'R',NULL,'no_agricola','SII_CSV'),
('05308-09326-00016','05308','09326','00016','LA POLVORA 545',62659256,7850,'H',59143557,NULL,NULL,3750,'R',NULL,'no_agricola','SII_CSV'),
('05308-09326-00017','05308','09326','00017','PJ LOS PATRIOTAS SN',7693814,NULL,'H',7693814,NULL,NULL,338,'U',NULL,'no_agricola','SII_CSV'),
('05308-09326-00019','05308','09326','00019','LA POLVORA 320',47101711,NULL,'Q',47101711,NULL,NULL,2591,'U',NULL,'no_agricola','SII_CSV'),
('05308-09326-00020','05308','09326','00020','LA POLVORA 274',25617477,NULL,'H',25617477,NULL,NULL,1250,'R',NULL,'no_agricola','SII_CSV'),
('05308-09326-00021','05308','09326','00021','LA POLVORA 254',23989975,NULL,'H',23989975,NULL,NULL,1250,'U',NULL,'no_agricola','SII_CSV'),
('05308-09326-00023','05308','09326','00023','LA POLVORA',58763074,NULL,'H',58763074,NULL,NULL,3600,'U',NULL,'no_agricola','SII_CSV'),
('05308-09326-00024','05308','09326','00024','LA POLVORA 599',30407993,NULL,'H',30407993,NULL,NULL,1425,'R',NULL,'no_agricola','SII_CSV'),
('05308-09326-00025','05308','09326','00025','LA POLVORA 246',12306054,NULL,'H',12306054,NULL,NULL,625,'R',NULL,'no_agricola','SII_CSV'),
('05308-09326-00027','05308','09326','00027','LA POLVORA 589',23156423,NULL,'H',23156423,NULL,NULL,1250,'R',NULL,'no_agricola','SII_CSV'),
('05308-09326-00028','05308','09326','00028','LA POLVORA',102470909,193458,'H',59143557,NULL,NULL,15800,'R',NULL,'no_agricola','SII_CSV'),
('05308-09326-00029','05308','09326','00029','LA POLVORA 447',31026841,NULL,'H',31026841,NULL,NULL,1900,'U',NULL,'no_agricola','SII_CSV'),
('05308-09326-00032','05308','09326','00032','LA POLVORA 353',29050933,NULL,'H',29050933,NULL,NULL,1510,'U',NULL,'no_agricola','SII_CSV'),
('05308-09326-00033','05308','09326','00033','LA POLVORA 370',14845849,NULL,'H',14845849,NULL,NULL,730,'U',NULL,'no_agricola','SII_CSV'),
('05308-09326-00036','05308','09326','00036','LA POLVORA',64580181,NULL,'H',64580181,NULL,NULL,3009,'R',NULL,'no_agricola','SII_CSV'),
('05308-09326-00037','05308','09326','00037','LARRAIN ALCALDE',87529418,NULL,'H',87529418,NULL,NULL,5100,'R',NULL,'no_agricola','SII_CSV'),
('05308-09326-00039','05308','09326','00039','EL YUNQUE',90813217,NULL,'W',90813217,NULL,NULL,5913,'U',NULL,'no_agricola','SII_CSV'),
('05308-09326-00040','05308','09326','00040','VICENTE GONZALEZ 39',31297247,NULL,'H',31297247,NULL,NULL,1781,'R',NULL,'no_agricola','SII_CSV'),
('05308-09326-00042','05308','09326','00042','LORD ANSON 95',28101464,NULL,'H',28101464,NULL,NULL,1500,'U',NULL,'no_agricola','SII_CSV'),
('05308-09326-00062','05308','09326','00062','EL POLVORIN',171900816,NULL,'H',171900816,NULL,NULL,8450,'U',NULL,'no_agricola','SII_CSV'),
('05308-09326-00065','05308','09326','00065','ISLA MAS A TIEA',13017522,NULL,'H',13017522,NULL,NULL,11270,'R',NULL,'no_agricola','SII_CSV'),
('05308-09326-00069','05308','09326','00069','LA POLVORA 448',30913995,NULL,'H',30913995,NULL,NULL,1675,'U',NULL,'no_agricola','SII_CSV'),
('05308-09326-00076','05308','09326','00076','COSTANERA 174 I C PINTO',27129507,NULL,'H',27129507,NULL,NULL,1416,'U',NULL,'no_agricola','SII_CSV'),
('05308-09326-00077','05308','09326','00077','PEDREGAL',33197314,NULL,'H',33197314,NULL,NULL,1750,'R',NULL,'no_agricola','SII_CSV'),
('05308-09326-00080','05308','09326','00080','LA POLVORA 590',26570617,NULL,'H',26570617,NULL,NULL,1450,'R',NULL,'no_agricola','SII_CSV'),
('05308-09326-00084','05308','09326','00084','LA POLVORA 142 ST 4 MZ F',10970085,NULL,'H',10970085,NULL,NULL,482,'U',NULL,'no_agricola','SII_CSV'),
('05308-09326-00087','05308','09326','00087','EL SANDALO 156',22793851,NULL,'H',22793851,NULL,NULL,1197,'R',NULL,'no_agricola','SII_CSV'),
('05308-09326-00089','05308','09326','00089','EL CASTILLO 119',6582099,81784,'W',NULL,NULL,NULL,360,'U',NULL,'no_agricola','SII_CSV'),
('05308-09326-00097','05308','09326','00097','PJE EL ESTANQUE 60',24215897,NULL,'H',24215897,NULL,NULL,1677,'U',NULL,'no_agricola','SII_CSV'),
('05308-09326-00098','05308','09326','00098','LAS HIGUERAS 7',29441315,NULL,'H',29441315,NULL,NULL,1500,'R',NULL,'no_agricola','SII_CSV'),
('05308-09326-00101','05308','09326','00101','VALLE YUNQUE',6505379,NULL,'L',6505379,NULL,NULL,273,'U',NULL,'no_agricola','SII_CSV'),
('05308-09326-00103','05308','09326','00103','EL CASTILLO 221',63804743,20812,'H',59143557,NULL,NULL,3916,'U',NULL,'no_agricola','SII_CSV'),
('05308-09326-00104','05308','09326','00104','AV JOHOW 258',26297561,NULL,'H',26297561,NULL,NULL,1431,'R',NULL,'no_agricola','SII_CSV'),
('05308-09326-00105','05308','09326','00105','DR JOHOW 296',34082929,NULL,'H',34082929,NULL,NULL,1873,'R',NULL,'no_agricola','SII_CSV'),
('05308-09326-00106','05308','09326','00106','EL CASTILLO 298',41026445,NULL,'H',41026445,NULL,NULL,2160,'R',NULL,'no_agricola','SII_CSV'),
('05308-09326-00109','05308','09326','00109','IGNACIO CARRERA P 222',11119858,NULL,'H',11119858,NULL,NULL,455,'U',NULL,'no_agricola','SII_CSV'),
('05308-09326-00110','05308','09326','00110','PANGAL',27957200,NULL,'H',27957200,NULL,NULL,1442,'R',NULL,'no_agricola','SII_CSV'),
('05308-09326-00112','05308','09326','00112','OBSERVATORIO',121403154,NULL,'W',121403154,NULL,NULL,8000,'U',NULL,'no_agricola','SII_CSV'),
('05308-09326-00121','05308','09326','00121','DEL REY 21',17312174,NULL,'H',17312174,NULL,NULL,809,'U',NULL,'no_agricola','SII_CSV'),
('05308-09326-00123','05308','09326','00123','LOS PATRIOTAS 10',24668352,NULL,'H',24668352,NULL,NULL,1225,'R',NULL,'no_agricola','SII_CSV'),
('05308-09326-00132','05308','09326','00132','PJE EL PANGAL MZ 14 ST 6 A',19109064,NULL,'H',19109064,NULL,NULL,1000,'R',NULL,'no_agricola','SII_CSV'),
('05308-09326-00133','05308','09326','00133','PJE EL PANGAL MZ 14 ST 6 B',19964097,NULL,'H',19964097,NULL,NULL,1000,'U',NULL,'no_agricola','SII_CSV'),
('05308-09326-00135','05308','09326','00135','DEL REY 4',15507923,NULL,'P',15507923,NULL,NULL,695,'U',NULL,'no_agricola','SII_CSV'),
('05308-09326-00136','05308','09326','00136','AERODROMO LA PUNTA',224783100,NULL,'W',224783100,NULL,NULL,300000,'R',NULL,'no_agricola','SII_CSV'),
('05308-09326-00138','05308','09326','00138','LARRAIN ALCALDE 399',11762228,NULL,'H',11762228,NULL,NULL,400,'R',NULL,'no_agricola','SII_CSV'),
('05308-09326-00143','05308','09326','00143','CALETA EL PANGAL HOSTERIA',122856844,655442,'G',NULL,NULL,NULL,5173,'U',NULL,'no_agricola','SII_CSV'),
('05308-09326-00148','05308','09326','00148','LARRAIN ALCALDE 120',24875509,NULL,'H',24875509,NULL,NULL,1200,'R',NULL,'no_agricola','SII_CSV'),
('05308-09326-00149','05308','09326','00149','IGNACIO CARRERA PINTO',23516662,NULL,'H',23516662,NULL,NULL,473,'R',NULL,'no_agricola','SII_CSV'),
('05308-09326-00154','05308','09326','00154','TENIENTE CORTEZ 10',15070115,NULL,'H',15070115,NULL,NULL,200,'U',NULL,'no_agricola','SII_CSV'),
('05308-09326-00157','05308','09326','00157','I CARRERA PINTO 280',7363928,NULL,'H',7363928,NULL,NULL,209,'R',NULL,'no_agricola','SII_CSV'),
('05308-09326-00163','05308','09326','00163','DRESDEN 68 MZ 1 ST 5',20111968,249894,'W',NULL,NULL,NULL,1100,'U',NULL,'no_agricola','SII_CSV'),
('05308-09326-00167','05308','09326','00167','PJE LA REINA',10060271,NULL,'H',10060271,NULL,NULL,59,'U',NULL,'no_agricola','SII_CSV'),
('05308-09326-00168','05308','09326','00168','PSJE EL PAUGAL 84 MZ 18 ST 3',16144426,200594,'W',NULL,NULL,NULL,883,'U',NULL,'no_agricola','SII_CSV'),
('05308-09326-00169','05308','09326','00169','PSJ EL ESTANQUE MZ 9 ST 5',32385880,NULL,'H',32385880,NULL,NULL,1712,'U',NULL,'no_agricola','SII_CSV'),
('05308-09326-00192','05308','09326','00192','MZ 21 ST 13 LT 2 FALDA LARGA',15992581,198708,'W',NULL,NULL,NULL,3790,'U',NULL,'no_agricola','SII_CSV'),
('05308-09326-00251','05308','09326','00251','CAMINO SIN NOMBRE 5 MZ 6 ST 22',16016440,NULL,'W',16016440,NULL,NULL,876,'U',NULL,'no_agricola','SII_CSV'),
('05308-09326-00252','05308','09326','00252','CAMINO SIN NOMBRE 5 MZ 6 ST 23',15925022,NULL,'W',15925022,NULL,NULL,871,'U',NULL,'no_agricola','SII_CSV'),
('05308-09326-00253','05308','09326','00253','CAMINO SIN NOMBRE 5 MZ 6 ST 24',16564948,NULL,'W',16564948,NULL,NULL,906,'U',NULL,'no_agricola','SII_CSV'),
('05308-09326-00254','05308','09326','00254','CAMINO SIN NOMBRE 5 MZ 6 ST 25',8958968,NULL,'W',8958968,NULL,NULL,490,'U',NULL,'no_agricola','SII_CSV'),
('05308-09326-00500','05308','09326','00500','AERODROMO R CRUSOE INT',7635978,NULL,'L',7635978,NULL,NULL,35,'R',NULL,'no_agricola','SII_CSV')
ON CONFLICT (rol) DO UPDATE SET
  avaluo_total_vigente = EXCLUDED.avaluo_total_vigente,
  contribucion_semestre = EXCLUDED.contribucion_semestre,
  destino_sii          = EXCLUDED.destino_sii,
  avaluo_total_exento  = EXCLUDED.avaluo_total_exento,
  sup_terreno_m2       = EXCLUDED.sup_terreno_m2,
  cod_ubicacion        = EXCLUDED.cod_ubicacion,
  fuente_datos         = 'SII_CSV',
  fecha_actualizacion  = now();

-- ─────────────────────────────────────────────────
-- NL: BRTMPCATASNL_2025_2_05308  |  CÓDIGO 05308
-- 349 filas
-- ─────────────────────────────────────────────────
INSERT INTO catastro.construcciones (
  rol, numero_construccion, material_codigo,
  calidad_codigo, anio_construccion,
  sup_total_m2, destino_construccion, condicion_especial,
  numero_pisos, fuente_datos
) VALUES
('05308-00001-00007',1,'E',4,2010,78,'H',NULL,1,'SII_CSV'),
('05308-00001-00008',1,'E',4,1996,80,'H',NULL,1,'SII_CSV'),
('05308-00001-00010',1,'E',3,2020,220,'H',NULL,1,'SII_CSV'),
('05308-00001-00011',1,'E',3,2020,156,'H',NULL,1,'SII_CSV'),
('05308-00001-00012',1,'E',3,2020,200,'H',NULL,1,'SII_CSV'),
('05308-00001-00013',1,'E',3,2020,360,'V',NULL,1,'SII_CSV'),
('05308-00001-00015',1,'E',4,2012,43,'V',NULL,1,'SII_CSV'),
('05308-00001-00015',2,'E',4,2012,30,'V',NULL,1,'SII_CSV'),
('05308-00001-00015',3,'E',3,2016,81,'V',NULL,1,'SII_CSV'),
('05308-00001-00015',4,'E',4,2020,12,'V',NULL,1,'SII_CSV'),
('05308-00001-00015',5,'E',4,2020,12,'V',NULL,1,'SII_CSV'),
('05308-00001-00018',1,'E',4,2007,70,'H',NULL,1,'SII_CSV'),
('05308-00001-00022',1,'E',4,2005,50,'H',NULL,1,'SII_CSV'),
('05308-00001-00023',1,'E',4,1992,44,'H',NULL,1,'SII_CSV'),
('05308-00001-00024',1,'E',4,1980,57,'H',NULL,1,'SII_CSV'),
('05308-00001-00028',1,'E',4,1965,80,'H',NULL,1,'SII_CSV'),
('05308-00001-00029',1,'E',4,1970,54,'H',NULL,1,'SII_CSV'),
('05308-00001-00031',1,'E',4,2005,50,'H',NULL,1,'SII_CSV'),
('05308-00002-00004',1,'E',4,1990,56,'H',NULL,1,'SII_CSV'),
('05308-00002-00008',1,'E',4,2003,40,'H',NULL,1,'SII_CSV'),
('05308-00003-00002',1,'E',5,2011,24,'L',NULL,1,'SII_CSV'),
('05308-00003-00002',2,'E',5,2011,24,'L',NULL,1,'SII_CSV'),
('05308-00003-00002',3,'E',5,2011,18,'L',NULL,1,'SII_CSV'),
('05308-00003-00003',1,'E',4,2015,120,'C',NULL,1,'SII_CSV'),
('05308-00003-00006',1,'E',3,2020,93,'V',NULL,1,'SII_CSV'),
('05308-00003-00007',1,'E',3,2020,255,'V',NULL,1,'SII_CSV'),
('05308-00003-00008',1,'E',4,2013,32,'V',NULL,1,'SII_CSV'),
('05308-00003-00009',1,'E',4,2015,20,'C',NULL,1,'SII_CSV'),
('05308-00005-00001',1,'E',4,1980,62,'P',NULL,1,'SII_CSV'),
('05308-00005-00002',1,'E',3,2014,1218,'E',NULL,1,'SII_CSV'),
('05308-00005-00005',1,'E',4,1965,300,'V',NULL,1,'SII_CSV'),
('05308-00005-00006',1,'E',4,1985,180,'V',NULL,1,'SII_CSV'),
('05308-00005-00007',1,'P',1,NULL,1126,NULL,NULL,0,'SII_CSV'),
('05308-00005-00008',1,'E',3,2013,280,'C',NULL,2,'SII_CSV'),
('05308-00005-00010',1,'E',4,2014,183,'H',NULL,1,'SII_CSV'),
('05308-00005-00011',1,'E',3,2015,95,'H',NULL,1,'SII_CSV'),
('05308-00005-00013',1,'E',4,2010,62,'H',NULL,1,'SII_CSV'),
('05308-00006-00002',1,'E',3,1985,165,'O',NULL,1,'SII_CSV'),
('05308-00006-00002',2,'E',4,1985,70,'H',NULL,1,'SII_CSV'),
('05308-00006-00002',3,'E',3,2000,48,'O',NULL,1,'SII_CSV'),
('05308-00006-00003',1,'E',3,2014,201,'V',NULL,1,'SII_CSV'),
('05308-00006-00004',1,'E',3,2014,15,'V',NULL,1,'SII_CSV'),
('05308-00006-00005',1,'G',4,2012,12,'V',NULL,1,'SII_CSV'),
('05308-00006-00007',1,'E',4,2009,110,'H',NULL,1,'SII_CSV'),
('05308-00006-00012',1,'E',5,2007,36,'H',NULL,1,'SII_CSV'),
('05308-00006-00012',2,'C',5,2007,24,'H',NULL,1,'SII_CSV'),
('05308-00006-00015',1,'E',4,2012,69,'C',NULL,1,'SII_CSV'),
('05308-00006-00016',1,'E',4,2012,85,'H',NULL,2,'SII_CSV'),
('05308-00006-00017',1,'E',4,2002,56,'H',NULL,1,'SII_CSV'),
('05308-00006-00019',1,'E',4,1991,76,'H',NULL,1,'SII_CSV'),
('05308-00006-00019',2,'E',4,1994,40,'H',NULL,1,'SII_CSV'),
('05308-00006-00021',1,'E',4,2018,50,'H',NULL,2,'SII_CSV'),
('05308-00006-00022',1,'E',4,1996,71,'H',NULL,2,'SII_CSV'),
('05308-00006-00024',1,'E',4,1997,94,'C',NULL,1,'SII_CSV'),
('05308-00006-00024',2,'E',4,1997,40,'H',NULL,1,'SII_CSV'),
('05308-00006-00029',1,'E',4,2015,59,'C',NULL,1,'SII_CSV'),
('05308-00006-00030',1,'E',4,1994,67,'H',NULL,2,'SII_CSV'),
('05308-00006-00032',1,'E',4,2018,52,'H',NULL,1,'SII_CSV'),
('05308-00007-00002',1,'E',4,1973,60,'H',NULL,1,'SII_CSV'),
('05308-00007-00002',2,'E',4,2002,42,'H',NULL,1,'SII_CSV'),
('05308-00007-00003',1,'E',4,1974,60,'H',NULL,1,'SII_CSV'),
('05308-00007-00004',1,'E',4,2001,70,'H',NULL,1,'SII_CSV'),
('05308-00007-00005',1,'E',4,1950,60,'H',NULL,1,'SII_CSV'),
('05308-00007-00006',1,'E',4,1977,56,'H',NULL,1,'SII_CSV'),
('05308-00007-00007',1,'E',4,1992,48,'H',NULL,1,'SII_CSV'),
('05308-00007-00008',1,'E',4,2004,40,'H',NULL,1,'SII_CSV'),
('05308-00007-00009',1,'E',4,2001,120,'H',NULL,1,'SII_CSV'),
('05308-00007-00012',1,'E',4,1991,60,'H',NULL,1,'SII_CSV'),
('05308-00007-00021',1,'E',4,2001,70,'H',NULL,1,'SII_CSV'),
('05308-00007-00031',1,'E',4,2012,60,'H',NULL,1,'SII_CSV'),
('05308-00007-00031',2,'E',4,2012,60,'H',NULL,1,'SII_CSV'),
('05308-00007-00032',1,'E',4,2012,60,'H',NULL,1,'SII_CSV'),
('05308-00007-00032',2,'E',4,2012,60,'H',NULL,1,'SII_CSV'),
('05308-00007-00033',1,'E',4,2012,60,'H',NULL,1,'SII_CSV'),
('05308-00007-00033',2,'E',4,2012,60,'H',NULL,1,'SII_CSV'),
('05308-00007-00034',1,'E',4,2012,60,'H',NULL,1,'SII_CSV'),
('05308-00007-00034',2,'E',4,2012,60,'H',NULL,1,'SII_CSV'),
('05308-00007-00035',1,'E',4,2012,60,'H',NULL,1,'SII_CSV'),
('05308-00007-00035',2,'E',4,2012,60,'H',NULL,1,'SII_CSV'),
('05308-00007-00036',1,'E',4,2005,72,'H',NULL,1,'SII_CSV'),
('05308-00007-00037',1,'E',4,2021,57,'H',NULL,1,'SII_CSV'),
('05308-00007-00038',1,'E',3,2022,206,'P',NULL,1,'SII_CSV'),
('05308-00007-00038',2,'E',3,2022,135,'P',NULL,1,'SII_CSV'),
('05308-00007-00038',3,'E',4,2022,118,'P',NULL,1,'SII_CSV'),
('05308-00007-00038',4,'E',4,2022,32,'L',NULL,1,'SII_CSV'),
('05308-00007-00038',5,'E',4,2022,32,'L',NULL,1,'SII_CSV'),
('05308-00007-00038',6,'E',4,2022,32,'L',NULL,1,'SII_CSV'),
('05308-00007-00042',1,'E',4,2011,52,'H',NULL,1,'SII_CSV'),
('05308-00007-00044',1,'E',4,2001,30,'H',NULL,1,'SII_CSV'),
('05308-00007-00051',1,'E',4,2011,58,'H',NULL,1,'SII_CSV'),
('05308-00007-00053',1,'E',4,2011,58,'H',NULL,1,'SII_CSV'),
('05308-00007-00059',1,'E',4,2011,58,'H',NULL,1,'SII_CSV'),
('05308-00007-00064',1,'E',4,2011,58,'H',NULL,1,'SII_CSV'),
('05308-00007-00066',1,'E',4,2014,80,'H',NULL,1,'SII_CSV'),
('05308-00008-00001',1,'E',4,2007,110,'H',NULL,2,'SII_CSV'),
('05308-00008-00002',1,'E',4,1965,62,'H',NULL,1,'SII_CSV'),
('05308-00008-00005',1,'E',4,1969,70,'H',NULL,1,'SII_CSV'),
('05308-00008-00006',1,'E',4,1969,60,'H',NULL,1,'SII_CSV'),
('05308-00008-00008',1,'E',4,1976,60,'H',NULL,1,'SII_CSV'),
('05308-00008-00010',1,'E',4,1950,90,'H',NULL,1,'SII_CSV'),
('05308-00008-00010',2,'E',4,2003,30,'H',NULL,1,'SII_CSV'),
('05308-00008-00011',1,'E',4,2007,54,'H',NULL,1,'SII_CSV'),
('05308-00008-00014',1,'E',4,1947,40,'H',NULL,1,'SII_CSV'),
('05308-00009-00001',1,'E',4,1980,36,'H',NULL,1,'SII_CSV'),
('05308-00009-00003',1,'E',4,1986,56,'H',NULL,1,'SII_CSV'),
('05308-00009-00004',1,'E',4,1988,40,'H',NULL,1,'SII_CSV'),
('05308-00009-00008',1,'E',4,1970,36,'H',NULL,1,'SII_CSV'),
('05308-00010-00001',1,'C',4,1954,37,'H',NULL,1,'SII_CSV'),
('05308-00010-00003',1,'E',3,1998,150,'H',NULL,1,'SII_CSV'),
('05308-00010-00004',1,'E',4,1970,40,'H',NULL,1,'SII_CSV'),
('05308-00010-00005',1,'E',3,2017,116,'H',NULL,2,'SII_CSV'),
('05308-00010-00006',1,'E',4,1969,68,'H',NULL,1,'SII_CSV'),
('05308-00010-00008',1,'E',3,2016,38,'H',NULL,2,'SII_CSV'),
('05308-00010-00009',1,'E',4,2018,38,'H',NULL,1,'SII_CSV'),
('05308-00010-00010',1,'E',3,1960,77,'H',NULL,1,'SII_CSV'),
('05308-00010-00011',1,'E',5,1980,56,'H',NULL,1,'SII_CSV'),
('05308-00010-00012',1,'E',4,2007,40,'H',NULL,1,'SII_CSV'),
('05308-00011-00008',1,'E',4,2006,54,'H',NULL,1,'SII_CSV'),
('05308-00011-00010',1,'E',4,2005,50,'H',NULL,1,'SII_CSV'),
('05308-00011-00011',1,'E',4,2005,63,'H',NULL,1,'SII_CSV'),
('05308-00011-00012',1,'E',4,2005,50,'H',NULL,1,'SII_CSV'),
('05308-00011-00014',1,'E',4,1969,79,'H',NULL,1,'SII_CSV'),
('05308-00012-00006',1,'E',3,2007,125,'H',NULL,1,'SII_CSV'),
('05308-00012-00006',2,'E',4,2014,65,'H',NULL,1,'SII_CSV'),
('05308-00012-00008',1,'E',4,1960,60,'H',NULL,1,'SII_CSV'),
('05308-00012-00009',1,'E',4,1989,54,'H',NULL,1,'SII_CSV'),
('05308-00012-00011',1,'E',4,1996,72,'H',NULL,1,'SII_CSV'),
('05308-00012-00011',2,'E',4,2000,27,'H',NULL,1,'SII_CSV'),
('05308-00012-00011',3,'E',4,2000,15,'H',NULL,1,'SII_CSV'),
('05308-00012-00012',1,'E',4,1992,49,'H',NULL,1,'SII_CSV'),
('05308-00012-00013',1,'F',4,1918,48,'H',NULL,1,'SII_CSV'),
('05308-00012-00013',2,'C',4,1965,4,'H',NULL,1,'SII_CSV'),
('05308-00013-00005',1,'E',4,2005,56,'H',NULL,1,'SII_CSV'),
('05308-00014-00005',1,'E',4,2000,56,'H',NULL,1,'SII_CSV'),
('05308-00014-00006',1,'E',4,2007,25,'H',NULL,1,'SII_CSV'),
('05308-00014-00007',1,'E',4,1946,100,'H',NULL,1,'SII_CSV'),
('05308-00014-00013',1,'E',3,2000,80,'H',NULL,2,'SII_CSV'),
('05308-00014-00014',1,'E',4,1996,114,'H',NULL,1,'SII_CSV'),
('05308-00014-00015',1,'E',4,2012,36,'H',NULL,1,'SII_CSV'),
('05308-00014-00015',2,'E',4,2022,39,'H',NULL,1,'SII_CSV'),
('05308-00014-00020',1,'E',4,2008,59,'H',NULL,1,'SII_CSV'),
('05308-00015-00003',1,'E',4,2022,46,'H',NULL,1,'SII_CSV'),
('05308-00015-00003',2,'E',4,2022,65,'H',NULL,1,'SII_CSV'),
('05308-00015-00003',3,'E',4,2022,85,'H',NULL,1,'SII_CSV'),
('05308-00015-00003',4,'E',4,2022,50,'H',NULL,1,'SII_CSV'),
('05308-00015-00007',1,'E',4,2000,63,'H',NULL,1,'SII_CSV'),
('05308-00015-00008',1,'E',4,1960,74,'H',NULL,1,'SII_CSV'),
('05308-00015-00009',1,'E',3,2004,104,'H',NULL,1,'SII_CSV'),
('05308-00015-00010',1,'E',4,2010,36,'H',NULL,1,'SII_CSV'),
('05308-00015-00012',1,'E',4,1976,73,'H',NULL,1,'SII_CSV'),
('05308-00015-00013',1,'E',4,2008,50,'H',NULL,1,'SII_CSV'),
('05308-00015-00016',1,'C',4,1996,60,'H',NULL,1,'SII_CSV'),
('05308-00015-00017',1,'E',4,2006,50,'H',NULL,1,'SII_CSV'),
('05308-00015-00018',1,'E',4,1992,49,'H',NULL,1,'SII_CSV'),
('05308-00015-00019',1,'E',4,1975,60,'H',NULL,1,'SII_CSV'),
('05308-00015-00020',1,'E',4,2022,50,'H',NULL,1,'SII_CSV'),
('05308-00015-00020',2,'E',4,2022,20,'L',NULL,20,'SII_CSV'),
('05308-00015-00021',1,'E',4,2022,58,'H',NULL,1,'SII_CSV'),
('05308-00015-00021',2,'E',4,2022,86,'H',NULL,1,'SII_CSV'),
('05308-00015-00023',1,'E',4,1970,43,'H',NULL,1,'SII_CSV'),
('05308-00015-00025',1,'E',4,2010,48,'H',NULL,1,'SII_CSV'),
('05308-00016-00002',1,'E',4,2000,60,'H',NULL,1,'SII_CSV'),
('05308-00016-00003',1,'E',4,1998,56,'H',NULL,1,'SII_CSV'),
('05308-00016-00004',1,'E',4,2016,72,'H',NULL,1,'SII_CSV'),
('05308-00016-00005',1,'E',4,1998,56,'H',NULL,1,'SII_CSV'),
('05308-00016-00006',1,'A',3,2015,1247,'S',NULL,1,'SII_CSV'),
('05308-00016-00008',1,'E',4,1990,36,'H',NULL,1,'SII_CSV'),
('05308-00016-00010',1,'E',4,1980,42,'H',NULL,1,'SII_CSV'),
('05308-00016-00011',1,'E',4,1990,60,'H',NULL,2,'SII_CSV'),
('05308-00016-00012',1,'E',4,1995,45,'H',NULL,1,'SII_CSV'),
('05308-00016-00013',1,'E',4,2002,36,'H',NULL,1,'SII_CSV'),
('05308-00016-00015',1,'E',4,2002,36,'H',NULL,1,'SII_CSV'),
('05308-00016-00016',1,'E',4,2001,36,'H',NULL,1,'SII_CSV'),
('05308-00016-00017',1,'E',4,2005,48,'H',NULL,1,'SII_CSV'),
('05308-00016-00018',1,'E',4,2003,63,'H',NULL,1,'SII_CSV'),
('05308-00016-00020',1,'E',4,2002,41,'H',NULL,1,'SII_CSV'),
('05308-00016-00021',1,'A',3,2015,190,'H',NULL,2,'SII_CSV'),
('05308-00017-00001',1,'A',4,1989,76,'V',NULL,1,'SII_CSV'),
('05308-00017-00001',2,'E',4,2012,40,'V',NULL,1,'SII_CSV'),
('05308-00017-00001',3,'E',4,2008,31,'V',NULL,1,'SII_CSV'),
('05308-00017-00001',4,'E',3,1989,47,'V',NULL,1,'SII_CSV'),
('05308-00017-00001',5,'E',4,2014,80,'Z',NULL,1,'SII_CSV'),
('05308-00017-00001',6,'E',3,1996,120,'H',NULL,1,'SII_CSV'),
('05308-00017-00001',7,'E',3,1978,70,'H',NULL,1,'SII_CSV'),
('05308-00017-00001',8,'E',4,1999,160,'V',NULL,1,'SII_CSV'),
('05308-00017-00001',9,'E',3,1999,120,'O',NULL,1,'SII_CSV'),
('05308-00017-00002',1,'E',4,1985,47,'H',NULL,1,'SII_CSV'),
('05308-00017-00002',2,'E',4,2012,70,'V',NULL,1,'SII_CSV'),
('05308-00017-00002',3,'E',5,2014,9,'V',NULL,1,'SII_CSV'),
('05308-00017-00002',4,'C',5,2002,22,'V',NULL,1,'SII_CSV'),
('05308-00017-00002',5,'E',4,1998,50,'V',NULL,1,'SII_CSV'),
('05308-00017-00004',1,'E',4,2002,23,'H',NULL,1,'SII_CSV'),
('05308-00017-00005',1,'E',4,2001,32,'H',NULL,1,'SII_CSV'),
('05308-00017-00007',1,'E',4,2022,50,'H',NULL,1,'SII_CSV'),
('05308-00018-00001',1,'E',4,1976,68,'H',NULL,1,'SII_CSV'),
('05308-00018-00002',1,'E',4,2016,120,'H',NULL,1,'SII_CSV'),
('05308-00018-00003',1,'E',4,2000,52,'H',NULL,1,'SII_CSV'),
('05308-00018-00004',1,'E',4,2005,60,'H',NULL,1,'SII_CSV'),
('05308-00018-00005',1,'E',4,2014,51,'H',NULL,1,'SII_CSV'),
('05308-00018-00006',1,'E',4,2001,65,'H',NULL,2,'SII_CSV'),
('05308-00018-00012',1,'E',4,2005,39,'H',NULL,1,'SII_CSV'),
('05308-00018-00014',1,'E',4,2009,36,'H',NULL,1,'SII_CSV'),
('05308-00018-00017',1,'E',4,1987,100,'Q',NULL,1,'SII_CSV'),
('05308-00019-00005',1,'E',4,1992,40,'H',NULL,1,'SII_CSV'),
('05308-00019-00006',1,'E',4,1994,48,'H',NULL,1,'SII_CSV'),
('05308-00019-00008',1,'E',4,2003,50,'H',NULL,1,'SII_CSV'),
('05308-00019-00009',1,'E',4,1996,54,'H',NULL,1,'SII_CSV'),
('05308-00019-00010',1,'E',3,2000,63,'H',NULL,2,'SII_CSV'),
('05308-00019-00011',1,'E',4,1992,59,'H',NULL,1,'SII_CSV'),
('05308-00019-00017',1,'E',4,1999,42,'H',NULL,1,'SII_CSV'),
('05308-00019-00022',1,'E',4,1992,48,'H',NULL,1,'SII_CSV'),
('05308-00019-00026',1,'E',4,2001,82,'H',NULL,1,'SII_CSV'),
('05308-00019-00027',1,'E',4,1996,58,'H',NULL,1,'SII_CSV'),
('05308-00019-00028',1,'E',4,1997,56,'H',NULL,1,'SII_CSV'),
('05308-00019-00030',1,'E',4,2000,56,'H',NULL,1,'SII_CSV'),
('05308-00019-00032',1,'E',4,2009,63,'H',NULL,1,'SII_CSV'),
('05308-00019-00033',1,'E',4,2009,63,'H',NULL,1,'SII_CSV'),
('05308-00019-00034',1,'E',4,2009,63,'H',NULL,1,'SII_CSV'),
('05308-00019-00035',1,'E',4,2009,63,'H',NULL,1,'SII_CSV'),
('05308-00019-00036',1,'E',4,2009,63,'H',NULL,1,'SII_CSV'),
('05308-00019-00037',1,'E',4,2009,63,'H',NULL,1,'SII_CSV'),
('05308-00019-00038',1,'E',4,2009,63,'H',NULL,1,'SII_CSV'),
('05308-00019-00039',1,'E',4,2009,63,'H',NULL,1,'SII_CSV'),
('05308-00019-00040',1,'E',4,2009,63,'H',NULL,1,'SII_CSV'),
('05308-00019-00041',1,'E',4,2009,63,'H',NULL,1,'SII_CSV'),
('05308-00019-00042',1,'C',4,1954,136,'H',NULL,1,'SII_CSV'),
('05308-00019-00043',1,'E',4,2017,55,'H',NULL,1,'SII_CSV'),
('05308-00019-00048',1,'E',4,2013,52,'H',NULL,2,'SII_CSV'),
('05308-00019-00049',1,'E',4,2013,52,'H',NULL,2,'SII_CSV'),
('05308-00019-00050',1,'E',4,2013,52,'H',NULL,2,'SII_CSV'),
('05308-00019-00051',1,'E',4,2013,52,'H',NULL,2,'SII_CSV'),
('05308-00019-00052',1,'E',4,2013,52,'H',NULL,2,'SII_CSV'),
('05308-00019-00053',1,'E',4,2013,52,'H',NULL,2,'SII_CSV'),
('05308-00019-00054',1,'E',4,2013,52,'H',NULL,2,'SII_CSV'),
('05308-00019-00055',1,'E',4,2013,52,'H',NULL,2,'SII_CSV'),
('05308-00019-00056',1,'E',4,2013,52,'H',NULL,2,'SII_CSV'),
('05308-00019-00057',1,'E',4,2013,52,'H',NULL,2,'SII_CSV'),
('05308-00019-00058',1,'E',4,2013,52,'H',NULL,2,'SII_CSV'),
('05308-00019-00059',1,'E',4,2013,52,'H',NULL,2,'SII_CSV'),
('05308-00019-00060',1,'E',4,2013,52,'H',NULL,2,'SII_CSV'),
('05308-00019-00061',1,'E',4,2013,52,'H',NULL,2,'SII_CSV'),
('05308-00019-00062',1,'E',4,2013,52,'H',NULL,2,'SII_CSV'),
('05308-00019-00063',1,'E',4,2013,52,'H',NULL,2,'SII_CSV'),
('05308-00019-00064',1,'E',4,2013,52,'H',NULL,2,'SII_CSV'),
('05308-00019-00065',1,'E',4,2013,52,'H',NULL,2,'SII_CSV'),
('05308-00019-90048',1,'E',4,2018,1,'V','TM',2,'SII_CSV'),
('05308-00020-00005',1,'E',4,2013,50,'H',NULL,1,'SII_CSV'),
('05308-00020-00007',1,'E',4,1979,42,'H',NULL,1,'SII_CSV'),
('05308-00020-00008',1,'E',3,2004,56,'G',NULL,1,'SII_CSV'),
('05308-00020-00008',2,'E',3,2004,68,'G',NULL,2,'SII_CSV'),
('05308-00020-00008',3,'E',4,2004,15,'G',NULL,1,'SII_CSV'),
('05308-00020-00009',1,'C',4,1981,49,'H',NULL,2,'SII_CSV'),
('05308-00020-00009',2,'E',4,1981,49,'H',NULL,2,'SII_CSV'),
('05308-00020-00011',1,'E',4,2013,42,'H',NULL,1,'SII_CSV'),
('05308-00020-00015',1,'E',4,2018,32,'H',NULL,1,'SII_CSV'),
('05308-00021-00002',1,'E',4,1996,46,'H',NULL,1,'SII_CSV'),
('05308-00021-00003',1,'E',4,1970,40,'H',NULL,1,'SII_CSV'),
('05308-00021-00004',1,'E',3,2020,100,'H',NULL,1,'SII_CSV'),
('05308-00021-00005',1,'E',4,2007,51,'H',NULL,1,'SII_CSV'),
('05308-00021-00007',1,'E',3,2020,50,'H',NULL,2,'SII_CSV'),
('05308-00021-00007',2,'E',4,2020,10,'L',NULL,1,'SII_CSV'),
('05308-00021-00008',1,'E',4,1970,60,'H',NULL,1,'SII_CSV'),
('05308-00021-00016',1,'E',4,2006,18,'H',NULL,1,'SII_CSV'),
('05308-00021-00019',1,'E',4,2012,37,'H',NULL,1,'SII_CSV'),
('05308-00021-00022',1,'E',4,2006,36,'H',NULL,1,'SII_CSV'),
('05308-00021-00023',1,'E',4,2018,44,'H',NULL,1,'SII_CSV'),
('05308-00021-00024',1,'E',4,1989,63,'H',NULL,1,'SII_CSV'),
('05308-00022-00003',1,'E',4,2000,26,'H',NULL,1,'SII_CSV'),
('05308-00022-00008',1,'E',4,2000,26,'H',NULL,1,'SII_CSV'),
('05308-00022-00009',1,'E',4,2004,25,'H',NULL,1,'SII_CSV'),
('05308-00022-00013',1,'E',5,2007,26,'H',NULL,1,'SII_CSV'),
('05308-00022-00015',1,'E',4,2002,36,'H',NULL,1,'SII_CSV'),
('05308-00022-00041',1,'E',4,1999,32,'H',NULL,1,'SII_CSV'),
('05308-00100-00001',1,'E',4,1977,483,'H',NULL,1,'SII_CSV'),
('05308-00100-00001',2,'E',4,1979,325,'P',NULL,1,'SII_CSV'),
('05308-00100-00001',3,'E',4,1977,480,'P',NULL,1,'SII_CSV'),
('05308-00100-00001',4,'E',4,1978,83,'H',NULL,1,'SII_CSV'),
('05308-00100-00001',5,'E',4,1983,12,'L',NULL,1,'SII_CSV'),
('05308-09326-00003',1,'E',4,1960,170,'H',NULL,1,'SII_CSV'),
('05308-09326-00004',1,'E',4,1950,144,'H',NULL,1,'SII_CSV'),
('05308-09326-00004',2,'E',3,1958,112,'L',NULL,1,'SII_CSV'),
('05308-09326-00004',3,'E',4,1971,88,'H',NULL,1,'SII_CSV'),
('05308-09326-00005',1,'E',4,1940,60,'H',NULL,1,'SII_CSV'),
('05308-09326-00007',1,'E',4,1960,144,'H',NULL,1,'SII_CSV'),
('05308-09326-00010',1,'E',3,1970,196,'P',NULL,1,'SII_CSV'),
('05308-09326-00011',1,'E',4,1940,60,'H',NULL,1,'SII_CSV'),
('05308-09326-00011',2,'E',4,1940,130,'H',NULL,1,'SII_CSV'),
('05308-09326-00016',1,'E',4,1973,60,'H',NULL,1,'SII_CSV'),
('05308-09326-00017',1,'E',4,1960,40,'H',NULL,1,'SII_CSV'),
('05308-09326-00019',1,'E',4,1975,80,'Q',NULL,1,'SII_CSV'),
('05308-09326-00020',1,'E',4,1932,73,'H',NULL,1,'SII_CSV'),
('05308-09326-00021',1,'E',4,1950,30,'H',NULL,1,'SII_CSV'),
('05308-09326-00023',1,'E',4,1970,36,'H',NULL,1,'SII_CSV'),
('05308-09326-00024',1,'E',4,1986,56,'H',NULL,1,'SII_CSV'),
('05308-09326-00025',1,'E',5,1930,120,'H',NULL,1,'SII_CSV'),
('05308-09326-00027',1,'F',5,1927,30,'H',NULL,1,'SII_CSV'),
('05308-09326-00028',1,'E',4,1930,36,'H',NULL,1,'SII_CSV'),
('05308-09326-00029',1,'E',4,1970,36,'H',NULL,1,'SII_CSV'),
('05308-09326-00032',1,'E',4,1960,60,'H',NULL,1,'SII_CSV'),
('05308-09326-00033',1,'E',4,1970,36,'H',NULL,1,'SII_CSV'),
('05308-09326-00036',1,'E',5,1940,530,'L',NULL,1,'SII_CSV'),
('05308-09326-00036',2,'E',4,1940,150,'H',NULL,1,'SII_CSV'),
('05308-09326-00036',3,'E',5,1940,60,'H',NULL,1,'SII_CSV'),
('05308-09326-00037',1,'E',4,1980,60,'H',NULL,1,'SII_CSV'),
('05308-09326-00037',2,'E',4,1940,72,'H',NULL,1,'SII_CSV'),
('05308-09326-00037',3,'E',4,1940,40,'H',NULL,1,'SII_CSV'),
('05308-09326-00040',1,'F',5,1930,36,'H',NULL,1,'SII_CSV'),
('05308-09326-00042',1,'E',4,1970,36,'H',NULL,1,'SII_CSV'),
('05308-09326-00062',1,'E',4,1940,200,'H',NULL,1,'SII_CSV'),
('05308-09326-00062',2,'GE',3,1940,10,'L',NULL,1,'SII_CSV'),
('05308-09326-00062',3,'E',4,1940,92,'L',NULL,1,'SII_CSV'),
('05308-09326-00062',4,'E',4,1940,52,'H',NULL,1,'SII_CSV'),
('05308-09326-00062',5,'C',4,1940,320,'I',NULL,2,'SII_CSV'),
('05308-09326-00065',1,'E',5,1940,20,'H',NULL,1,'SII_CSV'),
('05308-09326-00069',1,'E',4,1959,40,'H',NULL,1,'SII_CSV'),
('05308-09326-00076',1,'E',4,1970,36,'H',NULL,1,'SII_CSV'),
('05308-09326-00077',1,'E',4,1940,74,'H',NULL,1,'SII_CSV'),
('05308-09326-00080',1,'E',5,1955,35,'H',NULL,1,'SII_CSV'),
('05308-09326-00084',1,'E',4,1968,57,'H',NULL,1,'SII_CSV'),
('05308-09326-00087',1,'E',4,1958,24,'H',NULL,1,'SII_CSV'),
('05308-09326-00097',1,'E',5,1960,36,'H',NULL,1,'SII_CSV'),
('05308-09326-00098',1,'E',4,1954,75,'H',NULL,1,'SII_CSV'),
('05308-09326-00101',1,'E',4,1960,40,'L',NULL,1,'SII_CSV'),
('05308-09326-00103',1,'E',4,1960,40,'H',NULL,1,'SII_CSV'),
('05308-09326-00104',1,'E',5,1977,24,'H',NULL,1,'SII_CSV'),
('05308-09326-00105',1,'E',4,1950,50,'H',NULL,1,'SII_CSV'),
('05308-09326-00106',1,'E',4,1976,80,'H',NULL,1,'SII_CSV'),
('05308-09326-00109',1,'E',4,1960,74,'H',NULL,1,'SII_CSV'),
('05308-09326-00110',1,'E',4,1959,56,'H',NULL,1,'SII_CSV'),
('05308-09326-00121',1,'E',4,1980,36,'H',NULL,1,'SII_CSV'),
('05308-09326-00123',1,'E',4,1965,60,'H',NULL,1,'SII_CSV'),
('05308-09326-00132',1,'E',5,1958,49,'H',NULL,1,'SII_CSV'),
('05308-09326-00133',1,'E',4,1980,24,'H',NULL,1,'SII_CSV'),
('05308-09326-00135',1,'E',4,1980,40,'P',NULL,1,'SII_CSV'),
('05308-09326-00138',1,'E',4,1971,76,'C',NULL,1,'SII_CSV'),
('05308-09326-00138',2,'E',5,1971,54,'L',NULL,1,'SII_CSV'),
('05308-09326-00143',1,'E',3,1973,300,'G',NULL,1,'SII_CSV'),
('05308-09326-00143',2,'E',3,2002,60,'G',NULL,2,'SII_CSV'),
('05308-09326-00143',3,'E',3,2002,120,'G',NULL,2,'SII_CSV'),
('05308-09326-00143',4,'E',4,2002,50,'G',NULL,2,'SII_CSV'),
('05308-09326-00143',5,'W',0,NULL,31,NULL,NULL,0,'SII_CSV'),
('05308-09326-00148',1,'E',4,1971,66,'H',NULL,1,'SII_CSV'),
('05308-09326-00149',1,'E',3,1981,98,'H',NULL,2,'SII_CSV'),
('05308-09326-00154',1,'C',4,1981,49,'H',NULL,2,'SII_CSV'),
('05308-09326-00154',2,'E',4,1981,49,'H',NULL,2,'SII_CSV'),
('05308-09326-00157',1,'E',4,1990,36,'H',NULL,1,'SII_CSV'),
('05308-09326-00167',1,'E',4,1993,84,'H',NULL,1,'SII_CSV'),
('05308-09326-00169',1,'E',4,1968,70,'H',NULL,1,'SII_CSV'),
('05308-09326-00500',1,'C',4,2011,35,'L',NULL,1,'SII_CSV')
ON CONFLICT (rol, numero_construccion) DO UPDATE SET
  material_codigo       = EXCLUDED.material_codigo,
  calidad_codigo        = EXCLUDED.calidad_codigo,
  anio_construccion     = EXCLUDED.anio_construccion,
  sup_total_m2          = EXCLUDED.sup_total_m2,
  destino_construccion  = EXCLUDED.destino_construccion,
  condicion_especial    = EXCLUDED.condicion_especial,
  numero_pisos          = EXCLUDED.numero_pisos;

-- ─────────────────────────────────────────────────
-- A: BRTMPCATASA_2025_2_05308  |  CÓDIGO 05308
-- 14 filas
-- ─────────────────────────────────────────────────
INSERT INTO catastro.predios (
  rol, codigo_comuna, manzana, predio, direccion,
  avaluo_total_vigente, contribucion_semestre,
  destino_sii, avaluo_total_exento,
  cod_ubicacion, serie_predio, fuente_datos
) VALUES
('05308-09326-00043','05308','09326','00043','VALLE DEL YUNQ',3994938,NULL,'A',3994938,'R','agricola','SII_CSV'),
('05308-09326-00044','05308','09326','00044','VALLE DEL YUNQ',2396963,NULL,'A',2396963,'R','agricola','SII_CSV'),
('05308-09326-00045','05308','09326','00045','VALLE DEL YUNQ',3728609,NULL,'A',3728609,'R','agricola','SII_CSV'),
('05308-09326-00046','05308','09326','00046','VALLE DEL YUNQ',2396963,NULL,'A',2396963,'R','agricola','SII_CSV'),
('05308-09326-00047','05308','09326','00047','VALLE DEL YUNQ',2796457,NULL,'A',2796457,'R','agricola','SII_CSV'),
('05308-09326-00050','05308','09326','00050','VALLE DEL YUNQ',13316460,NULL,'A',13316460,'R','agricola','SII_CSV'),
('05308-09326-00051','05308','09326','00051','VALLE DEL YUNQ',13316460,NULL,'A',13316460,'R','agricola','SII_CSV'),
('05308-09326-00053','05308','09326','00053','VALLE MINERO',5060256,NULL,'A',5060256,'R','agricola','SII_CSV'),
('05308-09326-00054','05308','09326','00054','VALLE MINERO',3195950,NULL,'A',3195950,'R','agricola','SII_CSV'),
('05308-09326-00055','05308','09326','00055','VALLE MINERO',3728609,NULL,'A',3728609,'R','agricola','SII_CSV'),
('05308-09326-00056','05308','09326','00056','VALLE MINERO',3994938,NULL,'A',3994938,'R','agricola','SII_CSV'),
('05308-09326-00057','05308','09326','00057','VALLE MINERO',4394432,NULL,'A',4394432,'R','agricola','SII_CSV'),
('05308-09326-00058','05308','09326','00058','VALLE DEL YUNQ',13316460,NULL,'A',13316460,'R','agricola','SII_CSV'),
('05308-09326-00059','05308','09326','00059','PARQUE NAC',1659192153,NULL,'A',1659192153,'R','agricola','SII_CSV')
ON CONFLICT (rol) DO UPDATE SET
  avaluo_total_vigente = EXCLUDED.avaluo_total_vigente,
  contribucion_semestre = EXCLUDED.contribucion_semestre,
  destino_sii          = EXCLUDED.destino_sii,
  avaluo_total_exento  = EXCLUDED.avaluo_total_exento,
  cod_ubicacion        = EXCLUDED.cod_ubicacion,
  fuente_datos         = 'SII_CSV',
  fecha_actualizacion  = now();

-- ─────────────────────────────────────────────────
-- AL: BRTMPCATASAL_2025_2_05308  |  CÓDIGO 05308
-- 14 filas
-- ─────────────────────────────────────────────────
INSERT INTO catastro.suelos_agricolas (
  rol, cod_suelo, sup_ha, fuente_datos
) VALUES
('05308-09326-00043','4',3.00,'SII_CSV'),
('05308-09326-00044','4',1.80,'SII_CSV'),
('05308-09326-00045','4',2.80,'SII_CSV'),
('05308-09326-00046','4',1.80,'SII_CSV'),
('05308-09326-00047','4',2.10,'SII_CSV'),
('05308-09326-00050','4',10.00,'SII_CSV'),
('05308-09326-00051','4',10.00,'SII_CSV'),
('05308-09326-00053','4',3.80,'SII_CSV'),
('05308-09326-00054','4',2.40,'SII_CSV'),
('05308-09326-00055','4',2.80,'SII_CSV'),
('05308-09326-00056','4',3.00,'SII_CSV'),
('05308-09326-00057','4',3.30,'SII_CSV'),
('05308-09326-00058','4',10.00,'SII_CSV'),
('05308-09326-00059','7',9312.00,'SII_CSV')
ON CONFLICT (rol, cod_suelo) DO UPDATE SET
  sup_ha = EXCLUDED.sup_ha;

-- ─────────────────────────────────────────────────
-- Registro en catastro.importaciones
-- ─────────────────────────────────────────────────
INSERT INTO catastro.importaciones
  (codigo_comuna, nombre_comuna, archivo_fuente, tipo_archivo,
   total_registros, fecha_importacion, estado, error_msg)
VALUES
('05308', 'CÓDIGO 05308', 'BRTMPCATASN_2025_2_05308', 'N', 456, '2026-03-19T19:37:28.481047', 'completado', NULL),
('05308', 'CÓDIGO 05308', 'BRTMPCATASNL_2025_2_05308', 'NL', 349, '2026-03-19T19:37:28.481047', 'completado', NULL),
('05308', 'CÓDIGO 05308', 'BRTMPCATASA_2025_2_05308', 'A', 14, '2026-03-19T19:37:28.481047', 'completado', NULL),
('05308', 'CÓDIGO 05308', 'BRTMPCATASAL_2025_2_05308', 'AL', 14, '2026-03-19T19:37:28.481047', 'completado', NULL);

COMMIT;
-- ══ FIN DE INGESTIÓN ══
