-- ══════════════════════════════════════════════════════════════
-- SNRI — Ingestión Catastral SII
-- Generado : 2026-03-19 16:51:53
-- Comuna(s): 12206 CÓDIGO 12206
-- Archivos :
--   BRTMPCATASN_2025_2_12206
--   BRTMPCATASNL_2025_2_12206
--   BRTMPCATASA_2025_2_12206
--   BRTMPCATASAL_2025_2_12206
-- ══════════════════════════════════════════════════════════════

SET search_path TO catastro, public;
BEGIN;

-- DDL auxiliar

-- Tabla auxiliar para suelos agrícolas (si no existe)
CREATE TABLE IF NOT EXISTS catastro.suelos_agricolas (
    id          uuid PRIMARY KEY DEFAULT gen_random_uuid(),
    rol         text NOT NULL,
    cod_suelo   text NOT NULL,
    sup_ha      numeric(12,2),
    fuente_datos text,
    created_at  timestamptz DEFAULT now(),
    CONSTRAINT fk_suelos_predio FOREIGN KEY (rol)
        REFERENCES catastro.predios(rol) ON DELETE CASCADE
);
CREATE UNIQUE INDEX IF NOT EXISTS uq_suelos_rol_cod
    ON catastro.suelos_agricolas(rol, cod_suelo);


-- ─────────────────────────────────────────────────
-- N: BRTMPCATASN_2025_2_12206  |  CÓDIGO 12206
-- 71 filas
-- ─────────────────────────────────────────────────
INSERT INTO catastro.predios (
  rol, codigo_comuna, manzana, predio, direccion,
  avaluo_total_vigente, contribucion_semestre, destino_sii,
  avaluo_total_exento, bc1_rol, bc2_rol,
  sup_terreno_m2, cod_ubicacion, rol_padre,
  serie_predio, fuente_datos
) VALUES
('12206-05111-00001','12206','05111','00001','MORRO CHICO',119413086,637070,'V',NULL,NULL,NULL,249750,'R',NULL,'no_agricola','SII_CSV'),
('12206-05111-00002','12206','05111','00002','HOTEL MORRO CH',18114769,NULL,'H',18114769,NULL,NULL,10000,'R',NULL,'no_agricola','SII_CSV'),
('12206-05111-00025','12206','05111','00025','EL OVEJERO ST 1',2794291,NULL,'H',2794291,NULL,NULL,600,'R',NULL,'no_agricola','SII_CSV'),
('12206-05111-00026','12206','05111','00026','EL EVEJERO ST 2',2794291,NULL,'H',2794291,NULL,NULL,600,'R',NULL,'no_agricola','SII_CSV'),
('12206-05111-00027','12206','05111','00027','EL OVEJERO SITIO 3',2794291,NULL,'H',2794291,NULL,NULL,600,'R',NULL,'no_agricola','SII_CSV'),
('12206-05111-00028','12206','05111','00028','EL OVEJERO SITIO 4',2794291,NULL,'H',2794291,NULL,NULL,600,'R',NULL,'no_agricola','SII_CSV'),
('12206-05111-00029','12206','05111','00029','EL OVEJERO SITIO 5',2794291,NULL,'H',2794291,NULL,NULL,600,'R',NULL,'no_agricola','SII_CSV'),
('12206-05111-00030','12206','05111','00030','EL OVEJERO SITIO 6',2794291,NULL,'H',2794291,NULL,NULL,600,'R',NULL,'no_agricola','SII_CSV'),
('12206-05111-00031','12206','05111','00031','EL OVEJERO 7',3702665,NULL,'H',3702665,NULL,NULL,600,'R',NULL,'no_agricola','SII_CSV'),
('12206-05111-00032','12206','05111','00032','EL OVEJERO SITIO 8',2794291,NULL,'H',2794291,NULL,NULL,600,'R',NULL,'no_agricola','SII_CSV'),
('12206-05111-00033','12206','05111','00033','EL OVEJERO SITIO 9',2794291,NULL,'H',2794291,NULL,NULL,600,'R',NULL,'no_agricola','SII_CSV'),
('12206-05111-00034','12206','05111','00034','EL OVEJERO SITIO 10',2794291,NULL,'H',2794291,NULL,NULL,600,'R',NULL,'no_agricola','SII_CSV'),
('12206-05111-00035','12206','05111','00035','EL OVEJERO ST 11',2794291,NULL,'H',2794291,NULL,NULL,600,'R',NULL,'no_agricola','SII_CSV'),
('12206-05111-00036','12206','05111','00036','EL OVEJERO SITIO 12',2794291,NULL,'H',2794291,NULL,NULL,600,'R',NULL,'no_agricola','SII_CSV'),
('12206-05111-00037','12206','05111','00037','EL OVEJERO 13',3740513,NULL,'H',3740513,NULL,NULL,600,'R',NULL,'no_agricola','SII_CSV'),
('12206-05111-00038','12206','05111','00038','EL OVEJERO SITIO 14',2794291,NULL,'H',2794291,NULL,NULL,600,'R',NULL,'no_agricola','SII_CSV'),
('12206-05111-00039','12206','05111','00039','EL OVEJERO SITIO 15',2794291,NULL,'H',2794291,NULL,NULL,600,'R',NULL,'no_agricola','SII_CSV'),
('12206-05111-00040','12206','05111','00040','EL OVEJERO SITIO 16',2794291,NULL,'H',2794291,NULL,NULL,600,'R',NULL,'no_agricola','SII_CSV'),
('12206-05111-00041','12206','05111','00041','EL OVEJERO SITIO 17',2794291,NULL,'H',2794291,NULL,NULL,600,'R',NULL,'no_agricola','SII_CSV'),
('12206-05111-00042','12206','05111','00042','EL OVEJERO SITIO 18',2794291,NULL,'H',2794291,NULL,NULL,600,'R',NULL,'no_agricola','SII_CSV'),
('12206-05111-00043','12206','05111','00043','EL OVEJERO SITIO 19',2794291,NULL,'H',2794291,NULL,NULL,600,'R',NULL,'no_agricola','SII_CSV'),
('12206-05111-00044','12206','05111','00044','EL OVEJERO SITIO 20',2794291,NULL,'H',2794291,NULL,NULL,600,'R',NULL,'no_agricola','SII_CSV'),
('12206-05111-00045','12206','05111','00045','EST C MULATO',2338369,12476,'W',NULL,NULL,NULL,2500,'R',NULL,'no_agricola','SII_CSV'),
('12206-05111-00047','12206','05111','00047','V TEHUELCHE CS 1',18296250,NULL,'H',18296250,NULL,NULL,450,'R',NULL,'no_agricola','SII_CSV'),
('12206-05111-00048','12206','05111','00048','V TEHUELCHE CS 2',18296250,NULL,'H',18296250,NULL,NULL,450,'R',NULL,'no_agricola','SII_CSV'),
('12206-05111-00049','12206','05111','00049','V TEHUELCHE CS 3',18296250,NULL,'H',18296250,NULL,NULL,450,'R',NULL,'no_agricola','SII_CSV'),
('12206-05111-00050','12206','05111','00050','V TEHUELCHE CS 4',18296250,NULL,'H',18296250,NULL,NULL,450,'R',NULL,'no_agricola','SII_CSV'),
('12206-05111-00051','12206','05111','00051','V TEHUELCHE CS 5',18296250,NULL,'H',18296250,NULL,NULL,450,'R',NULL,'no_agricola','SII_CSV'),
('12206-05111-00052','12206','05111','00052','V TEHUELCHE CS 6',18296250,NULL,'H',18296250,NULL,NULL,450,'R',NULL,'no_agricola','SII_CSV'),
('12206-05111-00053','12206','05111','00053','V TEHUELCHE CS 7',27546809,NULL,'H',27546809,NULL,NULL,665,'R',NULL,'no_agricola','SII_CSV'),
('12206-05111-00054','12206','05111','00054','V TEHUELCHE CS 8',24839062,NULL,'H',24839062,NULL,NULL,555,'R',NULL,'no_agricola','SII_CSV'),
('12206-05111-00055','12206','05111','00055','V TEHUELCHE CS 9',18296250,NULL,'H',18296250,NULL,NULL,450,'R',NULL,'no_agricola','SII_CSV'),
('12206-05111-00056','12206','05111','00056','V TEHUELCHE CS 10',23324565,NULL,'H',23324565,NULL,NULL,450,'R',NULL,'no_agricola','SII_CSV'),
('12206-05111-00057','12206','05111','00057','V TEHUELCHE CS 11',18296250,NULL,'H',18296250,NULL,NULL,450,'R',NULL,'no_agricola','SII_CSV'),
('12206-05111-00058','12206','05111','00058','LOS PIONEROS 01',60829454,NULL,'H',59143557,NULL,NULL,1890,'R',NULL,'no_agricola','SII_CSV'),
('12206-05111-00059','12206','05111','00059','V TEHUELCHE CS 13',56987979,NULL,'H',56987979,NULL,NULL,1736,'R',NULL,'no_agricola','SII_CSV'),
('12206-05111-00060','12206','05111','00060','V TEHUELCHE CS 14',56987979,NULL,'H',56987979,NULL,NULL,1736,'R',NULL,'no_agricola','SII_CSV'),
('12206-05111-00061','12206','05111','00061','V TEHUELCHE',17577122,NULL,'H',17577122,NULL,NULL,450,'R',NULL,'no_agricola','SII_CSV'),
('12206-05111-00062','12206','05111','00062','V TEHUELCHE CS 16',18296250,NULL,'H',18296250,NULL,NULL,450,'R',NULL,'no_agricola','SII_CSV'),
('12206-05111-00063','12206','05111','00063','V TEHUELCHE 17',18826134,NULL,'H',18826134,NULL,NULL,450,'R',NULL,'no_agricola','SII_CSV'),
('12206-05111-00064','12206','05111','00064','V TEHUELCHE CS 18',18296250,NULL,'H',18296250,NULL,NULL,450,'R',NULL,'no_agricola','SII_CSV'),
('12206-05111-00065','12206','05111','00065','V TEHUELCHE CS 19',18296250,NULL,'H',18296250,NULL,NULL,450,'R',NULL,'no_agricola','SII_CSV'),
('12206-05111-00066','12206','05111','00066','V TEHUELCHE CS 20',18296250,NULL,'H',18296250,NULL,NULL,450,'R',NULL,'no_agricola','SII_CSV'),
('12206-05111-00101','12206','05111','00101','GOB PHILLIPI R C 2',7950453,42416,'W',NULL,NULL,NULL,10000,'R',NULL,'no_agricola','SII_CSV'),
('12206-05111-00102','12206','05111','00102','LOS PIONEROS RC 5',7950453,42416,'W',NULL,NULL,NULL,10000,'R',NULL,'no_agricola','SII_CSV'),
('12206-05111-00103','12206','05111','00103','LOS PIONEROS RE 6',29745956,NULL,'V',29745956,NULL,NULL,1764,'R',NULL,'no_agricola','SII_CSV'),
('12206-05111-00112','12206','05111','00112','CAM INTERPROV RUTA 9 NTE KM 146',1591833742,NULL,'P',1591833742,NULL,NULL,20000,'R',NULL,'no_agricola','SII_CSV'),
('12206-05111-00114','12206','05111','00114','PJE MIGUEL DELGADO 041',1280319947,NULL,'P',1280319947,NULL,NULL,72363,'U',NULL,'no_agricola','SII_CSV'),
('12206-05111-00125','12206','05111','00125','SITIO 5 -A ASENTAMIENTO SARA',28234398,150632,'W',NULL,NULL,NULL,38700,'R',NULL,'no_agricola','SII_CSV'),
('12206-05111-00126','12206','05111','00126','SITIO 5 -B ASENTAMIENTO SARA',4412034,23540,'W',NULL,NULL,NULL,5300,'R',NULL,'no_agricola','SII_CSV'),
('12206-05111-00136','12206','05111','00136','LT B KAMPEN AIKEN KM 53 RUTA 9',84240470,449424,'C',NULL,NULL,NULL,13200,'R',NULL,'no_agricola','SII_CSV'),
('12206-05111-00145','12206','05111','00145','RT 9 KM 100 V TEHUEL ST B',44636779,NULL,'H',44636779,NULL,NULL,483,'U',NULL,'no_agricola','SII_CSV'),
('12206-05111-00146','12206','05111','00146','ST 29 PL XII 2 1382 SU VILLA TEHUELCHE',23652789,NULL,'H',23652789,NULL,NULL,440,'R',NULL,'no_agricola','SII_CSV'),
('12206-05111-00147','12206','05111','00147','AONIKEN ST 21',20117511,NULL,'H',20117511,NULL,NULL,293,'U',NULL,'no_agricola','SII_CSV'),
('12206-05111-00148','12206','05111','00148','AONIKEN ST 13',31819515,NULL,'H',31819515,NULL,NULL,431,'R',NULL,'no_agricola','SII_CSV'),
('12206-05111-00176','12206','05111','00176','FEDERICO LEMA/RUTA 9',119127408,NULL,'S',119127408,NULL,NULL,816,'U',NULL,'no_agricola','SII_CSV'),
('12206-05111-00180','12206','05111','00180','MORRO CHICO',8347976,44538,'W',NULL,NULL,NULL,10500,'R',NULL,'no_agricola','SII_CSV'),
('12206-05111-00181','12206','05111','00181','RODEO CHILENO 0122',12122081,64672,'W',NULL,NULL,NULL,338,'R',NULL,'no_agricola','SII_CSV'),
('12206-05111-00182','12206','05111','00182','RODEO CHILENO 0102',90103601,138238,'H',59143557,NULL,NULL,351,'U',NULL,'no_agricola','SII_CSV'),
('12206-05111-00183','12206','05111','00183','SANTIAGO ALVARES 120',50308546,NULL,'H',50308546,NULL,NULL,349,'U',NULL,'no_agricola','SII_CSV'),
('12206-05111-00184','12206','05111','00184','MIGUEL DELGADO 061',60436317,5772,'H',59143557,NULL,NULL,349,'U',NULL,'no_agricola','SII_CSV'),
('12206-05111-00185','12206','05111','00185','AONIKEN LT 10 A',124694966,NULL,'W',124694966,NULL,NULL,4189,'R',NULL,'no_agricola','SII_CSV'),
('12206-05111-00186','12206','05111','00186','AONIKEN LT 11',22403613,NULL,'W',22403613,NULL,NULL,644,'R',NULL,'no_agricola','SII_CSV'),
('12206-05111-00187','12206','05111','00187','AONIKEN LT 12',62457407,NULL,'W',62457407,NULL,NULL,2025,'R',NULL,'no_agricola','SII_CSV'),
('12206-05111-00189','12206','05111','00189','RT 9 KM 100',55186068,294418,'C',NULL,NULL,NULL,485,'U',NULL,'no_agricola','SII_CSV'),
('12206-05111-00195','12206','05111','00195','PJE MIGUEL DELGADO 041',62650202,15658,'H',59143557,NULL,NULL,337,'U',NULL,'no_agricola','SII_CSV'),
('12206-05111-00201','12206','05111','00201','SANTIAGO ALVAREZ 01 ST A- 1',60274600,NULL,'V',60274600,NULL,NULL,428,'R',NULL,'no_agricola','SII_CSV'),
('12206-05111-00202','12206','05111','00202','SANTIAGO ALVAREZ 21 ST B',32396312,NULL,'V',32396312,NULL,NULL,266,'R',NULL,'no_agricola','SII_CSV'),
('12206-05111-00203','12206','05111','00203','SANTIAGO ALVAREZ 41 ST C',32863834,NULL,'V',32863834,NULL,NULL,312,'R',NULL,'no_agricola','SII_CSV'),
('12206-05111-00204','12206','05111','00204','SANTIAGO ALVAREZ 61 ST D',48773361,NULL,'V',48773361,NULL,NULL,393,'R',NULL,'no_agricola','SII_CSV'),
('12206-05111-00205','12206','05111','00205','TENIENTE MERINO SN SITIO A- 2',25738018,NULL,'V',25738018,NULL,NULL,399,'R',NULL,'no_agricola','SII_CSV')
ON CONFLICT (rol) DO UPDATE SET
  avaluo_total_vigente = EXCLUDED.avaluo_total_vigente,
  contribucion_semestre = EXCLUDED.contribucion_semestre,
  destino_sii          = EXCLUDED.destino_sii,
  avaluo_total_exento  = EXCLUDED.avaluo_total_exento,
  sup_terreno_m2       = EXCLUDED.sup_terreno_m2,
  cod_ubicacion        = EXCLUDED.cod_ubicacion,
  fuente_datos         = 'SII_CSV',
  fecha_actualizacion  = now();

-- ─────────────────────────────────────────────────
-- NL: BRTMPCATASNL_2025_2_12206  |  CÓDIGO 12206
-- 84 filas
-- ─────────────────────────────────────────────────
INSERT INTO catastro.construcciones (
  rol, numero_construccion, material_codigo,
  calidad_codigo, anio_construccion,
  sup_total_m2, destino_construccion, condicion_especial,
  numero_pisos, fuente_datos
) VALUES
('12206-05111-00001',1,'E',4,1930,69,'V',NULL,1,'SII_CSV'),
('12206-05111-00002',1,'E',4,1999,82,'H',NULL,1,'SII_CSV'),
('12206-05111-00025',1,'E',4,1967,59,'H',NULL,1,'SII_CSV'),
('12206-05111-00026',1,'E',4,1967,59,'H',NULL,1,'SII_CSV'),
('12206-05111-00027',1,'E',4,1967,59,'H',NULL,1,'SII_CSV'),
('12206-05111-00028',1,'E',4,1967,59,'H',NULL,1,'SII_CSV'),
('12206-05111-00029',1,'E',4,1967,59,'H',NULL,1,'SII_CSV'),
('12206-05111-00030',1,'E',4,1967,59,'H',NULL,1,'SII_CSV'),
('12206-05111-00031',1,'E',4,1967,83,'H',NULL,1,'SII_CSV'),
('12206-05111-00032',1,'E',4,1967,59,'H',NULL,1,'SII_CSV'),
('12206-05111-00033',1,'E',4,1967,59,'H',NULL,1,'SII_CSV'),
('12206-05111-00034',1,'E',4,1967,59,'H',NULL,1,'SII_CSV'),
('12206-05111-00035',1,'E',4,1967,59,'H',NULL,1,'SII_CSV'),
('12206-05111-00036',1,'E',4,1967,59,'H',NULL,1,'SII_CSV'),
('12206-05111-00037',1,'E',4,1967,84,'H',NULL,1,'SII_CSV'),
('12206-05111-00038',1,'E',4,1967,59,'H',NULL,1,'SII_CSV'),
('12206-05111-00039',1,'E',4,1967,59,'H',NULL,1,'SII_CSV'),
('12206-05111-00040',1,'E',4,1967,59,'H',NULL,1,'SII_CSV'),
('12206-05111-00041',1,'E',4,1967,59,'H',NULL,1,'SII_CSV'),
('12206-05111-00042',1,'E',4,1967,59,'H',NULL,1,'SII_CSV'),
('12206-05111-00043',1,'E',4,1967,59,'H',NULL,1,'SII_CSV'),
('12206-05111-00044',1,'E',4,1967,59,'H',NULL,1,'SII_CSV'),
('12206-05111-00047',1,'E',4,1966,57,'H',NULL,1,'SII_CSV'),
('12206-05111-00048',1,'E',4,1966,57,'H',NULL,1,'SII_CSV'),
('12206-05111-00049',1,'E',4,1966,57,'H',NULL,1,'SII_CSV'),
('12206-05111-00050',1,'E',4,1966,57,'H',NULL,1,'SII_CSV'),
('12206-05111-00051',1,'E',4,1966,57,'H',NULL,1,'SII_CSV'),
('12206-05111-00052',1,'E',4,1966,57,'H',NULL,1,'SII_CSV'),
('12206-05111-00053',1,'E',4,1966,98,'H',NULL,1,'SII_CSV'),
('12206-05111-00053',2,'E',4,1970,15,'H',NULL,1,'SII_CSV'),
('12206-05111-00053',3,'GE',2,1966,20,'L',NULL,1,'SII_CSV'),
('12206-05111-00053',4,'GE',3,1978,29,'Z',NULL,1,'SII_CSV'),
('12206-05111-00053',5,'GE',3,1984,17,'L',NULL,1,'SII_CSV'),
('12206-05111-00054',1,'E',4,1966,74,'H',NULL,1,'SII_CSV'),
('12206-05111-00054',2,'E',4,1970,25,'H',NULL,1,'SII_CSV'),
('12206-05111-00054',3,'GE',2,1966,20,'L',NULL,1,'SII_CSV'),
('12206-05111-00055',1,'E',4,1966,57,'H',NULL,1,'SII_CSV'),
('12206-05111-00056',1,'E',4,1966,57,'H',NULL,1,'SII_CSV'),
('12206-05111-00056',2,'E',4,1985,37,'H',NULL,1,'SII_CSV'),
('12206-05111-00056',3,'GE',2,1966,35,'L',NULL,1,'SII_CSV'),
('12206-05111-00057',1,'E',4,1966,57,'H',NULL,1,'SII_CSV'),
('12206-05111-00058',1,'E',4,1960,67,'H',NULL,1,'SII_CSV'),
('12206-05111-00059',1,'E',4,1960,91,'H',NULL,1,'SII_CSV'),
('12206-05111-00060',1,'E',4,1960,91,'H',NULL,1,'SII_CSV'),
('12206-05111-00061',1,'E',4,1945,38,'H',NULL,1,'SII_CSV'),
('12206-05111-00062',1,'E',4,1966,57,'H',NULL,1,'SII_CSV'),
('12206-05111-00063',1,'E',4,1966,71,'H',NULL,1,'SII_CSV'),
('12206-05111-00064',1,'E',4,1966,57,'H',NULL,1,'SII_CSV'),
('12206-05111-00065',1,'E',4,1966,57,'H',NULL,1,'SII_CSV'),
('12206-05111-00066',1,'E',4,1966,57,'H',NULL,1,'SII_CSV'),
('12206-05111-00103',1,'E',3,1935,344,'E',NULL,1,'SII_CSV'),
('12206-05111-00103',2,'GE',2,1935,18,'E',NULL,1,'SII_CSV'),
('12206-05111-00112',1,'E',3,1940,20000,'O',NULL,1,'SII_CSV'),
('12206-05111-00114',1,'E',4,2011,119,'H',NULL,1,'SII_CSV'),
('12206-05111-00114',2,'E',4,2011,100,'H',NULL,1,'SII_CSV'),
('12206-05111-00136',1,'C',3,2000,141,'C',NULL,1,'SII_CSV'),
('12206-05111-00136',2,'E',3,2000,90,'C',NULL,1,'SII_CSV'),
('12206-05111-00145',1,'E',4,2004,91,'H',NULL,1,'SII_CSV'),
('12206-05111-00145',2,'E',4,2004,50,'C',NULL,1,'SII_CSV'),
('12206-05111-00145',3,'E',4,2004,35,'H',NULL,1,'SII_CSV'),
('12206-05111-00145',4,'E',5,2001,20,'Z',NULL,1,'SII_CSV'),
('12206-05111-00145',5,'E',5,2001,32,'L',NULL,1,'SII_CSV'),
('12206-05111-00146',1,'E',4,1990,65,'H',NULL,1,'SII_CSV'),
('12206-05111-00146',2,'E',4,1990,15,'C',NULL,1,'SII_CSV'),
('12206-05111-00147',1,'E',4,1999,86,'H',NULL,1,'SII_CSV'),
('12206-05111-00148',1,'E',4,1999,132,'H',NULL,1,'SII_CSV'),
('12206-05111-00176',1,'G',3,2012,240,'S',NULL,1,'SII_CSV'),
('12206-05111-00182',1,'E',3,2013,208,'H',NULL,1,'SII_CSV'),
('12206-05111-00182',2,'E',3,2013,14,'H','AL',1,'SII_CSV'),
('12206-05111-00182',3,'E',3,2013,11,'L',NULL,1,'SII_CSV'),
('12206-05111-00183',1,'E',3,2001,140,'H',NULL,2,'SII_CSV'),
('12206-05111-00184',1,'E',3,2006,72,'H',NULL,1,'SII_CSV'),
('12206-05111-00184',2,'E',3,2006,88,'H',NULL,1,'SII_CSV'),
('12206-05111-00189',1,'E',3,2001,110,'H',NULL,1,'SII_CSV'),
('12206-05111-00189',2,'E',3,2001,30,'C',NULL,1,'SII_CSV'),
('12206-05111-00195',1,'E',3,2016,98,'H',NULL,1,'SII_CSV'),
('12206-05111-00195',2,'E',3,2016,43,'H',NULL,1,'SII_CSV'),
('12206-05111-00201',1,'E',3,2024,98,'V',NULL,1,'SII_CSV'),
('12206-05111-00201',2,'E',3,2024,16,'V',NULL,1,'SII_CSV'),
('12206-05111-00202',1,'E',3,2024,58,'V',NULL,1,'SII_CSV'),
('12206-05111-00203',1,'E',3,2024,55,'V',NULL,1,'SII_CSV'),
('12206-05111-00204',1,'E',3,2024,72,'V',NULL,1,'SII_CSV'),
('12206-05111-00204',2,'E',3,2024,16,'V',NULL,1,'SII_CSV'),
('12206-05111-00205',1,'E',3,2024,29,'V',NULL,1,'SII_CSV')
ON CONFLICT (rol, numero_construccion) DO UPDATE SET
  material_codigo       = EXCLUDED.material_codigo,
  calidad_codigo        = EXCLUDED.calidad_codigo,
  anio_construccion     = EXCLUDED.anio_construccion,
  sup_total_m2          = EXCLUDED.sup_total_m2,
  destino_construccion  = EXCLUDED.destino_construccion,
  condicion_especial    = EXCLUDED.condicion_especial,
  numero_pisos          = EXCLUDED.numero_pisos;

-- ─────────────────────────────────────────────────
-- A: BRTMPCATASA_2025_2_12206  |  CÓDIGO 12206
-- 101 filas
-- ─────────────────────────────────────────────────
INSERT INTO catastro.predios (
  rol, codigo_comuna, manzana, predio, direccion,
  avaluo_total_vigente, contribucion_semestre,
  destino_sii, avaluo_total_exento,
  cod_ubicacion, serie_predio, fuente_datos
) VALUES
('12206-05106-00026','12206','05106','00026','ESTANCIA KORTENEIKE',622125360,1148074,'A',48089106,'R','agricola','SII_CSV'),
('12206-05106-00027','12206','05106','00027','G PHILLIPI PC 2 PV',1141169467,2186162,'A',48089106,'R','agricola','SII_CSV'),
('12206-05106-00028','12206','05106','00028','EST DN GUSTAVO PC 20 M',1405118417,2714060,'A',48089106,'R','agricola','SII_CSV'),
('12206-05106-00029','12206','05106','00029','LT 23 M LOS CALAFATES',1208058337,2319938,'A',48089106,'R','agricola','SII_CSV'),
('12206-05111-00004','12206','05111','00004','LT A 1 MORRO CHICO KM 146',11498303,NULL,'A',11498303,'R','agricola','SII_CSV'),
('12206-05111-00005','12206','05111','00005','LOS PIONEROS LT 48',1639485211,3182792,'A',48089106,'R','agricola','SII_CSV'),
('12206-05111-00006','12206','05111','00006','LOS PIONEROS PC 36 Y',765153353,1434128,'A',48089106,'R','agricola','SII_CSV'),
('12206-05111-00007','12206','05111','00007','LAGUNA BLANCA PC 41 PV',1231341390,2366506,'A',48089106,'R','agricola','SII_CSV'),
('12206-05111-00008','12206','05111','00008','LOTE 21 I',769007587,1441838,'A',48089106,'R','agricola','SII_CSV'),
('12206-05111-00009','12206','05111','00009','EL OVEJERO LTDA',4898393558,9700610,'A',48089106,'R','agricola','SII_CSV'),
('12206-05111-00010','12206','05111','00010','COOP CACIQUE MULATO LTD',5785628233,5677750,'A',2892814117,'R','agricola','SII_CSV'),
('12206-05111-00011','12206','05111','00011','PURO CHILE LT 17',111504170,126830,'A',48089106,'R','agricola','SII_CSV'),
('12206-05111-00012','12206','05111','00012','PURO CHILE LT 8 PL 46',259015960,421854,'A',48089106,'R','agricola','SII_CSV'),
('12206-05111-00013','12206','05111','00013','PLANO 46 TRES HERMANAS LT 7 -A',595279722,1094382,'A',48089106,'R','agricola','SII_CSV'),
('12206-05111-00014','12206','05111','00014','LOTE 6 PL 46',552575238,1008972,'A',48089106,'R','agricola','SII_CSV'),
('12206-05111-00015','12206','05111','00015','LT 5 A PL 46',421085721,745994,'A',48089106,'R','agricola','SII_CSV'),
('12206-05111-00016','12206','05111','00016','EST EL MIRADOR LT 4 AP 4',1016511418,1936846,'F',48089106,'R','agricola','SII_CSV'),
('12206-05111-00017','12206','05111','00017','SANTA IRENE SECTOR MORRO CHICO',436204314,776230,'A',48089106,'R','agricola','SII_CSV'),
('12206-05111-00018','12206','05111','00018','EST. SANTA IRENE LOTE 2 -A',437564790,778952,'A',48089106,'R','agricola','SII_CSV'),
('12206-05111-00019','12206','05111','00019','ESTANCIA PRIMAVERA LT 3 B',534550992,972924,'A',48089106,'R','agricola','SII_CSV'),
('12206-05111-00020','12206','05111','00020','LOTE 32 LOS PIONEROS',351956071,607734,'A',48089106,'R','agricola','SII_CSV'),
('12206-05111-00021','12206','05111','00021','ESTANCIA PALERMO HIJ A 1',843020824,1589864,'A',48089106,'R','agricola','SII_CSV'),
('12206-05111-00022','12206','05111','00022','MORRO CHICO',32465742,NULL,'A',32465742,'R','agricola','SII_CSV'),
('12206-05111-00023','12206','05111','00023','RESERVA CORA',4213917,NULL,'A',4213917,'R','agricola','SII_CSV'),
('12206-05111-00067','12206','05111','00067','LT B SUBD PARC A PALERMO',549870190,1003562,'A',48089106,'R','agricola','SII_CSV'),
('12206-05111-00068','12206','05111','00068','RES EST PENITENTE',1753910818,3411644,'A',48089106,'R','agricola','SII_CSV'),
('12206-05111-00069','12206','05111','00069','HIJ 33 -B V',444097308,792016,'A',48089106,'R','agricola','SII_CSV'),
('12206-05111-00070','12206','05111','00070','EST LAS COLES PC 3',862321366,1628466,'A',48089106,'R','agricola','SII_CSV'),
('12206-05111-00071','12206','05111','00071','LOTE 49',1841342938,3586508,'A',48089106,'R','agricola','SII_CSV'),
('12206-05111-00072','12206','05111','00072','LOS PIONEROS LT 50',1458122428,2820068,'A',48089106,'R','agricola','SII_CSV'),
('12206-05111-00073','12206','05111','00073','LT 51 M LOS PIONEROS',1400022886,2703868,'A',48089106,'R','agricola','SII_CSV'),
('12206-05111-00074','12206','05111','00074','LOTE 37 V',504158141,912138,'A',48089106,'R','agricola','SII_CSV'),
('12206-05111-00075','12206','05111','00075','LT 38 V',530818536,965460,'A',48089106,'R','agricola','SII_CSV'),
('12206-05111-00076','12206','05111','00076','LT 40 V',507805082,919432,'A',48089106,'R','agricola','SII_CSV'),
('12206-05111-00077','12206','05111','00077','EST RIO VERDE PC 4',951966853,1807756,'A',48089106,'R','agricola','SII_CSV'),
('12206-05111-00078','12206','05111','00078','LOS PIONEROS PC 43 PV',1060046252,2023914,'A',48089106,'R','agricola','SII_CSV'),
('12206-05111-00079','12206','05111','00079','ESTANCIA EL ARROYO',1189908788,2283640,'A',48089106,'R','agricola','SII_CSV'),
('12206-05111-00081','12206','05111','00081','LT 53 M LAGUNA BLANCA',1621807196,3147436,'A',48089106,'R','agricola','SII_CSV'),
('12206-05111-00082','12206','05111','00082','LT M LAGUNA BLANCA',1552490167,3008802,'A',48089106,'R','agricola','SII_CSV'),
('12206-05111-00083','12206','05111','00083','EL PARDO PC 55 M C Y M B',745434721,1394692,'A',48089106,'R','agricola','SII_CSV'),
('12206-05111-00084','12206','05111','00084','LOS PIONEROS PC 56 M',1878734706,3661292,'A',48089106,'R','agricola','SII_CSV'),
('12206-05111-00085','12206','05111','00085','ESTANCIA SANTA FLORENCIA PC- 26 -PV',1024750735,1916902,'A',48089106,'R','agricola','SII_CSV'),
('12206-05111-00086','12206','05111','00086','MIRADOR PC 27 PV',745644315,1395110,'A',48089106,'R','agricola','SII_CSV'),
('12206-05111-00087','12206','05111','00087','ESTANCIA AURELIA DEL CARMEN',242954405,389732,'A',48089106,'R','agricola','SII_CSV'),
('12206-05111-00088','12206','05111','00088','ESTANCIA DON EDUARDO PC PV 2',418496949,740816,'A',48089106,'R','agricola','SII_CSV'),
('12206-05111-00089','12206','05111','00089','LT 30 PV EST DIVINA ESPERANZA',1047192925,1998208,'A',48089106,'R','agricola','SII_CSV'),
('12206-05111-00090','12206','05111','00090','PARC 3 GOB PHILLIPI PV',1034363008,1972548,'A',48089106,'R','agricola','SII_CSV'),
('12206-05111-00091','12206','05111','00091','LA LEONA',1029247630,1962318,'A',48089106,'R','agricola','SII_CSV'),
('12206-05111-00092','12206','05111','00092','G PHILLIPI LT 5 PV LAS LOMAS',931696557,1767216,'A',48089106,'R','agricola','SII_CSV'),
('12206-05111-00093','12206','05111','00093','ESTANCIA SEARLE MAGALLANES',1913434983,3730692,'A',48089106,'R','agricola','SII_CSV'),
('12206-05111-00094','12206','05111','00094','ESTANCIA DOMAIKE',2132650852,4169124,'A',48089106,'R','agricola','SII_CSV'),
('12206-05111-00095','12206','05111','00095','ESTANCIA SANTA FLORENCIA PC- 26 -I',1154120201,2212062,'A',48089106,'R','agricola','SII_CSV'),
('12206-05111-00096','12206','05111','00096','ESTANCIA CARILAY KM 60 RUTA 9',906449693,1716722,'A',48089106,'R','agricola','SII_CSV'),
('12206-05111-00100','12206','05111','00100','EST KAMPEN AIKEN LTDA',2429351269,4762524,'A',48089106,'R','agricola','SII_CSV'),
('12206-05111-00104','12206','05111','00104','LT 22 I ESTANCIA JOSEFINA',751960620,1407744,'A',48089106,'R','agricola','SII_CSV'),
('12206-05111-00105','12206','05111','00105','LOTE 1 -B- 2',29093224,NULL,'A',29093224,'R','agricola','SII_CSV'),
('12206-05111-00109','12206','05111','00109','LAGUNA BLANCA LOTE 5 B PL XII 2 47 TR',296365091,496552,'A',48089106,'R','agricola','SII_CSV'),
('12206-05111-00110','12206','05111','00110','ESTANCIA PALERMO LT B',799970444,1503764,'A',48089106,'R','agricola','SII_CSV'),
('12206-05111-00111','12206','05111','00111','LOTES MORRO CHICO',44376229,NULL,'A',44376229,'R','agricola','SII_CSV'),
('12206-05111-00113','12206','05111','00113','EST EL MORRO HIJ B',244881022,393584,'A',48089106,'R','agricola','SII_CSV'),
('12206-05111-00115','12206','05111','00115','BCE 5 LOS PIONEROS-M CHI',35446866,NULL,'A',35446866,'R','agricola','SII_CSV'),
('12206-05111-00116','12206','05111','00116','HIJ 33 A I V',28888358,NULL,'A',28888358,'R','agricola','SII_CSV'),
('12206-05111-00117','12206','05111','00117','HIJ 33 A 2 V',139055827,181934,'A',48089106,'R','agricola','SII_CSV'),
('12206-05111-00119','12206','05111','00119','BEC 6 LOS PIONEROS',121222871,146268,'A',48089106,'R','agricola','SII_CSV'),
('12206-05111-00120','12206','05111','00120','EL PRADO PC 55 M A',745434721,1394692,'A',48089106,'R','agricola','SII_CSV'),
('12206-05111-00121','12206','05111','00121','LT 2 B SECTOR PENITENTE',306202188,516226,'A',48089106,'R','agricola','SII_CSV'),
('12206-05111-00122','12206','05111','00122','LT-1 C 2 RIO PENITENTE MORRO CHICO',247379967,398582,'A',48089106,'R','agricola','SII_CSV'),
('12206-05111-00123','12206','05111','00123','LT 2 D SECTOR PENITENTE',28081445,NULL,'A',28081445,'R','agricola','SII_CSV'),
('12206-05111-00127','12206','05111','00127','EST PALERMO HIJ A 2',113206076,130234,'A',48089106,'R','agricola','SII_CSV'),
('12206-05111-00128','12206','05111','00128','EST PALERMO HIJ A 3',42782389,NULL,'A',42782389,'R','agricola','SII_CSV'),
('12206-05111-00129','12206','05111','00129','LOTE A 1 EST PALERMO',107955471,119734,'A',48089106,'R','agricola','SII_CSV'),
('12206-05111-00130','12206','05111','00130','LOTE B-C MORRO CHICO',58053605,19930,'A',48089106,'R','agricola','SII_CSV'),
('12206-05111-00131','12206','05111','00131','EST PRIMAVERA LT 3 A',580255964,1064334,'A',48089106,'R','agricola','SII_CSV'),
('12206-05111-00132','12206','05111','00132','LOTE C PORCION A EX EST PALERMO',1010234,NULL,'A',1010234,'R','agricola','SII_CSV'),
('12206-05111-00133','12206','05111','00133','LT A 2 MORRO CHICO KM 146',8583929,NULL,'A',8583929,'R','agricola','SII_CSV'),
('12206-05111-00134','12206','05111','00134','PC 43 B PV LOS PIONEROS',19851725,NULL,'A',19851725,'R','agricola','SII_CSV'),
('12206-05111-00135','12206','05111','00135','PC 43 C PV LOS PIONEROS',7653290,NULL,'A',7653290,'R','agricola','SII_CSV'),
('12206-05111-00137','12206','05111','00137','ESTANCIA PALERMO HIJUELA A 4',204932928,313688,'A',48089106,'R','agricola','SII_CSV'),
('12206-05111-00138','12206','05111','00138','MORRO CHICO LT B',9918663,NULL,'A',9918663,'R','agricola','SII_CSV'),
('12206-05111-00139','12206','05111','00139','MORRO CHICO LT C',18588309,NULL,'A',18588309,'R','agricola','SII_CSV'),
('12206-05111-00140','12206','05111','00140','MORRO CHICO LT E',1561272,NULL,'A',1561272,'R','agricola','SII_CSV'),
('12206-05111-00141','12206','05111','00141','HIJUELA 47 LOTE A UNO B',199073676,301970,'A',48089106,'R','agricola','SII_CSV'),
('12206-05111-00142','12206','05111','00142','ESTANCIA DON EDUARDO PC PV 1',263761585,431346,'A',48089106,'R','agricola','SII_CSV'),
('12206-05111-00150','12206','05111','00150','LOS PIONEROS PARCELA 52 M-A',769026656,1441876,'A',48089106,'R','agricola','SII_CSV'),
('12206-05111-00151','12206','05111','00151','LOS PIONEROS PARCELA 52 M-B',608494186,1120810,'A',48089106,'R','agricola','SII_CSV'),
('12206-05111-00152','12206','05111','00152','LT4 B B PL XII 2 1502 CR',16394745,NULL,'A',16394745,'R','agricola','SII_CSV'),
('12206-05111-00153','12206','05111','00153','LT4 B C PL XII 2 1502 CR',24134474,NULL,'A',24134474,'R','agricola','SII_CSV'),
('12206-05111-00155','12206','05111','00155','PLANO 46 TRES HERMANASLT 7 -B',5143011,NULL,'A',5143011,'R','agricola','SII_CSV'),
('12206-05111-00156','12206','05111','00156','LT 1 -B- 1 PL XII- 2 - 13 T.R.',122195596,148214,'A',48089106,'R','agricola','SII_CSV'),
('12206-05111-00158','12206','05111','00158','LT 1 -B- 3 PL XII- 2 - 13 T.R.',6640037,NULL,'A',6640037,'R','agricola','SII_CSV'),
('12206-05111-00159','12206','05111','00159','MORRO CHICO LTC- 1',270685,NULL,'A',270685,'R','agricola','SII_CSV'),
('12206-05111-00173','12206','05111','00173','LT 4 B-A PL 12102 - 01 -CR',81275270,NULL,'A',81275270,'R','agricola','SII_CSV'),
('12206-05111-00174','12206','05111','00174','LT 4 B-D PL 12102 - 01 -CR',27068476,NULL,'A',27068476,'R','agricola','SII_CSV'),
('12206-05111-00175','12206','05111','00175','LOTE C REFUGIOMORRO CHICO KM 145',502055,NULL,'A',502055,'R','agricola','SII_CSV'),
('12206-05111-00179','12206','05111','00179','EST. STA IRENE LT 2 C',508721847,921266,'A',48089106,'R','agricola','SII_CSV'),
('12206-05111-00188','12206','05111','00188','EST PALERMO LT A- 1 -A',441928938,787680,'A',48089106,'R','agricola','SII_CSV'),
('12206-05111-00191','12206','05111','00191','LOTE 1 -C- 1 RIO PENITENTE MORRO CHICO',28345534,NULL,'A',28345534,'R','agricola','SII_CSV'),
('12206-05111-00192','12206','05111','00192','LOTE 1 -C- 3 RIO PENITENTEMORROCHICO',31338541,NULL,'A',31338541,'R','agricola','SII_CSV'),
('12206-05111-00193','12206','05111','00193','LOTEB-1',5813922,NULL,'A',5813922,'R','agricola','SII_CSV'),
('12206-05111-00194','12206','05111','00194','PARCELA 25 A',18368975,NULL,'A',18368975,'R','agricola','SII_CSV'),
('12206-05121-00014','12206','05121','00014','ESTANCIA ENTRE VIENTOS',8555423113,NULL,'B',8555423113,'R','agricola','SII_CSV')
ON CONFLICT (rol) DO UPDATE SET
  avaluo_total_vigente = EXCLUDED.avaluo_total_vigente,
  contribucion_semestre = EXCLUDED.contribucion_semestre,
  destino_sii          = EXCLUDED.destino_sii,
  avaluo_total_exento  = EXCLUDED.avaluo_total_exento,
  cod_ubicacion        = EXCLUDED.cod_ubicacion,
  fuente_datos         = 'SII_CSV',
  fecha_actualizacion  = now();

-- ─────────────────────────────────────────────────
-- AL: BRTMPCATASAL_2025_2_12206  |  CÓDIGO 12206
-- 141 filas
-- ─────────────────────────────────────────────────
INSERT INTO catastro.suelos_agricolas (
  rol, cod_suelo, sup_ha, fuente_datos
) VALUES
('12206-05106-00026','25',3218.84,'SII_CSV'),
('12206-05106-00027','25',3768.73,'SII_CSV'),
('12206-05106-00028','25',7270.00,'SII_CSV'),
('12206-05106-00029','24',1802.00,'SII_CSV'),
('12206-05106-00029','27',4429.00,'SII_CSV'),
('12206-05111-00004','22',18.78,'SII_CSV'),
('12206-05111-00005','25',6059.00,'SII_CSV'),
('12206-05111-00006','26',4346.00,'SII_CSV'),
('12206-05111-00007','26',6676.00,'SII_CSV'),
('12206-05111-00008','25',2436.00,'SII_CSV'),
('12206-05111-00009','25',15840.00,'SII_CSV'),
('12206-05111-00010','25',18906.00,'SII_CSV'),
('12206-05111-00011','26',700.00,'SII_CSV'),
('12206-05111-00012','25',1058.00,'SII_CSV'),
('12206-05111-00013','26',389.50,'SII_CSV'),
('12206-05111-00013','27',6777.00,'SII_CSV'),
('12206-05111-00014','26',400.00,'SII_CSV'),
('12206-05111-00014','27',6766.00,'SII_CSV'),
('12206-05111-00015','27',5512.00,'SII_CSV'),
('12206-05111-00016','26',5511.25,'SII_CSV'),
('12206-05111-00017','26',2477.60,'SII_CSV'),
('12206-05111-00018','26',2090.38,'SII_CSV'),
('12206-05111-00019','26',3036.20,'SII_CSV'),
('12206-05111-00020','25',1821.00,'SII_CSV'),
('12206-05111-00021','26',4788.28,'SII_CSV'),
('12206-05111-00022','25',106.09,'SII_CSV'),
('12206-05111-00023','22',7.43,'SII_CSV'),
('12206-05111-00067','25',2032.14,'SII_CSV'),
('12206-05111-00068','26',8808.55,'SII_CSV'),
('12206-05111-00069','25',1814.00,'SII_CSV'),
('12206-05111-00070','25',3042.00,'SII_CSV'),
('12206-05111-00071','25',6805.00,'SII_CSV'),
('12206-05111-00072','26',8282.00,'SII_CSV'),
('12206-05111-00073','26',7952.00,'SII_CSV'),
('12206-05111-00074','26',4009.00,'SII_CSV'),
('12206-05111-00075','26',4221.00,'SII_CSV'),
('12206-05111-00076','26',4038.00,'SII_CSV'),
('12206-05111-00077','26',4781.00,'SII_CSV'),
('12206-05111-00078','26',5323.80,'SII_CSV'),
('12206-05111-00079','26',5976.00,'SII_CSV'),
('12206-05111-00081','26',8793.00,'SII_CSV'),
('12206-05111-00082','26',8818.00,'SII_CSV'),
('12206-05111-00083','26',4234.00,'SII_CSV'),
('12206-05111-00084','25',1405.00,'SII_CSV'),
('12206-05111-00084','26',7271.00,'SII_CSV'),
('12206-05111-00084','8',130.00,'SII_CSV'),
('12206-05111-00085','25',3615.00,'SII_CSV'),
('12206-05111-00086','26',4681.00,'SII_CSV'),
('12206-05111-00087','25',809.00,'SII_CSV'),
('12206-05111-00087','8',1887.00,'SII_CSV'),
('12206-05111-00088','26',2435.00,'SII_CSV'),
('12206-05111-00089','26',5419.00,'SII_CSV'),
('12206-05111-00089','8',300.00,'SII_CSV'),
('12206-05111-00090','25',3416.00,'SII_CSV'),
('12206-05111-00091','25',3473.00,'SII_CSV'),
('12206-05111-00092','25',3134.00,'SII_CSV'),
('12206-05111-00092','8',386.00,'SII_CSV'),
('12206-05111-00093','25',6000.00,'SII_CSV'),
('12206-05111-00094','25',6687.40,'SII_CSV'),
('12206-05111-00095','25',3619.00,'SII_CSV'),
('12206-05111-00096','24',1776.00,'SII_CSV'),
('12206-05111-00100','25',7617.77,'SII_CSV'),
('12206-05111-00104','25',2382.00,'SII_CSV'),
('12206-05111-00105','27',430.70,'SII_CSV'),
('12206-05111-00109','27',4188.00,'SII_CSV'),
('12206-05111-00110','25',4139.00,'SII_CSV'),
('12206-05111-00111','25',164.00,'SII_CSV'),
('12206-05111-00113','25',905.00,'SII_CSV'),
('12206-05111-00115','25',131.00,'SII_CSV'),
('12206-05111-00116','25',118.00,'SII_CSV'),
('12206-05111-00117','25',568.00,'SII_CSV'),
('12206-05111-00119','25',448.00,'SII_CSV'),
('12206-05111-00120','26',4234.00,'SII_CSV'),
('12206-05111-00121','26',1739.20,'SII_CSV'),
('12206-05111-00122','26',1242.40,'SII_CSV'),
('12206-05111-00123','26',159.50,'SII_CSV'),
('12206-05111-00127','26',643.00,'SII_CSV'),
('12206-05111-00128','26',243.00,'SII_CSV'),
('12206-05111-00129','23',196.00,'SII_CSV'),
('12206-05111-00130','23',105.40,'SII_CSV'),
('12206-05111-00131','26',3295.80,'SII_CSV'),
('12206-05111-00132','22',1.65,'SII_CSV'),
('12206-05111-00133','22',14.02,'SII_CSV'),
('12206-05111-00134','26',99.70,'SII_CSV'),
('12206-05111-00135','22',12.50,'SII_CSV'),
('12206-05111-00137','26',1164.00,'SII_CSV'),
('12206-05111-00138','22',16.20,'SII_CSV'),
('12206-05111-00139','22',30.36,'SII_CSV'),
('12206-05111-00140','22',2.55,'SII_CSV'),
('12206-05111-00141','26',1130.72,'SII_CSV'),
('12206-05111-00142','27',4000.00,'SII_CSV'),
('12206-05111-00150','26',4368.00,'SII_CSV'),
('12206-05111-00151','26',3820.00,'SII_CSV'),
('12206-05111-00152','27',242.71,'SII_CSV'),
('12206-05111-00153','27',357.29,'SII_CSV'),
('12206-05111-00155','22',10.50,'SII_CSV'),
('12206-05111-00156','27',1809.00,'SII_CSV'),
('12206-05111-00158','27',98.30,'SII_CSV'),
('12206-05111-00159','22',0.50,'SII_CSV'),
('12206-05111-00173','27',1203.21,'SII_CSV'),
('12206-05111-00174','22',50.00,'SII_CSV'),
('12206-05111-00175','22',0.82,'SII_CSV'),
('12206-05111-00179','26',2554.92,'SII_CSV'),
('12206-05111-00188','23',802.35,'SII_CSV'),
('12206-05111-00191','26',161.00,'SII_CSV'),
('12206-05111-00192','26',178.00,'SII_CSV'),
('12206-05111-00193','22',9.30,'SII_CSV'),
('12206-05111-00194','25',57.60,'SII_CSV'),
('12206-05121-00014','25',26240.00,'SII_CSV')
ON CONFLICT (rol, cod_suelo) DO UPDATE SET
  sup_ha = EXCLUDED.sup_ha;

INSERT INTO catastro.construcciones (
  rol, numero_construccion, material_codigo,
  calidad_codigo, sup_total_m2,
  destino_construccion, condicion_especial, fuente_datos
) VALUES
('12206-05111-00018',1,'E',2,250,'P',NULL,'SII_CSV'),
('12206-05111-00093',1,'E',3,192,'P',NULL,'SII_CSV'),
('12206-05121-00014',1,'E',4,60,'H',NULL,'SII_CSV'),
('12206-05121-00014',2,'E',4,104,'L',NULL,'SII_CSV'),
('12206-05121-00014',3,'E',4,125,'L',NULL,'SII_CSV'),
('12206-05121-00014',4,'E',3,207,'H',NULL,'SII_CSV'),
('12206-05121-00014',5,'E',4,56,'L',NULL,'SII_CSV'),
('12206-05121-00014',6,'E',3,170,'O',NULL,'SII_CSV'),
('12206-05121-00014',7,'E',4,146,'L',NULL,'SII_CSV'),
('12206-05121-00014',8,'C',4,25,'L',NULL,'SII_CSV'),
('12206-05121-00014',9,'E',4,44,'L',NULL,'SII_CSV'),
('12206-05121-00014',10,'E',4,25,'L',NULL,'SII_CSV'),
('12206-05121-00014',11,'E',4,162,'L',NULL,'SII_CSV'),
('12206-05121-00014',12,'E',3,243,'V',NULL,'SII_CSV'),
('12206-05121-00014',13,'E',4,56,'L',NULL,'SII_CSV'),
('12206-05121-00014',14,'E',4,24,'H',NULL,'SII_CSV'),
('12206-05121-00014',15,'E',4,25,'H',NULL,'SII_CSV'),
('12206-05121-00014',16,'E',4,121,'H',NULL,'SII_CSV'),
('12206-05121-00014',17,'E',4,198,'H',NULL,'SII_CSV'),
('12206-05121-00014',18,'C',4,60,'V',NULL,'SII_CSV'),
('12206-05121-00014',19,'GE',3,961,'L',NULL,'SII_CSV'),
('12206-05121-00014',20,'E',4,164,'H',NULL,'SII_CSV'),
('12206-05121-00014',21,'GA',3,400,'L',NULL,'SII_CSV'),
('12206-05121-00014',22,'E',4,130,'H',NULL,'SII_CSV'),
('12206-05121-00014',23,'E',4,73,'L',NULL,'SII_CSV'),
('12206-05121-00014',24,'E',4,433,'H',NULL,'SII_CSV'),
('12206-05121-00014',25,'GE',3,444,'L',NULL,'SII_CSV'),
('12206-05121-00014',26,'E',4,100,'L',NULL,'SII_CSV'),
('12206-05121-00014',27,'E',4,59,'H',NULL,'SII_CSV'),
('12206-05121-00014',28,'E',4,28,'H',NULL,'SII_CSV'),
('12206-05121-00014',29,'E',3,407,'H',NULL,'SII_CSV'),
('12206-05121-00014',30,'E',3,140,'H',NULL,'SII_CSV')
ON CONFLICT (rol, numero_construccion) DO NOTHING;

-- ─────────────────────────────────────────────────
-- Registro en catastro.importaciones
-- ─────────────────────────────────────────────────
INSERT INTO catastro.importaciones
  (codigo_comuna, nombre_comuna, archivo_fuente, tipo_archivo,
   total_registros, fecha_importacion, estado, error_msg)
VALUES
('12206', 'CÓDIGO 12206', 'BRTMPCATASN_2025_2_12206', 'N', 71, '2026-03-19T19:51:53.930070', 'completado', NULL),
('12206', 'CÓDIGO 12206', 'BRTMPCATASNL_2025_2_12206', 'NL', 84, '2026-03-19T19:51:53.930070', 'completado', NULL),
('12206', 'CÓDIGO 12206', 'BRTMPCATASA_2025_2_12206', 'A', 101, '2026-03-19T19:51:53.930070', 'completado', NULL),
('12206', 'CÓDIGO 12206', 'BRTMPCATASAL_2025_2_12206', 'AL', 141, '2026-03-19T19:51:53.930070', 'completado', NULL);

COMMIT;
-- ══ FIN DE INGESTIÓN ══
