-- ══════════════════════════════════════════════════════════════
-- SNRI — Ingestión Catastral SII
-- Generado : 2026-03-19 16:35:21
-- Comuna(s): 02103 CÓDIGO 02103
-- Archivos :
--   BRTMPCATASN_2025_2_02103
--   BRTMPCATASNL_2025_2_02103
--   BRTMPCATASA_2025_2_02103
--   BRTMPCATASAL_2025_2_02103
-- ══════════════════════════════════════════════════════════════

SET search_path TO catastro, public;
BEGIN;

-- DDL auxiliar

-- Tabla auxiliar para suelos agrícolas (si no existe)
CREATE TABLE IF NOT EXISTS catastro.suelos_agricolas (
    id          uuid PRIMARY KEY DEFAULT gen_random_uuid(),
    rol         text NOT NULL,
    cod_suelo   text NOT NULL,
    sup_ha      numeric(12,2),
    fuente_datos text,
    created_at  timestamptz DEFAULT now(),
    CONSTRAINT fk_suelos_predio FOREIGN KEY (rol)
        REFERENCES catastro.predios(rol) ON DELETE CASCADE
);
CREATE UNIQUE INDEX IF NOT EXISTS uq_suelos_rol_cod
    ON catastro.suelos_agricolas(rol, cod_suelo);


-- ─────────────────────────────────────────────────
-- N: BRTMPCATASN_2025_2_02103  |  CÓDIGO 02103
-- 574 filas
-- ─────────────────────────────────────────────────
INSERT INTO catastro.predios (
  rol, codigo_comuna, manzana, predio, direccion,
  avaluo_total_vigente, contribucion_semestre, destino_sii,
  avaluo_total_exento, bc1_rol, bc2_rol,
  sup_terreno_m2, cod_ubicacion, rol_padre,
  serie_predio, fuente_datos
) VALUES
('02103-00238-00001','02103','00238','00001','CEMENTERIO ST 238 II- 1 - 3678 -C-R',6432393,NULL,'W',6432393,NULL,NULL,5840,'R',NULL,'no_agricola','SII_CSV'),
('02103-00238-00002','02103','00238','00002','EQUIP. COMUNITARIO PL II 1 3662 CR',23268962,NULL,'W',23268962,NULL,NULL,21126,'R',NULL,'no_agricola','SII_CSV'),
('02103-00300-00002','02103','00300','00002','A 3,8 ESTE DE QUILLAGUA LOTE A',624514887,3331788,'W',NULL,NULL,NULL,700000,'R',NULL,'no_agricola','SII_CSV'),
('02103-00300-00003','02103','00300','00003','A 3,8 ESTE DE QUILLAGUA LOTE B',624514887,3331788,'W',NULL,NULL,NULL,700000,'R',NULL,'no_agricola','SII_CSV'),
('02103-00300-00005','02103','00300','00005','9KM ORIENTE QUILLAGUA PL- 02302 - 4437 C',1639070711,NULL,'W',1639070711,NULL,NULL,2480200,'R',NULL,'no_agricola','SII_CSV'),
('02103-00300-00006','02103','00300','00006','9KM ORIENTE QUILLAGUA PL- 02302 - 4439 C',1997960802,NULL,'W',1997960802,NULL,NULL,2707400,'R',NULL,'no_agricola','SII_CSV'),
('02103-00333-00001','02103','00333','00001','QUILLAGUA ST 144 EQ- 27 PL 2302 - 4413 C',28110176,NULL,'W',28110176,NULL,NULL,1156,'R',NULL,'no_agricola','SII_CSV'),
('02103-00335-00001','02103','00335','00001','FERROCARRIL',10450156,NULL,'O',10450156,NULL,NULL,200,'R',NULL,'no_agricola','SII_CSV'),
('02103-00335-00002','02103','00335','00002','QUILLAGUA',205417515,NULL,'E',205417515,NULL,NULL,5420,'R',NULL,'no_agricola','SII_CSV'),
('02103-00335-00003','02103','00335','00003','ESCUELA 40',16185639,NULL,'H',16185639,NULL,NULL,418,'R',NULL,'no_agricola','SII_CSV'),
('02103-00335-00004','02103','00335','00004','QUILLAGUA ST 119 EQ- 1 PL 2302 - 4413 CR',4222031,NULL,'W',4222031,NULL,NULL,158,'R',NULL,'no_agricola','SII_CSV'),
('02103-00336-00001','02103','00336','00001','COMERCIO',14259717,NULL,'Q',14259717,NULL,NULL,375,'R',NULL,'no_agricola','SII_CSV'),
('02103-00336-00003','02103','00336','00003','POSTA QUILLAGUA PL II- 1 - 3681 CR',7161420,NULL,'W',7161420,NULL,NULL,268,'R',NULL,'no_agricola','SII_CSV'),
('02103-00336-00004','02103','00336','00004','QUILLAGUA ST 143 PL II- 1 - 1028 CU',14643500,NULL,'W',14643500,NULL,NULL,548,'R',NULL,'no_agricola','SII_CSV'),
('02103-00337-00001','02103','00337','00001','COMERCIO 39',5827653,NULL,'H',5827653,NULL,NULL,208,'R',NULL,'no_agricola','SII_CSV'),
('02103-00337-00002','02103','00337','00002','COMERCIO SITIO 167',3608813,NULL,'H',3608813,NULL,NULL,123,'R',NULL,'no_agricola','SII_CSV'),
('02103-00337-00003','02103','00337','00003','COMERCIO 32',10415894,NULL,'H',10415894,NULL,NULL,351,'R',NULL,'no_agricola','SII_CSV'),
('02103-00337-00004','02103','00337','00004','COMERCIO 30',12176403,NULL,'H',12176403,NULL,NULL,415,'R',NULL,'no_agricola','SII_CSV'),
('02103-00337-00005','02103','00337','00005','COMERCIO 28',8157081,NULL,'H',8157081,NULL,NULL,275,'R',NULL,'no_agricola','SII_CSV'),
('02103-00337-00006','02103','00337','00006','COMERCIO SITIO 170',6653707,NULL,'W',6653707,NULL,NULL,249,'R',NULL,'no_agricola','SII_CSV'),
('02103-00337-00007','02103','00337','00007','COMERCIO LOTE 168',15762827,NULL,'H',15762827,NULL,NULL,399,'R',NULL,'no_agricola','SII_CSV'),
('02103-00338-00001','02103','00338','00001','PLAZA 37',22744283,NULL,'H',22744283,NULL,NULL,846,'R',NULL,'no_agricola','SII_CSV'),
('02103-00338-00002','02103','00338','00002','PLAZA 35',10526250,NULL,'H',10526250,NULL,NULL,354,'R',NULL,'no_agricola','SII_CSV'),
('02103-00338-00003','02103','00338','00003','PLAZA',13857093,NULL,'H',13857093,NULL,NULL,473,'R',NULL,'no_agricola','SII_CSV'),
('02103-00338-00004','02103','00338','00004','CALLE EL LOA ST 129 QUILLAGUA',11420565,NULL,'H',11420565,NULL,NULL,395,'R',NULL,'no_agricola','SII_CSV'),
('02103-00339-00001','02103','00339','00001','VALLE',4881045,NULL,'H',4881045,NULL,NULL,174,'R',NULL,'no_agricola','SII_CSV'),
('02103-00339-00002','02103','00339','00002','VALLE',14793404,NULL,'H',14793404,NULL,NULL,528,'R',NULL,'no_agricola','SII_CSV'),
('02103-00340-00001','02103','00340','00001','FERROCARRIL 58',8338556,NULL,'H',8338556,NULL,NULL,300,'R',NULL,'no_agricola','SII_CSV'),
('02103-00340-00002','02103','00340','00002','FERROCARRIL 60',10840647,NULL,'H',10840647,NULL,NULL,333,'R',NULL,'no_agricola','SII_CSV'),
('02103-00340-00003','02103','00340','00003','FERROCARRIL 62',16232185,NULL,'H',16232185,NULL,NULL,531,'R',NULL,'no_agricola','SII_CSV'),
('02103-00340-00004','02103','00340','00004','FERROCARRIL 64',6347961,NULL,'H',6347961,NULL,NULL,280,'R',NULL,'no_agricola','SII_CSV'),
('02103-00340-00005','02103','00340','00005','FERROCARRIL 66',10238469,NULL,'H',10238469,NULL,NULL,390,'R',NULL,'no_agricola','SII_CSV'),
('02103-00341-00001','02103','00341','00001','COMERCIO 18',28470678,NULL,'H',28470678,NULL,NULL,995,'R',NULL,'no_agricola','SII_CSV'),
('02103-00341-00002','02103','00341','00002','COMERCIO 16',25307150,NULL,'H',25307150,NULL,NULL,990,'R',NULL,'no_agricola','SII_CSV'),
('02103-00341-00003','02103','00341','00003','COMERCIO 14',8706009,NULL,'H',8706009,NULL,NULL,303,'R',NULL,'no_agricola','SII_CSV'),
('02103-00341-00004','02103','00341','00004','COMERCIO 12',13809693,NULL,'H',13809693,NULL,NULL,465,'R',NULL,'no_agricola','SII_CSV'),
('02103-00341-00005','02103','00341','00005','COMERCIO 10',11124561,NULL,'H',11124561,NULL,NULL,361,'R',NULL,'no_agricola','SII_CSV'),
('02103-00341-00006','02103','00341','00006','COMERCIO 9',33773500,NULL,'H',33773500,NULL,NULL,1177,'R',NULL,'no_agricola','SII_CSV'),
('02103-00342-00001','02103','00342','00001','COMERCIO 31 LOTE A',10405798,NULL,'H',10405798,NULL,NULL,293,'R',NULL,'no_agricola','SII_CSV'),
('02103-00342-00002','02103','00342','00002','COMERCIO 27',7629190,NULL,'H',7629190,NULL,NULL,226,'R',NULL,'no_agricola','SII_CSV'),
('02103-00342-00003','02103','00342','00003','COMERCIO 25',9244645,NULL,'H',9244645,NULL,NULL,297,'R',NULL,'no_agricola','SII_CSV'),
('02103-00342-00004','02103','00342','00004','COMERCIO 21',7759724,NULL,'H',7759724,NULL,NULL,216,'R',NULL,'no_agricola','SII_CSV'),
('02103-00342-00005','02103','00342','00005','COMERCIO 19',14981822,NULL,'H',14981822,NULL,NULL,494,'R',NULL,'no_agricola','SII_CSV'),
('02103-00342-00006','02103','00342','00006','COMERCIO 31 lt b',6159856,NULL,'H',6159856,NULL,NULL,197,'R',NULL,'no_agricola','SII_CSV'),
('02103-00342-00007','02103','00342','00007','COMERCIO 31 lt c',2319708,NULL,'H',2319708,NULL,NULL,68,'R',NULL,'no_agricola','SII_CSV'),
('02103-00343-00001','02103','00343','00001','LOA 41',28206901,NULL,'H',28206901,NULL,NULL,992,'R',NULL,'no_agricola','SII_CSV'),
('02103-00343-00002','02103','00343','00002','LOA 42',16545576,NULL,'H',16545576,NULL,NULL,577,'R',NULL,'no_agricola','SII_CSV'),
('02103-00343-00003','02103','00343','00003','LOA 43',5057755,NULL,'H',5057755,NULL,NULL,222,'R',NULL,'no_agricola','SII_CSV'),
('02103-00343-00004','02103','00343','00004','LOA 44',16096519,NULL,'H',16096519,NULL,NULL,573,'R',NULL,'no_agricola','SII_CSV'),
('02103-00343-00005','02103','00343','00005','LOA 45',8614396,NULL,'H',8614396,NULL,NULL,273,'R',NULL,'no_agricola','SII_CSV'),
('02103-00343-00006','02103','00343','00006','LOA 46',16729849,NULL,'H',16729849,NULL,NULL,579,'R',NULL,'no_agricola','SII_CSV'),
('02103-00343-00007','02103','00343','00007','LOA 47',10035558,NULL,'H',10035558,NULL,NULL,362,'R',NULL,'no_agricola','SII_CSV'),
('02103-00344-00001','02103','00344','00001','VALLE',23893999,NULL,'H',23893999,NULL,NULL,918,'R',NULL,'no_agricola','SII_CSV'),
('02103-00344-00002','02103','00344','00002','CALLE EL VALLE ST 125',25294632,NULL,'H',25294632,NULL,NULL,949,'R',NULL,'no_agricola','SII_CSV'),
('02103-00345-00001','02103','00345','00001','FERROCARRIL',5746120,NULL,'H',5746120,NULL,NULL,200,'R',NULL,'no_agricola','SII_CSV'),
('02103-00345-00002','02103','00345','00002','FERROCARRIL 68',40072439,NULL,'H',40072439,NULL,NULL,1568,'R',NULL,'no_agricola','SII_CSV'),
('02103-00345-00003','02103','00345','00003','FERROCARRIL 69',16204945,NULL,'H',16204945,NULL,NULL,527,'R',NULL,'no_agricola','SII_CSV'),
('02103-00345-00004','02103','00345','00004','FERROCARRIL 71',19386382,NULL,'H',19386382,NULL,NULL,728,'R',NULL,'no_agricola','SII_CSV'),
('02103-00345-00005','02103','00345','00005','FERROCARRIL 72',19426637,NULL,'H',19426637,NULL,NULL,728,'R',NULL,'no_agricola','SII_CSV'),
('02103-00345-00006','02103','00345','00006','FERROCARRIL 73',19426637,NULL,'H',19426637,NULL,NULL,728,'R',NULL,'no_agricola','SII_CSV'),
('02103-00346-00001','02103','00346','00001','COMERCIO 7',12693127,NULL,'H',12693127,NULL,NULL,414,'R',NULL,'no_agricola','SII_CSV'),
('02103-00346-00002','02103','00346','00002','COMERCIO 6',13251175,NULL,'H',13251175,NULL,NULL,462,'R',NULL,'no_agricola','SII_CSV'),
('02103-00346-00003','02103','00346','00003','FERROCARRIL',101572673,NULL,'O',101572673,NULL,NULL,1126,'R',NULL,'no_agricola','SII_CSV'),
('02103-00346-00004','02103','00346','00004','COMERCIO 3',15192849,NULL,'H',15192849,NULL,NULL,555,'R',NULL,'no_agricola','SII_CSV'),
('02103-00346-00005','02103','00346','00005','COMERCIO 1',9744060,NULL,'H',9744060,NULL,NULL,347,'R',NULL,'no_agricola','SII_CSV'),
('02103-00346-00006','02103','00346','00006','COMERCIO ST 188 PL 02302 4141 CR',14287748,NULL,'H',14287748,NULL,NULL,462,'R',NULL,'no_agricola','SII_CSV'),
('02103-00346-00007','02103','00346','00007','COMERCIO',8733093,NULL,'H',8733093,NULL,NULL,333,'R',NULL,'no_agricola','SII_CSV'),
('02103-00346-00008','02103','00346','00008','COMERCIO',15192849,NULL,'H',15192849,NULL,NULL,555,'R',NULL,'no_agricola','SII_CSV'),
('02103-00346-00009','02103','00346','00009','COMERCIO',17171260,NULL,'H',17171260,NULL,NULL,562,'R',NULL,'no_agricola','SII_CSV'),
('02103-00346-00010','02103','00346','00010','COMERCIO',62824868,16132,'H',59143557,NULL,NULL,2470,'R',NULL,'no_agricola','SII_CSV'),
('02103-00346-00011','02103','00346','00011','COMERCIO',13217169,NULL,'H',13217169,NULL,NULL,466,'R',NULL,'no_agricola','SII_CSV'),
('02103-00346-00012','02103','00346','00012','COMERCIO 195',8129633,NULL,'H',8129633,NULL,NULL,310,'R',NULL,'no_agricola','SII_CSV'),
('02103-00346-00013','02103','00346','00013','FERROCARRIL 75',4211260,NULL,'H',4211260,NULL,NULL,135,'R',NULL,'no_agricola','SII_CSV'),
('02103-00347-00001','02103','00347','00001','COMERCIO 17',6724829,NULL,'H',6724829,NULL,NULL,214,'R',NULL,'no_agricola','SII_CSV'),
('02103-00347-00002','02103','00347','00002','COMERCIO 15',4734233,NULL,'H',4734233,NULL,NULL,138,'R',NULL,'no_agricola','SII_CSV'),
('02103-00347-00003','02103','00347','00003','COMERCIO 13',5239057,NULL,'H',5239057,NULL,NULL,171,'R',NULL,'no_agricola','SII_CSV'),
('02103-00347-00004','02103','00347','00004','COMERCIO 11',11893998,NULL,'H',11893998,NULL,NULL,273,'R',NULL,'no_agricola','SII_CSV'),
('02103-00347-00005','02103','00347','00005','COMERCIO 13 SITIO 157',13628075,NULL,'W',13628075,NULL,NULL,510,'R',NULL,'no_agricola','SII_CSV'),
('02103-00348-00001','02103','00348','00001','LOA 48',9492425,NULL,'H',9492425,NULL,NULL,301,'R',NULL,'no_agricola','SII_CSV'),
('02103-00348-00002','02103','00348','00002','LOA 49',19672745,NULL,'H',19672745,NULL,NULL,745,'R',NULL,'no_agricola','SII_CSV'),
('02103-00348-00003','02103','00348','00003','LOA 50 QUILLAGUA 02302 - 4266 CR',7446699,NULL,'H',7446699,NULL,NULL,277,'R',NULL,'no_agricola','SII_CSV'),
('02103-00349-00001','02103','00349','00001','COMERCIO ST 196 PL 02302 4165 CR',7988222,NULL,'H',7988222,NULL,NULL,315,'R',NULL,'no_agricola','SII_CSV'),
('02103-00349-00002','02103','00349','00002','COMERCIO',7286886,NULL,'H',7286886,NULL,NULL,250,'R',NULL,'no_agricola','SII_CSV'),
('02103-00349-00003','02103','00349','00003','COMERCIO',23596828,NULL,'H',23596828,NULL,NULL,925,'R',NULL,'no_agricola','SII_CSV'),
('02103-00349-00004','02103','00349','00004','COMERCIO',14818728,NULL,'H',14818728,NULL,NULL,512,'R',NULL,'no_agricola','SII_CSV'),
('02103-00349-00005','02103','00349','00005','COMERCIO',7550438,NULL,'H',7550438,NULL,NULL,269,'R',NULL,'no_agricola','SII_CSV'),
('02103-00349-00006','02103','00349','00006','COMERCIO',44178803,NULL,'Q',44178803,NULL,NULL,1261,'R',NULL,'no_agricola','SII_CSV'),
('02103-00349-00007','02103','00349','00007','COMERCIO',8058151,NULL,'H',8058151,NULL,NULL,288,'R',NULL,'no_agricola','SII_CSV'),
('02103-00349-00008','02103','00349','00008','COMERCIO LOTE 202',21610069,NULL,'H',21610069,NULL,NULL,837,'R',NULL,'no_agricola','SII_CSV'),
('02103-00349-00009','02103','00349','00009','COMERCIO',8058151,NULL,'H',8058151,NULL,NULL,288,'R',NULL,'no_agricola','SII_CSV'),
('02103-00349-00010','02103','00349','00010','COMERCIO LOTE 206',11719026,NULL,'H',11719026,NULL,NULL,425,'R',NULL,'no_agricola','SII_CSV'),
('02103-00349-00011','02103','00349','00011','COMERCIO',45961351,245206,'W',NULL,NULL,NULL,2000,'R',NULL,'no_agricola','SII_CSV'),
('02103-00349-00012','02103','00349','00012','EQ-14 I. PENTECOST ST 207',44170996,NULL,'W',44170996,NULL,NULL,1900,'R',NULL,'no_agricola','SII_CSV'),
('02103-00349-00013','02103','00349','00013','CONERCIO LT 2 II- 1 - 1845 -CU',5760246,NULL,'H',5760246,NULL,NULL,150,'R',NULL,'no_agricola','SII_CSV'),
('02103-00349-00014','02103','00349','00014','COMERCIO 9',12128429,NULL,'H',12128429,NULL,NULL,200,'R',NULL,'no_agricola','SII_CSV'),
('02103-00349-00015','02103','00349','00015','COMERCIO EQ- 14 ST 207',44170996,NULL,'W',44170996,NULL,NULL,1900,'R',NULL,'no_agricola','SII_CSV'),
('02103-00349-00018','02103','00349','00018','COMERCIO LOTE 201',4750069,NULL,'H',4750069,NULL,NULL,162,'R',NULL,'no_agricola','SII_CSV'),
('02103-00349-00019','02103','00349','00019','COMERCIO LOTE 203',8234235,NULL,'H',8234235,NULL,NULL,364,'R',NULL,'no_agricola','SII_CSV'),
('02103-00350-00001','02103','00350','00001','COMERCIO 38',11588181,NULL,'H',11588181,NULL,NULL,396,'R',NULL,'no_agricola','SII_CSV'),
('02103-00350-00002','02103','00350','00002','COMERCIO',8909431,NULL,'H',8909431,NULL,NULL,324,'R',NULL,'no_agricola','SII_CSV'),
('02103-00350-00003','02103','00350','00003','COMERCIO',13227249,NULL,'W',13227249,NULL,NULL,495,'R',NULL,'no_agricola','SII_CSV'),
('02103-00350-00004','02103','00350','00004','COMERCIO 4',9376872,NULL,'H',9376872,NULL,NULL,314,'R',NULL,'no_agricola','SII_CSV'),
('02103-00350-00005','02103','00350','00005','COMERCIO 2',30657766,NULL,'H',30657766,NULL,NULL,1230,'R',NULL,'no_agricola','SII_CSV'),
('02103-00351-00001','02103','00351','00001','FERROCARRIL S/N 0 ST 226',8818166,NULL,'W',8818166,NULL,NULL,330,'R',NULL,'no_agricola','SII_CSV'),
('02103-00351-00002','02103','00351','00002','FERROCARRIL S/N 0 ST 227',15515124,NULL,'H',15515124,NULL,NULL,349,'R',NULL,'no_agricola','SII_CSV'),
('02103-00351-00003','02103','00351','00003','FERROCARRIL S/N 0 ST 228',7615689,NULL,'W',7615689,NULL,NULL,285,'R',NULL,'no_agricola','SII_CSV'),
('02103-00351-00007','02103','00351','00007','FERROCARRIL S/N ST 232',12829876,NULL,'H',12829876,NULL,NULL,450,'R',NULL,'no_agricola','SII_CSV'),
('02103-00351-00008','02103','00351','00008','FERROCARRIL S/N ST 233',18791680,NULL,'H',18791680,NULL,NULL,450,'R',NULL,'no_agricola','SII_CSV'),
('02103-00351-00009','02103','00351','00009','FERROCARRIL S/N 0 ST 226 A',8818166,NULL,'W',8818166,NULL,NULL,330,'R',NULL,'no_agricola','SII_CSV'),
('02103-00351-00010','02103','00351','00010','CALLE FERROCARRIL SITIO 234',23944198,NULL,'H',23944198,NULL,NULL,700,'R',NULL,'no_agricola','SII_CSV'),
('02103-00352-00001','02103','00352','00001','COMERCIO SITIO 161 2302 - 3920 C.R.',16941568,NULL,'W',16941568,NULL,NULL,634,'R',NULL,'no_agricola','SII_CSV'),
('02103-00353-00002','02103','00353','00002','VERTEDERO QUILLAGUA',120273637,NULL,'W',120273637,NULL,NULL,110300,'R',NULL,'no_agricola','SII_CSV'),
('02103-00354-00002','02103','00354','00002','QUILLAGUA',8650688,46152,'W',NULL,NULL,NULL,7854,'R',NULL,'no_agricola','SII_CSV'),
('02103-00354-00003','02103','00354','00003','TRES PUNTAS',8650688,46152,'W',NULL,NULL,NULL,7854,'R',NULL,'no_agricola','SII_CSV'),
('02103-00354-00004','02103','00354','00004','LA CRUZ',8650688,46152,'W',NULL,NULL,NULL,7854,'R',NULL,'no_agricola','SII_CSV'),
('02103-00354-00006','02103','00354','00006','QUILLAGUA',5313600,NULL,'O',5313600,NULL,NULL,2625,'R',NULL,'no_agricola','SII_CSV'),
('02103-00354-00008','02103','00354','00008','QUILLAGUA',5141208,NULL,'O',5141208,NULL,NULL,1370,'R',NULL,'no_agricola','SII_CSV'),
('02103-00354-00009','02103','00354','00009','PANAMERICANA QUILLAGUA',835812,NULL,'H',835812,NULL,NULL,300,'R',NULL,'no_agricola','SII_CSV'),
('02103-00354-00011','02103','00354','00011','PANAM QUILLAGUA',2479921,13230,'C',NULL,NULL,NULL,669,'R',NULL,'no_agricola','SII_CSV'),
('02103-00354-00012','02103','00354','00012','PANAM QUILLAGUA',1397545,7458,'C',NULL,NULL,NULL,810,'R',NULL,'no_agricola','SII_CSV'),
('02103-00355-00044','02103','00355','00044','COMPLEJO RECREATIVO',24341762,NULL,'W',24341762,NULL,NULL,22100,'R',NULL,'no_agricola','SII_CSV'),
('02103-00355-00059','02103','00355','00059','QUILLAGUA ST 71 -A II- 1 - 3683 -C-R',6718767,NULL,'W',6718767,NULL,NULL,6100,'R',NULL,'no_agricola','SII_CSV'),
('02103-00356-00005','02103','00356','00005','LOTE 101',572777163,3055768,'G',NULL,NULL,NULL,22000,'R',NULL,'no_agricola','SII_CSV'),
('02103-00358-00001','02103','00358','00001','SECTOR EL TOCO',9252072,49362,'W',NULL,NULL,NULL,8400,'R',NULL,'no_agricola','SII_CSV'),
('02103-00361-00001','02103','00361','00001','OF MARIA ELENA',40262055766,198423984,'M',3069181947,NULL,NULL,2579062,'R',NULL,'no_agricola','SII_CSV'),
('02103-00361-00002','02103','00361','00002','QUILLAGUA AL ESTE ESTACION FFCC',1307212519,NULL,'W',1307212519,NULL,NULL,90500,'R',NULL,'no_agricola','SII_CSV'),
('02103-00361-00003','02103','00361','00003','QUILLAGUA',40457415,NULL,'H',40457415,NULL,NULL,1126,'R',NULL,'no_agricola','SII_CSV'),
('02103-00361-00004','02103','00361','00004','SECTOR OASIS',105554772,563134,'W',NULL,NULL,NULL,5700,'R',NULL,'no_agricola','SII_CSV'),
('02103-00361-00005','02103','00361','00005','QUILLAGUA - COMERCIO',40457415,NULL,'H',40457415,NULL,NULL,1126,'R',NULL,'no_agricola','SII_CSV'),
('02103-00361-00007','02103','00361','00007','QUILLAGUA SITIO 89',512751749,NULL,'W',512751749,NULL,NULL,33360,'R',NULL,'no_agricola','SII_CSV'),
('02103-00361-00008','02103','00361','00008','CERRO LA JOYA',46295953,NULL,'W',46295953,NULL,NULL,2500,'R',NULL,'no_agricola','SII_CSV'),
('02103-00361-00009','02103','00361','00009','LOS PIMIENTOS S/N',92628942,NULL,'W',92628942,NULL,NULL,5002,'R',NULL,'no_agricola','SII_CSV'),
('02103-00361-00010','02103','00361','00010','AV I CARRERA PINTO 1926',1640816699,NULL,'O',1640816699,NULL,NULL,3500,'U',NULL,'no_agricola','SII_CSV'),
('02103-00361-70001','02103','00361','70001','PLANTA ELABORACION GALPONES',7540462429,NULL,'V',NULL,NULL,NULL,35021,'R','02103-00361-00001','no_agricola','SII_CSV'),
('02103-00361-70002','02103','00361','70002','PLANTA ELABORACION BODEGAS',604272027,NULL,'V',NULL,NULL,NULL,4625,'R','02103-00361-00001','no_agricola','SII_CSV'),
('02103-00361-70003','02103','00361','70003','PLANTA ELABORACION OFICINAS',1077877239,NULL,'V',NULL,NULL,NULL,4466,'R','02103-00361-00001','no_agricola','SII_CSV'),
('02103-00361-70004','02103','00361','70004','CAMPAMENTO EDIFICIOS VARIOS',1598435009,NULL,'V',NULL,NULL,NULL,15192,'R','02103-00361-00001','no_agricola','SII_CSV'),
('02103-00361-70005','02103','00361','70005','CAMPAMENTO EDIFICIOS',440780119,NULL,'V',440780119,NULL,NULL,3525,'R','02103-00361-00001','no_agricola','SII_CSV'),
('02103-00361-70006','02103','00361','70006','CAMPAMENTO VIVIENDAS',1366611598,NULL,'V',NULL,NULL,NULL,31147,'R','02103-00361-00001','no_agricola','SII_CSV'),
('02103-00361-70007','02103','00361','70007','CAMPAMENTO VIVIENDAS',1147450046,NULL,'V',NULL,NULL,NULL,26152,'R','02103-00361-00001','no_agricola','SII_CSV'),
('02103-00361-70008','02103','00361','70008','CAMPAMENTO VIVIENDAS',1681379371,NULL,'V',NULL,NULL,NULL,38321,'R','02103-00361-00001','no_agricola','SII_CSV'),
('02103-00361-70009','02103','00361','70009','CAMPAMENTO VIVIENDAS',1293223481,NULL,'V',NULL,NULL,NULL,29504,'R','02103-00361-00001','no_agricola','SII_CSV'),
('02103-00361-70010','02103','00361','70010','CAMPAMENTO VIVIENDAS',1131446730,NULL,'V',NULL,NULL,NULL,22026,'R','02103-00361-00001','no_agricola','SII_CSV'),
('02103-00361-70011','02103','00361','70011','CAMPAMENTO VIVIENDAS',178400563,NULL,'V',NULL,NULL,NULL,4066,'R','02103-00361-00001','no_agricola','SII_CSV'),
('02103-00361-70012','02103','00361','70012','CAMPAMENTO VIVIENDAS',197135695,NULL,'V',NULL,NULL,NULL,4493,'R','02103-00361-00001','no_agricola','SII_CSV'),
('02103-00361-70013','02103','00361','70013','CAMPAMENTO VIVIENDAS',67700953,NULL,'V',NULL,NULL,NULL,1543,'R','02103-00361-00001','no_agricola','SII_CSV'),
('02103-00361-70014','02103','00361','70014',NULL,144791404,NULL,'V',NULL,NULL,NULL,3300,'R','02103-00361-00001','no_agricola','SII_CSV'),
('02103-00361-70015','02103','00361','70015','CAMPAMENTO VIVIENDAS',14479140,NULL,'V',NULL,NULL,NULL,330,'R','02103-00361-00001','no_agricola','SII_CSV'),
('02103-00361-70016','02103','00361','70016',NULL,314840950,NULL,'V',NULL,NULL,NULL,1000,'R','02103-00361-00001','no_agricola','SII_CSV'),
('02103-00361-70017','02103','00361','70017',NULL,314840950,NULL,'V',NULL,NULL,NULL,1000,'R','02103-00361-00001','no_agricola','SII_CSV'),
('02103-00361-70018','02103','00361','70018','CAMPAMENTO VIVIENDAS',31484095,NULL,'V',NULL,NULL,NULL,100,'R','02103-00361-00001','no_agricola','SII_CSV'),
('02103-00361-70019','02103','00361','70019','CAMPAMENTO VIVIENDAS',218984270,NULL,'V',NULL,NULL,NULL,688,'R','02103-00361-00001','no_agricola','SII_CSV'),
('02103-00361-70020','02103','00361','70020','CAMPAMENTO VIVIENDAS',181425928,NULL,'V',NULL,NULL,NULL,570,'R','02103-00361-00001','no_agricola','SII_CSV'),
('02103-00361-70021','02103','00361','70021','CAMPAMENTO VIVIENDAS',121277524,NULL,'V',NULL,NULL,NULL,438,'R','02103-00361-00001','no_agricola','SII_CSV'),
('02103-00361-70022','02103','00361','70022','CAMPAMENTO EDIFICIOS EXENTOS',2628401829,NULL,'V',2628401829,NULL,NULL,41578,'R','02103-00361-00001','no_agricola','SII_CSV'),
('02103-00361-70023','02103','00361','70023','O COMPLEMENTARIAS',17966354412,NULL,'V',NULL,NULL,NULL,2309977,'R','02103-00361-00001','no_agricola','SII_CSV'),
('02103-00362-00001','02103','00362','00001','COMERCIO SITIO 165 II- 1 - 3676 -C-R',32343964,172556,'W',NULL,NULL,NULL,1360,'R',NULL,'no_agricola','SII_CSV'),
('02103-00364-00002','02103','00364','00002','FERROCARRIL 82 SITIO 235',26449205,NULL,'H',26449205,NULL,NULL,700,'R',NULL,'no_agricola','SII_CSV'),
('02103-00365-00001','02103','00365','00001','QUILLAGUA EQ- 23 PL 2302 - 4413 CR',2121368,NULL,'W',2121368,NULL,NULL,1926,'R',NULL,'no_agricola','SII_CSV'),
('02103-00366-00001','02103','00366','00001','QUILLAGUA EQ- 24 PL 2302 - 4413 CR',914193,NULL,'W',914193,NULL,NULL,830,'R',NULL,'no_agricola','SII_CSV'),
('02103-00368-00001','02103','00368','00001','QUILLAGUA EQ- 26 PL 2302 - 4413 CR',40288598,NULL,'W',40288598,NULL,NULL,1733,'R',NULL,'no_agricola','SII_CSV'),
('02103-00369-00001','02103','00369','00001','QUILLAGUA ST 212',17847364,NULL,'H',17847364,NULL,NULL,375,'R',NULL,'no_agricola','SII_CSV'),
('02103-00369-00002','02103','00369','00002','FERROCARRIL SN ST 211 PL 02302 3832 CR',10020643,NULL,'W',10020643,NULL,NULL,375,'R',NULL,'no_agricola','SII_CSV'),
('02103-00369-00003','02103','00369','00003','CALLE 3 PLANO II- 1 - 3718 -C-R',10780925,NULL,'H',10780925,NULL,NULL,380,'R',NULL,'no_agricola','SII_CSV'),
('02103-00369-00004','02103','00369','00004','FERROCARRIL ST 210 2302 - 4170 -C.R',21020348,NULL,'H',21020348,NULL,NULL,364,'R',NULL,'no_agricola','SII_CSV'),
('02103-00369-00007','02103','00369','00007','CALLE 3 ST 306 PL 02302 - 4254 -CR',9619818,NULL,'W',9619818,NULL,NULL,360,'R',NULL,'no_agricola','SII_CSV'),
('02103-00369-00008','02103','00369','00008','CALLE 3 ST 305 PL 02302 - 4254 -CR',9993922,NULL,'W',9993922,NULL,NULL,374,'R',NULL,'no_agricola','SII_CSV'),
('02103-00369-00009','02103','00369','00009','CALLE 3 ST 304 PL 02302 - 4254 -CR',9967200,NULL,'W',9967200,NULL,NULL,373,'R',NULL,'no_agricola','SII_CSV'),
('02103-00369-00010','02103','00369','00010','CALLE 3 ST 302 PL 02302 - 4254 -CR',9646539,NULL,'W',9646539,NULL,NULL,361,'R',NULL,'no_agricola','SII_CSV'),
('02103-00369-00012','02103','00369','00012','CALLE 3 ST 301 PL 02302 - 4254 -CR',13734962,NULL,'W',13734962,NULL,NULL,514,'R',NULL,'no_agricola','SII_CSV'),
('02103-00370-00001','02103','00370','00001','CALLE 1 ST A 1',346953,NULL,'W',346953,NULL,NULL,350,'R',NULL,'no_agricola','SII_CSV'),
('02103-00370-00002','02103','00370','00002','CALLE 1 ST A 2',346953,NULL,'W',346953,NULL,NULL,350,'R',NULL,'no_agricola','SII_CSV'),
('02103-00370-00003','02103','00370','00003','CALLE 1 ST A 3',346953,NULL,'W',NULL,NULL,NULL,350,'R',NULL,'no_agricola','SII_CSV'),
('02103-00370-00004','02103','00370','00004','CALLE 1 ST A 4',346953,NULL,'W',346953,NULL,NULL,350,'R',NULL,'no_agricola','SII_CSV'),
('02103-00370-00005','02103','00370','00005','CALLE 1 ST A 5',346953,NULL,'W',346953,NULL,NULL,350,'R',NULL,'no_agricola','SII_CSV'),
('02103-00371-00001','02103','00371','00001','CALLE 1 MZ B ST 1',346953,NULL,'W',346953,NULL,NULL,350,'R',NULL,'no_agricola','SII_CSV'),
('02103-00371-00002','02103','00371','00002','CALLE 1 MZ B ST 2',346953,NULL,'W',346953,NULL,NULL,350,'R',NULL,'no_agricola','SII_CSV'),
('02103-00371-00003','02103','00371','00003','CALLE 1 MZ B ST 3',346953,NULL,'W',346953,NULL,NULL,350,'R',NULL,'no_agricola','SII_CSV'),
('02103-00371-00004','02103','00371','00004','CALLE 1 MZ B ST 4',346953,NULL,'W',346953,NULL,NULL,350,'R',NULL,'no_agricola','SII_CSV'),
('02103-00371-00005','02103','00371','00005','CALLE 1 MZ B ST 5',346953,NULL,'W',346953,NULL,NULL,350,'R',NULL,'no_agricola','SII_CSV'),
('02103-00371-00006','02103','00371','00006','CALLE 1 MZ B ST 6',346953,NULL,'W',346953,NULL,NULL,350,'R',NULL,'no_agricola','SII_CSV'),
('02103-00371-00007','02103','00371','00007','CALLE 1 MZ B ST 7',346953,NULL,'W',346953,NULL,NULL,350,'R',NULL,'no_agricola','SII_CSV'),
('02103-00371-00008','02103','00371','00008','CALLE 1 MZ B ST 8',346953,NULL,'W',346953,NULL,NULL,350,'R',NULL,'no_agricola','SII_CSV'),
('02103-00371-00009','02103','00371','00009','CALLE 1 MZ B ST 9',346953,NULL,'W',346953,NULL,NULL,350,'R',NULL,'no_agricola','SII_CSV'),
('02103-00372-00001','02103','00372','00001','CALLE 3 MZ C ST 1',346953,NULL,'W',346953,NULL,NULL,350,'R',NULL,'no_agricola','SII_CSV'),
('02103-00372-00002','02103','00372','00002','CALLE 3 MZ C ST 2',346953,NULL,'W',346953,NULL,NULL,350,'R',NULL,'no_agricola','SII_CSV'),
('02103-00372-00003','02103','00372','00003','CALL3 MZ C ST 3',346953,NULL,'W',346953,NULL,NULL,350,'R',NULL,'no_agricola','SII_CSV'),
('02103-00372-00004','02103','00372','00004','CALLE 3 MZ C ST 4',13495339,NULL,'H',13495339,NULL,NULL,350,'R',NULL,'no_agricola','SII_CSV'),
('02103-00372-00005','02103','00372','00005','CALLE 3 MZ C ST 5',346953,NULL,'W',346953,NULL,NULL,350,'R',NULL,'no_agricola','SII_CSV'),
('02103-00372-00006','02103','00372','00006','CALLE 3 MZ C ST 6',346953,NULL,'W',346953,NULL,NULL,350,'R',NULL,'no_agricola','SII_CSV'),
('02103-00380-00001','02103','00380','00001','QUILLAGUA LT 1 2302 - 4220 -C.R.',88115,NULL,'W',88115,NULL,NULL,80,'R',NULL,'no_agricola','SII_CSV'),
('02103-00380-00002','02103','00380','00002','QUILLAGUA LT 2 2302 - 4220 -C.R.',19726740,NULL,'W',19726740,NULL,NULL,17910,'R',NULL,'no_agricola','SII_CSV'),
('02103-00380-00003','02103','00380','00003','QUILLAGUA LT 3 2302 - 4220 -C.R.',110144,NULL,'W',110144,NULL,NULL,100,'R',NULL,'no_agricola','SII_CSV'),
('02103-00380-00004','02103','00380','00004','QUILLAGUA LT 4 2302 - 4220 -C.R.',110144,NULL,'W',110144,NULL,NULL,100,'R',NULL,'no_agricola','SII_CSV'),
('02103-00380-00005','02103','00380','00005','QUILLAGUA TRAMO 1 SERVIDUMBRE',1762300,NULL,'W',1762300,NULL,NULL,2000,'R',NULL,'no_agricola','SII_CSV'),
('02103-00380-00006','02103','00380','00006','QUILLAGUA TRAMO 2 SERVIDUMBRE',88115,NULL,'W',88115,NULL,NULL,100,'R',NULL,'no_agricola','SII_CSV'),
('02103-00380-00007','02103','00380','00007','QUILLAGUA TRAMO 3 SERVIDUMBRE',1586070,NULL,'W',1586070,NULL,NULL,1800,'R',NULL,'no_agricola','SII_CSV'),
('02103-00380-00008','02103','00380','00008','QUILLAGUA TRAMO 4 SERVIDUMBRE',1321725,NULL,'W',1321725,NULL,NULL,1500,'R',NULL,'no_agricola','SII_CSV'),
('02103-00380-00009','02103','00380','00009','3,5 DE QUILLAGUA 4278',123283865,NULL,'W',123283865,NULL,NULL,143500,'R',NULL,'no_agricola','SII_CSV'),
('02103-00380-00010','02103','00380','00010','800MT R 5 1 KM SUR QUILLAGUA PL 4499',4446502,NULL,'W',4446502,NULL,NULL,4037,'R',NULL,'no_agricola','SII_CSV'),
('02103-00390-00001','02103','00390','00001','SUROESTE DE QUILLAGUA 02302 - 3 . 779 C.',991293,NULL,'W',991293,NULL,NULL,900,'R',NULL,'no_agricola','SII_CSV'),
('02103-00390-00003','02103','00390','00003','RUTA 5 NORTE 1639 2302 - 4222 -C.R.',247823,NULL,'W',247823,NULL,NULL,225,'R',NULL,'no_agricola','SII_CSV'),
('02103-00390-00004','02103','00390','00004','SUROESTE DE QUILLAGUA PL 02302 4226 CR',250026,NULL,'W',250026,NULL,NULL,227,'R',NULL,'no_agricola','SII_CSV'),
('02103-00390-00007','02103','00390','00007','2,8 AL SUR DE QUILLAGUA',46260362,NULL,'W',46260362,NULL,NULL,42000,'R',NULL,'no_agricola','SII_CSV'),
('02103-00390-00008','02103','00390','00008','9. 5 KM SURESTE QUILLAGUA',2068023222,NULL,'W',2068023222,NULL,NULL,2844800,'R',NULL,'no_agricola','SII_CSV'),
('02103-00390-00009','02103','00390','00009','9KM SURESTE QUILLAGUA',2019026890,NULL,'W',2019026890,NULL,NULL,2777400,'R',NULL,'no_agricola','SII_CSV'),
('02103-00390-00010','02103','00390','00010','18KM SURESTE QUILLAGUA',1639086131,NULL,'W',1639086131,NULL,NULL,2807800,'R',NULL,'no_agricola','SII_CSV'),
('02103-00390-00011','02103','00390','00011','15KM SURESTE QUILLAGUA',1780693505,NULL,'W',1780693505,NULL,NULL,2694500,'R',NULL,'no_agricola','SII_CSV'),
('02103-00390-00012','02103','00390','00012','CERRO LA JOYA PL 2302 - 4429 CR',110144,NULL,'W',110144,NULL,NULL,100,'R',NULL,'no_agricola','SII_CSV'),
('02103-00390-00013','02103','00390','00013','25. 6 KM SURESTE QUILLAGUA PL 4496',110144,NULL,'W',110144,NULL,NULL,100,'R',NULL,'no_agricola','SII_CSV'),
('02103-00390-00014','02103','00390','00014','7. 5 KM SUROESTE QUILLAGUA PL 4528',48022661,NULL,'W',48022661,NULL,NULL,43600,'R',NULL,'no_agricola','SII_CSV'),
('02103-00390-00015','02103','00390','00015','APROX A 9 KM AL SUROESTE DE QUILLAGUA PL',47912518,NULL,'W',47912518,NULL,NULL,43500,'R',NULL,'no_agricola','SII_CSV'),
('02103-00390-00016','02103','00390','00016','A 7,2 KM QUILLAGUA PL 4629',51657404,NULL,'W',51657404,NULL,NULL,46900,'R',NULL,'no_agricola','SII_CSV'),
('02103-00390-00017','02103','00390','00017','A 5 KM NO T. SLOMAN PL 4658 CR',220287,NULL,'W',220287,NULL,NULL,200,'R',NULL,'no_agricola','SII_CSV'),
('02103-00391-00001','02103','00391','00001','34,6 KM NO QUILLAGUA 02301 - 4355 -CR',2940771211,NULL,'W',2940771211,NULL,NULL,5933200,'R',NULL,'no_agricola','SII_CSV'),
('02103-00392-00001','02103','00392','00001','28KM NORESTE QUILLAGUA PL 2302 4438 CR',1859814144,NULL,'W',1859814144,NULL,NULL,2520200,'R',NULL,'no_agricola','SII_CSV'),
('02103-00400-00001','02103','00400','00001','4KM NORESTE DE QUILLAGUA PL 4504',218085,NULL,'W',218085,NULL,NULL,198,'R',NULL,'no_agricola','SII_CSV'),
('02103-00500-00001','02103','00500','00001','HOSPITAL M.ELENA Y VARIOS',598804951,3194626,'S',NULL,NULL,NULL,16778,'R',NULL,'no_agricola','SII_CSV'),
('02103-02000-00001','02103','02000','00001','CERRO LA CRUZ',688398,NULL,'W',688398,NULL,NULL,625,'R',NULL,'no_agricola','SII_CSV'),
('02103-06601-00001','02103','06601','00001','LAS BOMBAS',991293,5290,'W',NULL,NULL,NULL,900,'R',NULL,'no_agricola','SII_CSV'),
('02103-06601-00002','02103','06601','00002','SECTOR CERRO BALKAN PL II 1 2278 CR',2753593,NULL,'W',2753593,NULL,NULL,2500,'R',NULL,'no_agricola','SII_CSV'),
('02103-06601-00003','02103','06601','00003','CERRO PICADOS II',2753593,NULL,'W',2753593,NULL,NULL,2500,'R',NULL,'no_agricola','SII_CSV'),
('02103-06601-00004','02103','06601','00004','CERRO BALKAN',247823,NULL,'W',247823,NULL,NULL,225,'R',NULL,'no_agricola','SII_CSV'),
('02103-06700-00001','02103','06700','00001','SUB ESTACION CRUCERO',1243786407,6635602,'I',NULL,NULL,NULL,365000,'R',NULL,'no_agricola','SII_CSV'),
('02103-06700-00002','02103','06700','00002','MORRO NEGRO',2753593,NULL,'W',2753593,NULL,NULL,2500,'R',NULL,'no_agricola','SII_CSV'),
('02103-06700-00003','02103','06700','00003','SECTOR CRUCERO PL II 2 5697 CR',22028744,NULL,'W',22028744,NULL,NULL,20000,'R',NULL,'no_agricola','SII_CSV'),
('02103-06700-00004','02103','06700','00004','SECTOR CRUCERO PL II 2 5696 CR',23791043,NULL,'W',23791043,NULL,NULL,21600,'R',NULL,'no_agricola','SII_CSV'),
('02103-06700-00005','02103','06700','00005','SECTOR CRUCERO SE EL ENCUENTRO PL II 135',421399889,2248170,'I',NULL,NULL,NULL,131500,'R',NULL,'no_agricola','SII_CSV'),
('02103-06700-00006','02103','06700','00006','CRUCERO LOA A 10 KM SUBEST. ENCUET CRUC',3965174,NULL,'W',3965174,NULL,NULL,3600,'R',NULL,'no_agricola','SII_CSV'),
('02103-06700-00007','02103','06700','00007','PAMPA JOYITA 20 KM NORTE SUBEST CRUCERO',3965174,NULL,'W',3965174,NULL,NULL,3600,'R',NULL,'no_agricola','SII_CSV'),
('02103-06700-00008','02103','06700','00008','CRUCERO LOA A 20 KM SUBEST. ENCUET CRUC',3965174,NULL,'W',3965174,NULL,NULL,3600,'R',NULL,'no_agricola','SII_CSV'),
('02103-06700-00009','02103','06700','00009','PAMPA JOYITA LOA A 34 KM SUB CRUCERO',3965174,NULL,'W',3965174,NULL,NULL,3600,'R',NULL,'no_agricola','SII_CSV'),
('02103-06700-00010','02103','06700','00010','APROX A 7 KM AL NORESTE DE MARIA ELENA P',2698170858,NULL,'W',2698170858,NULL,NULL,3951100,'R',NULL,'no_agricola','SII_CSV'),
('02103-06700-00011','02103','06700','00011','A 4 KM CRUCE RUTA 5 RUTA 24 PL 2302 120',3531352724,18839768,'I',NULL,NULL,NULL,5127700,'R',NULL,'no_agricola','SII_CSV'),
('02103-06700-00012','02103','06700','00012','SECTOR GALENOSA PL 02302 - 4271 CR',71229943,NULL,'W',71229943,NULL,NULL,64670,'R',NULL,'no_agricola','SII_CSV'),
('02103-06700-00020','02103','06700','00020','A 17 KM.M.ELENA PL 02302 - 4293 CR',309195448,NULL,'W',309195448,NULL,NULL,319000,'R',NULL,'no_agricola','SII_CSV'),
('02103-06700-00024','02103','06700','00024','A 16 KM NE M ELENA LT A PL 4287 CR',188747243,1006968,'I',NULL,NULL,NULL,154518,'R',NULL,'no_agricola','SII_CSV'),
('02103-06700-00025','02103','06700','00025','A 16 KM NE M ELENA LT A PL 4287 CR',58266027,310850,'W',NULL,NULL,NULL,52900,'R',NULL,'no_agricola','SII_CSV'),
('02103-06700-00026','02103','06700','00026','A 16 KM NE M ELENA LT A PL 4290 CR',220701578,1177444,'W',NULL,NULL,NULL,217800,'R',NULL,'no_agricola','SII_CSV'),
('02103-06700-00027','02103','06700','00027','A 16 KM NE M ELENA LT B PL 4290 CR',58926890,314376,'W',NULL,NULL,NULL,53500,'R',NULL,'no_agricola','SII_CSV'),
('02103-06700-00028','02103','06700','00028','A 16 KM NE M ELENA LT A PL 4291 CR',238348805,1271592,'W',NULL,NULL,NULL,237800,'R',NULL,'no_agricola','SII_CSV'),
('02103-06700-00029','02103','06700','00029','A 16 KM NE M ELENA LT B PL 4291 CR',58706602,313200,'W',NULL,NULL,NULL,53300,'R',NULL,'no_agricola','SII_CSV'),
('02103-06700-00030','02103','06700','00030','A 16 KM NE M ELENA LT A PL 4289 CR',444330777,2370506,'W',NULL,NULL,NULL,474600,'R',NULL,'no_agricola','SII_CSV'),
('02103-06700-00031','02103','06700','00031','A 16 KM NE M ELENA LT B PL 4289 CR',63648751,339566,'W',NULL,NULL,NULL,57787,'R',NULL,'no_agricola','SII_CSV'),
('02103-06700-00032','02103','06700','00032','14 KM N.E. M ELENA 2302 4285 CR',151711959,NULL,'W',151711959,NULL,NULL,142000,'R',NULL,'no_agricola','SII_CSV'),
('02103-06700-00033','02103','06700','00033','14 KM N.E. M ELENA 2302 4285 CR',469327894,NULL,'W',469327894,NULL,NULL,501300,'R',NULL,'no_agricola','SII_CSV'),
('02103-06700-00034','02103','06700','00034','14 KM N.E. M ELENA 2302 4285 CR',94172880,NULL,'W',94172880,NULL,NULL,85500,'R',NULL,'no_agricola','SII_CSV'),
('02103-06700-00035','02103','06700','00035','15 KM N.E. M ELENA 2302 4286 CR',136868991,NULL,'W',136868991,NULL,NULL,126800,'R',NULL,'no_agricola','SII_CSV'),
('02103-06700-00036','02103','06700','00036','15 KM N.E. M ELENA 2302 4286 CR',441506692,NULL,'W',441506692,NULL,NULL,466100,'R',NULL,'no_agricola','SII_CSV'),
('02103-06700-00037','02103','06700','00037','A 15 KM NE M ELENA 2302 4286 CR',102433659,NULL,'W',102433659,NULL,NULL,93000,'R',NULL,'no_agricola','SII_CSV'),
('02103-06700-00046','02103','06700','00046','2 KM NE R 5 - R 24 CRUCERO 02302 - 4344',1656937808,8839764,'I',NULL,NULL,NULL,2026500,'R',NULL,'no_agricola','SII_CSV'),
('02103-06700-00047','02103','06700','00047','8 KM NE INTERS R 5 - R 24 LT A 4345 CR',1431414048,7636596,'I',NULL,NULL,NULL,1612500,'R',NULL,'no_agricola','SII_CSV'),
('02103-06700-00048','02103','06700','00048','8 KM NE INTERS R 5 - R 24 LT B 4345 CR',2279534408,12161316,'W',NULL,NULL,NULL,3184000,'R',NULL,'no_agricola','SII_CSV'),
('02103-06700-00049','02103','06700','00049','SALITRERA STA. ISABEL LT A 2302 - 4455 C',879071009,4689844,'W',NULL,NULL,NULL,1036510,'R',NULL,'no_agricola','SII_CSV'),
('02103-06700-00050','02103','06700','00050','AL NORTE DE SALITRERA STA ISABEL LT B PL',393116084,2097276,'I',NULL,NULL,NULL,463522,'R',NULL,'no_agricola','SII_CSV'),
('02103-06700-00051','02103','06700','00051','AL NORTE DE SALITRERA STA ISABEL LT C PL',378909549,2021484,'I',NULL,NULL,NULL,400016,'R',NULL,'no_agricola','SII_CSV'),
('02103-06700-00052','02103','06700','00052','17KM M ELENA CRUCERO LTA PL 2302 - 4434',871175137,NULL,'W',871175137,NULL,NULL,1027200,'R',NULL,'no_agricola','SII_CSV'),
('02103-06700-00053','02103','06700','00053','17KM M ELENA CRUCERO LTB PL 2302 - 4434',450228973,NULL,'W',450228973,NULL,NULL,480900,'R',NULL,'no_agricola','SII_CSV'),
('02103-06700-00054','02103','06700','00054','17KM M ELENA CRUCERO LTC PL 2302 - 4434',49564674,NULL,'W',49564674,NULL,NULL,45000,'R',NULL,'no_agricola','SII_CSV'),
('02103-06700-00055','02103','06700','00055','17KM M ELENA CRUCERO LTA PL 2302 - 4435',1051937501,NULL,'W',1051937501,NULL,NULL,1308300,'R',NULL,'no_agricola','SII_CSV'),
('02103-06700-00056','02103','06700','00056','17KM M ELENA CRUCERO LTB PL 2302 - 4435',547967205,NULL,'W',547967205,NULL,NULL,599400,'R',NULL,'no_agricola','SII_CSV'),
('02103-06700-00057','02103','06700','00057','APROX A 28 KMS AL NORTE INTER RT 5 Y RT',340308573,1815548,'I',NULL,NULL,NULL,209900,'R',NULL,'no_agricola','SII_CSV'),
('02103-06700-00059','02103','06700','00059','APROX A 25 KMS AL NORTE INTER RT 5 Y RT',1777605075,9483524,'W',NULL,NULL,NULL,2408800,'R',NULL,'no_agricola','SII_CSV'),
('02103-06700-00060','02103','06700','00060','SECTOR CENTRAL FOTOVOLTAICA PL 4515',6718767,NULL,'W',6718767,NULL,NULL,6100,'R',NULL,'no_agricola','SII_CSV'),
('02103-06700-00063','02103','06700','00063','SUBESTACION ELEC ENCUENTRO PL 02302 4530',4588164382,24477858,'W',NULL,NULL,NULL,8010800,'R',NULL,'no_agricola','SII_CSV'),
('02103-06700-00064','02103','06700','00064','15 KM SURESTE MARIA ELENA PL 4529',54521141,NULL,'W',54521141,NULL,NULL,49500,'R',NULL,'no_agricola','SII_CSV'),
('02103-06700-00065','02103','06700','00065','4. 5 KM NORTE R 5 CON R 24 PL 4555',2562731533,13672174,'W',NULL,NULL,NULL,3693200,'R',NULL,'no_agricola','SII_CSV'),
('02103-06700-00066','02103','06700','00066','9KM O SUBEST CRUCEROPL 4558',294867953,1573120,'W',NULL,NULL,NULL,300800,'R',NULL,'no_agricola','SII_CSV'),
('02103-06700-00068','02103','06700','00068','APROX A 58 KMS AL SURESTE DE TOCOPILLA P',220287,NULL,'W',220287,NULL,NULL,200,'R',NULL,'no_agricola','SII_CSV'),
('02103-06700-00069','02103','06700','00069','A 16 KM NO DE R 5 YR 24 PL 4656',440575,NULL,'W',440575,NULL,NULL,400,'R',NULL,'no_agricola','SII_CSV'),
('02103-06700-00070','02103','06700','00070','1KM SE INT.R 5 -B 150 PL 4662',220287,NULL,'W',220287,NULL,NULL,200,'R',NULL,'no_agricola','SII_CSV'),
('02103-06700-00071','02103','06700','00071','APROX A 28 KM AL NORESTE RT 5 Y RT B 255',49564674,NULL,'W',49564674,NULL,NULL,45000,'R',NULL,'no_agricola','SII_CSV'),
('02103-06700-00072','02103','06700','00072','A 9 KM NO B- 150 R- 5 PL 2302 4681 CR',36083082,NULL,'W',36083082,NULL,NULL,36400,'R',NULL,'no_agricola','SII_CSV'),
('02103-06700-00073','02103','06700','00073','A 26,9 KM NOR 5 - R 24 PL 02302 4707 CR',33043116,NULL,'W',33043116,NULL,NULL,30000,'R',NULL,'no_agricola','SII_CSV'),
('02103-06700-00074','02103','06700','00074','A 2,2 KM NO R 24 Y R 5 PL 4713',105958258,NULL,'W',105958258,NULL,NULL,96200,'R',NULL,'no_agricola','SII_CSV'),
('02103-06800-00002','02103','06800','00002','8 KM NE SUBEST CRUCERO PL 2302 - 4329 CR',2700022042,14404620,'I',NULL,NULL,NULL,3102700,'R',NULL,'no_agricola','SII_CSV'),
('02103-06800-00003','02103','06800','00003','17KM NE MARIA ELENA LOTE A',2731359364,NULL,'W',2731359364,NULL,NULL,3999700,'R',NULL,'no_agricola','SII_CSV'),
('02103-06800-00004','02103','06800','00004','17KM NE MARIA ELENA LOTE B',2731564231,NULL,'W',2731564231,NULL,NULL,4000000,'R',NULL,'no_agricola','SII_CSV'),
('02103-06800-00005','02103','06800','00005','17KM NE MARIA ELENA LOTE C',2731564231,NULL,'W',2731564231,NULL,NULL,4000000,'R',NULL,'no_agricola','SII_CSV'),
('02103-06800-00006','02103','06800','00006','12KM NE INTER RUTA 5 RUTA 24 LOTE A',520799155,NULL,'W',520799155,NULL,NULL,562900,'R',NULL,'no_agricola','SII_CSV'),
('02103-06800-00007','02103','06800','00007','12KM NE INTER RUTA 5 RUTA 24 LOTE B',436770512,NULL,'W',436770512,NULL,NULL,461100,'R',NULL,'no_agricola','SII_CSV'),
('02103-06800-00008','02103','06800','00008','CRUCERO LT A PL 4490 CR',596500933,NULL,'W',596500933,NULL,NULL,668600,'R',NULL,'no_agricola','SII_CSV'),
('02103-06800-00009','02103','06800','00009','CRUCERO LT B PL 4490 CR',713336985,NULL,'W',713336985,NULL,NULL,819800,'R',NULL,'no_agricola','SII_CSV'),
('02103-06800-00010','02103','06800','00010','CRUCERO LT C PL 4490 CR',993028235,NULL,'W',993028235,NULL,NULL,1202100,'R',NULL,'no_agricola','SII_CSV'),
('02103-06800-00011','02103','06800','00011','MARIA ELENA LOTE A',7019996713,NULL,'W',7019996713,NULL,NULL,14485200,'R',NULL,'no_agricola','SII_CSV'),
('02103-06800-00012','02103','06800','00012','MARIA ELENA LOTE B',4227952566,NULL,'W',4227952566,NULL,NULL,7242600,'R',NULL,'no_agricola','SII_CSV'),
('02103-06800-00013','02103','06800','00013','MARIA ELENA LOTE C',4237482200,NULL,'W',4237482200,NULL,NULL,7124500,'R',NULL,'no_agricola','SII_CSV'),
('02103-06800-00014','02103','06800','00014','19KM NORESTE RUTA 5 INTERS RUTA 24',1921065066,NULL,'W',1921065066,NULL,NULL,2603200,'R',NULL,'no_agricola','SII_CSV'),
('02103-06800-00015','02103','06800','00015','19,7KM NORESTE RUTA 5 INTERS RUTA 24',2137010639,NULL,'W',2137010639,NULL,NULL,2939700,'R',NULL,'no_agricola','SII_CSV'),
('02103-06800-00016','02103','06800','00016','37KM NORESTE RUTA 5 INTERS RUTA 24',2030658067,NULL,'W',2030658067,NULL,NULL,2793400,'R',NULL,'no_agricola','SII_CSV'),
('02103-06800-00017','02103','06800','00017','38KM NORESTE RUTA 5 INTERS RUTA 24',1991984404,NULL,'W',1991984404,NULL,NULL,2740200,'R',NULL,'no_agricola','SII_CSV'),
('02103-06800-00019','02103','06800','00019','60KM AL NORTE DE CALAMA PL 2302 - 4265 C',2643449,NULL,'W',2643449,NULL,NULL,2400,'R',NULL,'no_agricola','SII_CSV'),
('02103-06800-00020','02103','06800','00020','300MT NORESTE R 5/RB- 24 PL 2302 - 4436',9912935,NULL,'W',9912935,NULL,NULL,9000,'R',NULL,'no_agricola','SII_CSV'),
('02103-06800-00021','02103','06800','00021','A 15 KM NE INTER R 5 Y R 24',4186642220,22335736,'I',NULL,NULL,NULL,6343900,'R',NULL,'no_agricola','SII_CSV'),
('02103-06800-00022','02103','06800','00022','1. 5 KM AL SUR RUTA 24 PL 4543',52318267,NULL,'W',52318267,NULL,NULL,47500,'R',NULL,'no_agricola','SII_CSV'),
('02103-06800-00023','02103','06800','00023','1. 5 KM NE SUBT CRUC. PL 4539',271635338,1449174,'W',NULL,NULL,NULL,277100,'R',NULL,'no_agricola','SII_CSV'),
('02103-06800-00024','02103','06800','00024','134 MT NE R 5 -R 24 PL 4566',26544636,141616,'W',NULL,NULL,NULL,24100,'R',NULL,'no_agricola','SII_CSV'),
('02103-06800-00027','02103','06800','00027','2. 6 KM E R 5 -R 24 CRUC PL 4619',110144,NULL,'W',110144,NULL,NULL,100,'R',NULL,'no_agricola','SII_CSV'),
('02103-06800-00028','02103','06800','00028','80KM SE TOCOPILLA PL 4623',220287,NULL,'W',220287,NULL,NULL,200,'R',NULL,'no_agricola','SII_CSV'),
('02103-06800-00029','02103','06800','00029','33KM ESTE R 5 -R 24 PL 4601',49124099,262080,'W',NULL,NULL,NULL,44600,'R',NULL,'no_agricola','SII_CSV'),
('02103-06800-00030','02103','06800','00030','A 42 KM INTER R 24 C R 5 PL 02302 - 4666',701218973,NULL,'W',701218973,NULL,NULL,795800,'R',NULL,'no_agricola','SII_CSV'),
('02103-06800-00031','02103','06800','00031','A 15 KM NO R 24 CON R 5 PL 4665 C',704214882,NULL,'W',704214882,NULL,NULL,799200,'R',NULL,'no_agricola','SII_CSV'),
('02103-06800-00032','02103','06800','00032','A 14 KM NO R 24 CON R 5 PL 4664 CR',703504455,NULL,'W',703504455,NULL,NULL,808500,'R',NULL,'no_agricola','SII_CSV'),
('02103-06800-00033','02103','06800','00033','A 41 KM OF.M. ELENA PL 4667',220287,NULL,'W',220287,NULL,NULL,200,'R',NULL,'no_agricola','SII_CSV'),
('02103-06800-00035','02103','06800','00035','A 2,3 KM SE R 5 -R 24 PL 02302 4705 CR',36347427,NULL,'W',36347427,NULL,NULL,33000,'R',NULL,'no_agricola','SII_CSV'),
('02103-06800-00036','02103','06800','00036','A 8 KM NE R 5 Y R 24 PL 02302 4708 CR',268302389,NULL,'W',268302389,NULL,NULL,273700,'R',NULL,'no_agricola','SII_CSV'),
('02103-06800-00039','02103','06800','00039','A 1,3 KM S DE R 24 PL 02302 - 4668 CR',41678383,NULL,'W',41678383,NULL,NULL,47300,'R',NULL,'no_agricola','SII_CSV'),
('02103-06900-00001','02103','06900','00001','OF PEDRO DE VALDIVIA',10728604011,49895436,'M',1376132704,NULL,NULL,1031068,'R',NULL,'no_agricola','SII_CSV'),
('02103-06900-70001','02103','06900','70001','ZONA PLANTA GENERAL',8620216037,NULL,'V',NULL,NULL,NULL,42268,'R','02103-06900-00001','no_agricola','SII_CSV'),
('02103-06900-70002','02103','06900','70002','ZONA DE CAMPAMENTO',732255270,NULL,'W',NULL,NULL,NULL,863400,'R','02103-06900-00001','no_agricola','SII_CSV'),
('02103-06900-70004','02103','06900','70004','ZONA CENTRO CIVICO B HISTORICO',1376132704,NULL,'V',1376132704,NULL,NULL,125400,'R','02103-06900-00001','no_agricola','SII_CSV'),
('02103-06901-00001','02103','06901','00001','SECTOR PEDRO DE VALDIVIA',13217246,NULL,'W',13217246,NULL,NULL,15000,'R',NULL,'no_agricola','SII_CSV'),
('02103-06901-00003','02103','06901','00003','SECTOR ALGORTA II 1 3664 CR',110144,NULL,'W',110144,NULL,NULL,100,'R',NULL,'no_agricola','SII_CSV'),
('02103-06901-00004','02103','06901','00004','SECTOR OF VERGARA POZO 2 PL II 1 3675 CR',35245990,NULL,'W',35245990,NULL,NULL,40000,'R',NULL,'no_agricola','SII_CSV'),
('02103-06901-00005','02103','06901','00005','CERRO OCRE PL 2302 - 4472 CR',1762300,NULL,'W',1762300,NULL,NULL,1600,'R',NULL,'no_agricola','SII_CSV'),
('02103-06901-00006','02103','06901','00006','PEDRO VALDIVIA A 30 KM SURESTE M ELENA',3965174,NULL,'W',3965174,NULL,NULL,3600,'R',NULL,'no_agricola','SII_CSV'),
('02103-06901-00007','02103','06901','00007','A 13,5 KMS OESTE DE RUTA 5 2302 - 4225 C',174831125,NULL,'W',174831125,NULL,NULL,214500,'R',NULL,'no_agricola','SII_CSV'),
('02103-06901-00008','02103','06901','00008','SEC P DE VALDIVIA PL 4269 CR',440575,NULL,'W',440575,NULL,NULL,400,'R',NULL,'no_agricola','SII_CSV'),
('02103-06901-00009','02103','06901','00009','9 KM NORESTE INTERS RB- 180 R- 5',2180700246,NULL,'W',2180700246,NULL,NULL,2999800,'R',NULL,'no_agricola','SII_CSV'),
('02103-06901-00013','02103','06901','00013','PARQUE FOTOVOLTAICO 02302 4372 CR LT A',624514887,3331788,'W',NULL,NULL,NULL,700000,'R',NULL,'no_agricola','SII_CSV'),
('02103-06901-00014','02103','06901','00014','PARQUE FOTOVOLTAICO 02302 4372 CR LT B',624514887,3331788,'W',NULL,NULL,NULL,700000,'R',NULL,'no_agricola','SII_CSV'),
('02103-06901-00015','02103','06901','00015','PARQUE FOTOVOLTAICO 02302 4372 CR LT C',624514887,3331788,'W',NULL,NULL,NULL,700000,'R',NULL,'no_agricola','SII_CSV'),
('02103-06901-00016','02103','06901','00016','14KM ESTE R 5 P EOLICO TCHAMMA PL 4420',22469319,NULL,'W',22469319,NULL,NULL,20400,'R',NULL,'no_agricola','SII_CSV'),
('02103-06901-00017','02103','06901','00017','14. 3 KM ESTE R 5 P EOLICO TCHAMMA PL 44',90018507,480248,'I',NULL,NULL,NULL,24700,'R',NULL,'no_agricola','SII_CSV'),
('02103-06901-00018','02103','06901','00018','38KM S R 5 -R 24 2 KM NE R 5 PL 4587',16829960,89788,'W',NULL,NULL,NULL,19100,'R',NULL,'no_agricola','SII_CSV'),
('02103-06901-00019','02103','06901','00019','66KM SE R 5 -R 24 6 KM SE R 5 PL 4586',47582087,253852,'W',NULL,NULL,NULL,43200,'R',NULL,'no_agricola','SII_CSV'),
('02103-06901-00022','02103','06901','00022','180MT NORTE R B- 180 PL 4621',991293,5290,'W',NULL,NULL,NULL,900,'R',NULL,'no_agricola','SII_CSV'),
('02103-06901-00024','02103','06901','00024','32KM SEOF.SALIT M.E PL- 4657',220287,NULL,'W',220287,NULL,NULL,200,'R',NULL,'no_agricola','SII_CSV'),
('02103-06902-00001','02103','06902','00001','SECTOR OF VERGARA PL II 1 3539 CR',169180752,NULL,'W',169180752,NULL,NULL,160000,'R',NULL,'no_agricola','SII_CSV'),
('02103-06902-00002','02103','06902','00002','QUEBRADA DESAGUE COYA SUR',169180752,NULL,'W',169180752,NULL,NULL,160000,'R',NULL,'no_agricola','SII_CSV'),
('02103-06902-00003','02103','06902','00003','AL ESTE OF PEDRO DE VALDIVIA PL II 1 364',711528,NULL,'W',711528,NULL,NULL,646,'R',NULL,'no_agricola','SII_CSV'),
('02103-06902-00004','02103','06902','00004','OF VERGARA POZO MELISSA II 1 3668 CR',44057488,NULL,'W',44057488,NULL,NULL,40000,'R',NULL,'no_agricola','SII_CSV'),
('02103-06902-00005','02103','06902','00005','77KM SE TOCOPILLA PL 4622',470314,NULL,'W',470314,NULL,NULL,427,'R',NULL,'no_agricola','SII_CSV'),
('02103-06902-00006','02103','06902','00006','A 2 KM SE R 5 Y R 24 PL 4653',10012064,NULL,'W',10012064,NULL,NULL,10100,'R',NULL,'no_agricola','SII_CSV'),
('02103-06903-00001','02103','06903','00001','9KM SURESTE INTERSECRUTA 5 RUTA 24',1378404586,NULL,'W',1378404586,NULL,NULL,1787800,'R',NULL,'no_agricola','SII_CSV'),
('02103-06903-00002','02103','06903','00002','9KM SURESTE INTERSECRUTA 5 RUTA 24',1412483052,NULL,'W',1412483052,NULL,NULL,1832000,'R',NULL,'no_agricola','SII_CSV'),
('02103-06903-00003','02103','06903','00003','9KM SURESTE INTERSECRUTA 5 RUTA 24',370403510,1976102,'I',NULL,NULL,NULL,88000,'R',NULL,'no_agricola','SII_CSV'),
('02103-06903-00004','02103','06903','00004','9KM SE INTER RUTA 5 RUTA 24 LOTE A',761199833,4061002,'I',NULL,NULL,NULL,724600,'R',NULL,'no_agricola','SII_CSV'),
('02103-06903-00005','02103','06903','00005','9KM SE INTER RUTA 5 RUTA 24 LOTE B',516265640,2754278,'W',NULL,NULL,NULL,558000,'R',NULL,'no_agricola','SII_CSV'),
('02103-06903-00006','02103','06903','00006','9KM SE INTERS RUTA 5 RUTA 24 LOTE C',472979158,2523344,'W',NULL,NULL,NULL,505200,'R',NULL,'no_agricola','SII_CSV'),
('02103-06903-00007','02103','06903','00007','9KM SE INTER RUTA 5 RUTA 24 LOTE A',622016827,3318460,'W',NULL,NULL,NULL,697200,'R',NULL,'no_agricola','SII_CSV'),
('02103-06903-00008','02103','06903','00008','9KM SE INTER RUTA 5 RUTA 24 LOTE B',501924927,2677772,'W',NULL,NULL,NULL,542500,'R',NULL,'no_agricola','SII_CSV'),
('02103-06903-00009','02103','06903','00009','9KM SE INTER RUTA 5 RUTA 24 LOTE C',541476436,2888778,'W',NULL,NULL,NULL,592300,'R',NULL,'no_agricola','SII_CSV'),
('02103-06903-00010','02103','06903','00010','ENCUENTRO R- 5/R- 24 LOTE A',625810911,3338702,'I',NULL,NULL,NULL,640300,'R',NULL,'no_agricola','SII_CSV'),
('02103-06903-00011','02103','06903','00011','ENCUENTRO R- 5/R- 24 LOTE B',457437879,2440432,'W',NULL,NULL,NULL,488600,'R',NULL,'no_agricola','SII_CSV'),
('02103-06903-00012','02103','06903','00012','ENCUENTRO R- 5/R- 24 LOTE C',400870268,2138644,'W',NULL,NULL,NULL,423200,'R',NULL,'no_agricola','SII_CSV'),
('02103-06903-00013','02103','06903','00013','ENCUENTRO R- 5/R- 24 LOTE A',514877829,2746874,'W',NULL,NULL,NULL,556500,'R',NULL,'no_agricola','SII_CSV'),
('02103-06903-00014','02103','06903','00014','ENCUENTRO R- 5/R- 24 LOTE B',325576022,1736950,'W',NULL,NULL,NULL,335900,'R',NULL,'no_agricola','SII_CSV'),
('02103-06903-00015','02103','06903','00015','ENCUENTRO R- 5/R- 24 LOTE C',363368535,1938572,'W',NULL,NULL,NULL,379200,'R',NULL,'no_agricola','SII_CSV'),
('02103-06903-00016','02103','06903','00016','ENCUENTRO R- 5/R- 24 LOTE A',555189329,2961936,'W',NULL,NULL,NULL,607300,'R',NULL,'no_agricola','SII_CSV'),
('02103-06903-00017','02103','06903','00017','ENCUENTRO R- 5/R- 24 LOTE B',391113738,2086594,'W',NULL,NULL,NULL,412900,'R',NULL,'no_agricola','SII_CSV'),
('02103-06903-00018','02103','06903','00018','ENCUENTRO R- 5/R- 24 LOTE C',376784040,2010144,'W',NULL,NULL,NULL,393200,'R',NULL,'no_agricola','SII_CSV'),
('02103-06903-00019','02103','06903','00019','1 KM NE I R 5 RB 168 LOTE A',1085466351,5790964,'W',NULL,NULL,NULL,1350000,'R',NULL,'no_agricola','SII_CSV'),
('02103-06903-00020','02103','06903','00020','1 KM NE I R 5 RB 168 LOTE B',955689514,NULL,'W',955689514,NULL,NULL,1156900,'R',NULL,'no_agricola','SII_CSV'),
('02103-06903-00021','02103','06903','00021','1 KM NE I R 5 RB 168 LOTE C',956350376,NULL,'W',956350376,NULL,NULL,1157700,'R',NULL,'no_agricola','SII_CSV'),
('02103-06903-00022','02103','06903','00022','SECTOR CHACANCE',1220787822,NULL,'W',1220787822,NULL,NULL,1759300,'R',NULL,'no_agricola','SII_CSV'),
('02103-06903-00023','02103','06903','00023','APROX 6 KM M ELENA PL 02302 4359 CR LT B',2085542682,NULL,'W',2085542682,NULL,NULL,2868900,'R',NULL,'no_agricola','SII_CSV'),
('02103-06903-00024','02103','06903','00024','APROX 6 KM M ELENA 02302 4359 CR LT C',2048831780,NULL,'W',2048831780,NULL,NULL,2818400,'R',NULL,'no_agricola','SII_CSV'),
('02103-06903-00025','02103','06903','00025','SECTOR CRUCERO LOTE A',859121008,NULL,'W',859121008,NULL,NULL,1000000,'R',NULL,'no_agricola','SII_CSV'),
('02103-06903-00026','02103','06903','00026','SECTOR CRUCERO LOTE B',859121008,NULL,'W',859121008,NULL,NULL,1000000,'R',NULL,'no_agricola','SII_CSV'),
('02103-06903-00027','02103','06903','00027','SECTOR CRUCERO LOTE C',859121008,NULL,'W',859121008,NULL,NULL,1000000,'R',NULL,'no_agricola','SII_CSV'),
('02103-06903-00028','02103','06903','00028','APROX 6 KM M ELENA PL 02302 4359 CR LT A',2151040746,NULL,'W',2151040746,NULL,NULL,2959000,'R',NULL,'no_agricola','SII_CSV'),
('02103-06903-00029','02103','06903','00029','9 K SE S CRUCERO R 5 -R 24 LT A 2302 - 4',790391537,4216740,'I',NULL,NULL,NULL,495700,'R',NULL,'no_agricola','SII_CSV'),
('02103-06903-00030','02103','06903','00030','9 K SE S CRUCERO R 5 -R 24 LT B 2302 - 4',341520427,1822012,'W',NULL,NULL,NULL,356400,'R',NULL,'no_agricola','SII_CSV'),
('02103-06903-00031','02103','06903','00031','9 K SE CRUCERO R 5 -R 24 LTC 2302 - 4320',335171743,1788142,'W',NULL,NULL,NULL,345800,'R',NULL,'no_agricola','SII_CSV'),
('02103-06903-00032','02103','06903','00032','9 K SE S CRUCERO R 5 -R 24 LT A 2302 - 4',453973859,2421952,'W',NULL,NULL,NULL,484900,'R',NULL,'no_agricola','SII_CSV'),
('02103-06903-00033','02103','06903','00033','9 K SE S CRUCERO R 5 -R 24 LT B 2302 - 4',325692774,1737572,'W',NULL,NULL,NULL,379100,'R',NULL,'no_agricola','SII_CSV'),
('02103-06903-00034','02103','06903','00034','9 K SE S CRUCERO R 5 -R 24 LT C 2302 - 4',332845507,1775732,'W',NULL,NULL,NULL,343400,'R',NULL,'no_agricola','SII_CSV'),
('02103-06903-00036','02103','06903','00036','14KM SE RUTA 5 INTERRUTA 24',142481915,NULL,'W',142481915,NULL,NULL,132000,'R',NULL,'no_agricola','SII_CSV'),
('02103-06903-00037','02103','06903','00037','14KM SE RUTA 5 INTERRUTA 24',548515721,911096,'W',NULL,NULL,NULL,600000,'R',NULL,'no_agricola','SII_CSV'),
('02103-06903-00038','02103','06903','00038','13KM SE RUTA 5/RUTA 24',51987835,NULL,'W',51987835,NULL,NULL,47200,'R',NULL,'no_agricola','SII_CSV'),
('02103-06903-00039','02103','06903','00039','13. 5 KM SURESTE R 5/R 24',2180845636,NULL,'W',2180845636,NULL,NULL,3000000,'R',NULL,'no_agricola','SII_CSV'),
('02103-06903-00040','02103','06903','00040','15KM SURESTE R 5/R 24',5699276596,NULL,'W',5699276596,NULL,NULL,10560000,'R',NULL,'no_agricola','SII_CSV'),
('02103-06903-00041','02103','06903','00041','SECTOR BAL CHACANCE LOTE A',17622995,NULL,'W',17622995,NULL,NULL,16000,'R',NULL,'no_agricola','SII_CSV'),
('02103-06903-00042','02103','06903','00042','SECTOR BAL CHACANCE LOTE B',3304312,NULL,'W',3304312,NULL,NULL,3000,'R',NULL,'no_agricola','SII_CSV'),
('02103-06903-00043','02103','06903','00043','SECTOR BAL CHACANCE LOTE C',7269485,NULL,'W',7269485,NULL,NULL,6600,'R',NULL,'no_agricola','SII_CSV'),
('02103-06903-00044','02103','06903','00044','R5/R 24 10 KM ESTE RIO LOA 2302 - 4398 C',7269485,NULL,'W',7269485,NULL,NULL,6600,'R',NULL,'no_agricola','SII_CSV'),
('02103-06903-00045','02103','06903','00045','SUR SUBEST.ENCUENTRO PL 2302 - 4403 CR',66526806,NULL,'W',66526806,NULL,NULL,60400,'R',NULL,'no_agricola','SII_CSV'),
('02103-06903-00046','02103','06903','00046','15KM S SUBEST.ENCUENTRO PL 2302 - 4404',461625491,2462774,'I',NULL,NULL,NULL,62400,'R',NULL,'no_agricola','SII_CSV'),
('02103-06903-00047','02103','06903','00047','INTER R 5/RB- 168 LTA PL 2302 - 4448 CR',2924813589,15603882,'W',NULL,NULL,NULL,4353200,'R',NULL,'no_agricola','SII_CSV'),
('02103-06903-00048','02103','06903','00048','INTER R 5/RB- 168 LTB PL 2302 - 4448 CR',1378404586,7353790,'W',NULL,NULL,NULL,1787800,'R',NULL,'no_agricola','SII_CSV'),
('02103-06903-00049','02103','06903','00049','8,7 KM SE SUBEST ENCUENTRO',827591267,4415202,'W',NULL,NULL,NULL,963300,'R',NULL,'no_agricola','SII_CSV'),
('02103-06903-00050','02103','06903','00050','15KM SE MARIA ELENA PL 4529',54521141,NULL,'W',54521141,NULL,NULL,49500,'R',NULL,'no_agricola','SII_CSV'),
('02103-06903-00051','02103','06903','00051','5 KM ESTE INTER R 5 Y RB 211',6024551925,32140986,'W',NULL,NULL,NULL,11637700,'R',NULL,'no_agricola','SII_CSV'),
('02103-06903-00052','02103','06903','00052','6KM A R 5 -R 24 LT B 1 PL 4553',1519831324,8108302,'W',NULL,NULL,NULL,1999800,'R',NULL,'no_agricola','SII_CSV'),
('02103-06903-00053','02103','06903','00053','6KM INT. R 5 -R 24 LT B 2 PL 4553',1842103034,9827622,'W',NULL,NULL,NULL,2496200,'R',NULL,'no_agricola','SII_CSV'),
('02103-06903-00054','02103','06903','00054','6KM INT.R 5 -R 24 LT B 3 PL 4553',1872433310,9989432,'W',NULL,NULL,NULL,2537300,'R',NULL,'no_agricola','SII_CSV'),
('02103-06903-00055','02103','06903','00055','6KM INT R 5 -R 24 LT B 4 PL 4553',1885864235,10061088,'W',NULL,NULL,NULL,2555500,'R',NULL,'no_agricola','SII_CSV'),
('02103-06903-00056','02103','06903','00056','6KM INT R 5 -R 24 LT B 5 PL 4553',1596894478,8519432,'W',NULL,NULL,NULL,2132100,'R',NULL,'no_agricola','SII_CSV'),
('02103-06903-00057','02103','06903','00057','12KM INT R 5 -R 24 LTA 1 PL 4554',1589928990,8482272,'W',NULL,NULL,NULL,2122800,'R',NULL,'no_agricola','SII_CSV'),
('02103-06903-00058','02103','06903','00058','12KM INTR 5 -R 24 LT A 2 PL 4554',1552738963,8283862,'W',NULL,NULL,NULL,2043100,'R',NULL,'no_agricola','SII_CSV'),
('02103-06903-00059','02103','06903','00059','3. 7 KM E SUBT ENCUENT PL 4527',270066892,1440808,'W',NULL,NULL,NULL,275500,'R',NULL,'no_agricola','SII_CSV'),
('02103-06903-00060','02103','06903','00060','APROX A 19 . 6 KM AL SE R- 5 Y R- 24 PL-',45269069,241512,'W',NULL,NULL,NULL,41100,'R',NULL,'no_agricola','SII_CSV'),
('02103-06903-00061','02103','06903','00061','15KM SE INTER R 5 -R 24 PL 4583',51547260,275006,'W',NULL,NULL,NULL,46800,'R',NULL,'no_agricola','SII_CSV'),
('02103-06903-00063','02103','06903','00063','17KM R 5 -R 24 1 . 8 KM SE R 24 PL 4589',52868985,282058,'W',NULL,NULL,NULL,48000,'R',NULL,'no_agricola','SII_CSV'),
('02103-06903-00064','02103','06903','00064','15KM R 5 -R 24 2 . 7 KM SE R 24 PL 4585',41303895,220358,'W',NULL,NULL,NULL,37500,'R',NULL,'no_agricola','SII_CSV'),
('02103-06903-00065','02103','06903','00065','16KM SE INTER R 5 -R 24 PL 4611',53309560,284408,'W',NULL,NULL,NULL,48400,'R',NULL,'no_agricola','SII_CSV'),
('02103-06903-00066','02103','06903','00066','A14 KM SE INT R 5 R 24 PL 4631',247823368,NULL,'W',247823368,NULL,NULL,250000,'R',NULL,'no_agricola','SII_CSV'),
('02103-06903-00067','02103','06903','00067','A42 KM SE R 5 Y R 24 PL 4628',23130181,NULL,'W',23130181,NULL,NULL,21000,'R',NULL,'no_agricola','SII_CSV'),
('02103-06903-00068','02103','06903','00068','A 5,2 KM SE R 5 Y R 24 PL 4691 CR',626085536,NULL,'W',626085536,NULL,NULL,800600,'R',NULL,'no_agricola','SII_CSV'),
('02103-06904-00001','02103','06904','00001','44. 75 KM ESTE MARIA ELENA',54851572,NULL,'W',54851572,NULL,NULL,49800,'R',NULL,'no_agricola','SII_CSV'),
('02103-06904-00002','02103','06904','00002','6. 8 KM ESTE OF STA ISABEL LTA PL 4450 C',6206598566,NULL,'W',6206598566,NULL,NULL,12250000,'R',NULL,'no_agricola','SII_CSV'),
('02103-06904-00003','02103','06904','00003','6. 8 KM ESTE OF STA ISABEL LTB PL 4450 C',6206598566,NULL,'W',6206598566,NULL,NULL,12250000,'R',NULL,'no_agricola','SII_CSV'),
('02103-06904-00004','02103','06904','00004','6. 8 KM ESTE OF STA ISABEL LTC PL 4450 C',6206598566,NULL,'W',6206598566,NULL,NULL,12250000,'R',NULL,'no_agricola','SII_CSV'),
('02103-06904-00005','02103','06904','00005','6. 8 KM ESTE OF STA ISABEL LTD PL 4450 C',6206598566,NULL,'W',6206598566,NULL,NULL,12250000,'R',NULL,'no_agricola','SII_CSV'),
('02103-06904-00008','02103','06904','00008','39KM E SUBEST ENCUENTRO PL 4559',17182420,91668,'W',NULL,NULL,NULL,19500,'R',NULL,'no_agricola','SII_CSV'),
('02103-06904-00009','02103','06904','00009','CERRO ABRA PL 02302',39034934,208252,'W',NULL,NULL,NULL,44300,'R',NULL,'no_agricola','SII_CSV'),
('02103-07000-00001','02103','07000','00001','SECTOR CERRO LA CRUZ',688398,NULL,'W',688398,NULL,NULL,625,'R',NULL,'no_agricola','SII_CSV'),
('02103-07000-00002','02103','07000','00002','SECTOR OFICINA VERGARA II 1 3665 CR',44057488,NULL,'W',44057488,NULL,NULL,40000,'R',NULL,'no_agricola','SII_CSV'),
('02103-07000-00003','02103','07000','00003','CERRO LA CRUZ',881150,NULL,'W',881150,NULL,NULL,800,'R',NULL,'no_agricola','SII_CSV'),
('02103-07000-00004','02103','07000','00004','SECT CO LA CRUZ',440575,NULL,'W',440575,NULL,NULL,400,'R',NULL,'no_agricola','SII_CSV'),
('02103-07000-00005','02103','07000','00005','NOROEST MARIA ELENA',132983121,NULL,'W',132983121,NULL,NULL,123200,'R',NULL,'no_agricola','SII_CSV'),
('02103-07000-00006','02103','07000','00006','CERRO LA CRUZ PLANO 3749 C R',991293,NULL,'W',991293,NULL,NULL,900,'R',NULL,'no_agricola','SII_CSV'),
('02103-07000-00007','02103','07000','00007','CERRO LA CRUZ 2302 - 4221 -C.R.',688398,NULL,'W',688398,NULL,NULL,625,'R',NULL,'no_agricola','SII_CSV'),
('02103-07000-00008','02103','07000','00008','CERRO LA CRUZ 2302 - 4231 -CR',250026,NULL,'W',250026,NULL,NULL,227,'R',NULL,'no_agricola','SII_CSV'),
('02103-07000-00009','02103','07000','00009','SECTOR COLUPITO 2302 - 4258 CR',35379866,188752,'I',NULL,NULL,NULL,10000,'R',NULL,'no_agricola','SII_CSV'),
('02103-07000-00010','02103','07000','00010','SEC CERRO LA CRUZ PL 4268 CR',991293,NULL,'W',991293,NULL,NULL,1000,'R',NULL,'no_agricola','SII_CSV'),
('02103-07000-00011','02103','07000','00011','CERRO LA CRUZ 19 . 22 KM NO R 5/R 24',688398,NULL,'W',688398,NULL,NULL,625,'R',NULL,'no_agricola','SII_CSV'),
('02103-07000-00012','02103','07000','00012','A340 MT SO R 5 -B 184 PL 4659 C',220287,NULL,'W',220287,NULL,NULL,200,'R',NULL,'no_agricola','SII_CSV'),
('02103-07000-00013','02103','07000','00013','A 23 KM E INT.R 5 -R 24 PL 4663',220287,NULL,'W',220287,NULL,NULL,200,'R',NULL,'no_agricola','SII_CSV'),
('02103-08000-00006','02103','08000','00006','CERRO DOMINADOR',6959563057,NULL,'W',6959563057,NULL,NULL,14360500,'R',NULL,'no_agricola','SII_CSV'),
('02103-08000-00007','02103','08000','00007','PEDRO VALDIVIA RUTA 5 1513 KM LOTE A',3275101456,NULL,'W',3275101456,NULL,NULL,4955800,'R',NULL,'no_agricola','SII_CSV'),
('02103-08000-00008','02103','08000','00008','PEDRO VALDIVIA RUTA 5 1513 KM LOTE B',3275101456,NULL,'W',3275101456,NULL,NULL,4955800,'R',NULL,'no_agricola','SII_CSV'),
('02103-08000-00009','02103','08000','00009','PEDRO VALDIVIA RUTA 5 1513 KM LOTE C',3275101456,NULL,'W',3275101456,NULL,NULL,4955800,'R',NULL,'no_agricola','SII_CSV'),
('02103-08000-00010','02103','08000','00010','28KM NOROESTE S GORDA',8370923,NULL,'W',8370923,NULL,NULL,7600,'R',NULL,'no_agricola','SII_CSV'),
('02103-08000-00011','02103','08000','00011','SECTOR CERRO DOMINADOR PL 2302 - 4418 CR',54444618165,290462040,'I',NULL,NULL,NULL,9350400,'R',NULL,'no_agricola','SII_CSV'),
('02103-08000-00012','02103','08000','00012','SECTOR C DOMINADOR PL 2302 - 4417 CR/201',1811566129,9418706,'I',NULL,NULL,NULL,2454820,'R',NULL,'no_agricola','SII_CSV'),
('02103-08000-00015','02103','08000','00015','A30 KMSE R 5 -RB 180',220287,NULL,'W',220287,NULL,NULL,200,'R',NULL,'no_agricola','SII_CSV'),
('02103-08000-00016','02103','08000','00016','A 45 KM SO R 25 Y R 23 PL 4706 LT A',7068653803,NULL,'W',7068653803,NULL,NULL,14585600,'R',NULL,'no_agricola','SII_CSV'),
('02103-08000-00017','02103','08000','00017','A 45 KM SO R 25 Y R 23 PL 4706 LT B',6529402270,NULL,'W',6529402270,NULL,NULL,13173500,'R',NULL,'no_agricola','SII_CSV'),
('02103-08500-00002','02103','08500','00002','SALA OPERACIONES LT 1',27009222,144094,'M',NULL,NULL,NULL,13200,'R',NULL,'no_agricola','SII_CSV'),
('02103-08500-00003','02103','08500','00003','LP2 LT 2',3524599,18806,'W',NULL,NULL,NULL,3200,'R',NULL,'no_agricola','SII_CSV'),
('02103-08500-00004','02103','08500','00004','M25 LT 3',1762300,9402,'W',NULL,NULL,NULL,1600,'R',NULL,'no_agricola','SII_CSV'),
('02103-08500-00005','02103','08500','00005','CHANCADO II- III LT 4',455939925,2432440,'W',NULL,NULL,NULL,487000,'R',NULL,'no_agricola','SII_CSV'),
('02103-08500-00007','02103','08500','00007','INST. ACIDO LT 6',500259538,2668884,'V',NULL,NULL,NULL,112000,'R',NULL,'no_agricola','SII_CSV'),
('02103-08500-00008','02103','08500','00008','CAMPAMENTO LT 7',26105277010,139271654,'M',NULL,NULL,NULL,1120000,'R',NULL,'no_agricola','SII_CSV'),
('02103-08500-00009','02103','08500','00009','GARITA LT 8',131781433,703056,'M',NULL,NULL,NULL,30000,'R',NULL,'no_agricola','SII_CSV'),
('02103-08500-00010','02103','08500','00010','ESTACION ENLACE LT 13',26262161,140110,'M',NULL,NULL,NULL,5600,'R',NULL,'no_agricola','SII_CSV'),
('02103-08500-00011','02103','08500','00011','AGLOMERADO LT 14',92334735,492606,'M',NULL,NULL,NULL,68100,'R',NULL,'no_agricola','SII_CSV'),
('02103-08500-00012','02103','08500','00012','PLANTA SX-EW LT 5',10295899225,54928624,'M',NULL,NULL,NULL,290000,'R',NULL,'no_agricola','SII_CSV'),
('02103-08500-00013','02103','08500','00013','SECTOR SUBESTACION LT B',387776594,2068788,'M',NULL,NULL,NULL,163000,'R',NULL,'no_agricola','SII_CSV'),
('02103-08500-00014','02103','08500','00014','SECTOR PATIO 1 LT C',213810987,1140682,'W',NULL,NULL,NULL,211000,'R',NULL,'no_agricola','SII_CSV'),
('02103-08500-00015','02103','08500','00015','SECTOR PATIO 2 LT D',174467651,930784,'W',NULL,NULL,NULL,165000,'R',NULL,'no_agricola','SII_CSV'),
('02103-08500-00016','02103','08500','00016','A 35 KIM E R 5 Y R 180 PL 02302 - 4709 C',22138888,NULL,'W',22138888,NULL,NULL,20100,'R',NULL,'no_agricola','SII_CSV'),
('02103-10000-00001','02103','10000','00001','SECT P VALDIVIA Y M ELENA',1469751178,NULL,'W',1469751178,NULL,NULL,2471100,'R',NULL,'no_agricola','SII_CSV'),
('02103-10000-00002','02103','10000','00002','FAJA S/E ATACAMA S/E ENCUENTRO',1396760256,NULL,'W',1396760256,NULL,NULL,2348380,'R',NULL,'no_agricola','SII_CSV'),
('02103-10000-00003','02103','10000','00003','S OFICINA COYA SUR II 1 3670 CR',57627194,NULL,'W',57627194,NULL,NULL,65400,'R',NULL,'no_agricola','SII_CSV'),
('02103-10000-00004','02103','10000','00004','A 6 KM RT 5 Y RT 24 PL 02302 4500 CR',42735763,NULL,'W',42735763,NULL,NULL,38800,'R',NULL,'no_agricola','SII_CSV'),
('02103-10000-00005','02103','10000','00005','SECTOR PEDRO DE VALDIVIA PL II 1 3672 CR',76748143,NULL,'W',76748143,NULL,NULL,87100,'R',NULL,'no_agricola','SII_CSV'),
('02103-10000-00006','02103','10000','00006','TRAMO M ELENA 2302 - 4116 -C.R.',588223633,NULL,'W',588223633,NULL,NULL,847700,'R',NULL,'no_agricola','SII_CSV'),
('02103-10000-00007','02103','10000','00007','APROX A 6 . 5 KM AL NO R 5 -R 24 P 4646',3877059,NULL,'W',3877059,NULL,NULL,4400,'R',NULL,'no_agricola','SII_CSV'),
('02103-10000-00008','02103','10000','00008','CENTRAL ANGAMOS A SUBESTACION ENCUENTRO',1785940752,NULL,'W',1785940752,NULL,NULL,3118200,'R',NULL,'no_agricola','SII_CSV'),
('02103-10000-00009','02103','10000','00009','4. 3 KM. INTERSECCION R 5 -R 24',31060529,NULL,'W',31060529,NULL,NULL,28200,'R',NULL,'no_agricola','SII_CSV'),
('02103-10000-00010','02103','10000','00010','A 4 . 3 KM. INTER R 5 -R 24 02302 - 4338',495647,NULL,'W',495647,NULL,NULL,500,'R',NULL,'no_agricola','SII_CSV'),
('02103-10000-00011','02103','10000','00011','A 4 . 3 KM. R 5 -R 24',2092731,NULL,'W',2092731,NULL,NULL,1900,'R',NULL,'no_agricola','SII_CSV'),
('02103-10000-00012','02103','10000','00012','A 4 . 3 KM. R 5 -R 24',7049198,NULL,'W',7049198,NULL,NULL,6400,'R',NULL,'no_agricola','SII_CSV'),
('02103-10000-00013','02103','10000','00013','SERV.ELECTRICA(SUBEST.)',1003011485,NULL,'W',1003011485,NULL,NULL,1597612,'R',NULL,'no_agricola','SII_CSV'),
('02103-10000-00014','02103','10000','00014','2 KM ESTE MARIA ELENA',64059587,NULL,'W',64059587,NULL,NULL,72700,'R',NULL,'no_agricola','SII_CSV'),
('02103-10000-00015','02103','10000','00015','SERVIDUMBRE SOL DEL LOA',37779296,NULL,'W',37779296,NULL,NULL,34300,'R',NULL,'no_agricola','SII_CSV'),
('02103-10000-00016','02103','10000','00016','ORIENTE KM 1575 R 5 SERVID',20707019,NULL,'W',20707019,NULL,NULL,18800,'R',NULL,'no_agricola','SII_CSV'),
('02103-10000-00017','02103','10000','00017','A 10 KM AL NORTE SUBEST CRUCERO PL 02302',34915559,NULL,'W',34915559,NULL,NULL,31700,'R',NULL,'no_agricola','SII_CSV'),
('02103-10000-00018','02103','10000','00018','SECT SUBEST CRUCERO SERVID',36479600,NULL,'W',36479600,NULL,NULL,41400,'R',NULL,'no_agricola','SII_CSV'),
('02103-10000-00019','02103','10000','00019','SUBESTACION CRUCERO 02302 - 4405 -CR',1211581,NULL,'W',1211581,NULL,NULL,1100,'R',NULL,'no_agricola','SII_CSV'),
('02103-10000-00020','02103','10000','00020','SUBESTACION CRUCERO 2302 - 4406 -CR',1211581,NULL,'W',1211581,NULL,NULL,1100,'R',NULL,'no_agricola','SII_CSV'),
('02103-10000-00021','02103','10000','00021','SUBESTACION CRUCERO 2302 - 4407 -CR',2423162,NULL,'W',2423162,NULL,NULL,2200,'R',NULL,'no_agricola','SII_CSV'),
('02103-10000-00022','02103','10000','00022','SUBESTACION CRUCERO 02302 - 4408 -CR',1431868,NULL,'W',1431868,NULL,NULL,1300,'R',NULL,'no_agricola','SII_CSV'),
('02103-10000-00023','02103','10000','00023','2KM ESTE QUILLAGUA PL 2302 - 4412 CR',10683941,NULL,'W',10683941,NULL,NULL,9700,'R',NULL,'no_agricola','SII_CSV'),
('02103-10000-00024','02103','10000','00024','SUB ESTACION CRUCERO PL 2302 - 4415 CR',2423162,NULL,'W',2423162,NULL,NULL,2200,'R',NULL,'no_agricola','SII_CSV'),
('02103-10000-00025','02103','10000','00025','9KM SE R 5/R 24 PL 2302 - 4414 CR',10243366,NULL,'W',10243366,NULL,NULL,9300,'R',NULL,'no_agricola','SII_CSV'),
('02103-10000-00026','02103','10000','00026','SECTOR C DOMINADOR SERVID PL 2302 - 4416',43176338,NULL,'W',43176338,NULL,NULL,39200,'R',NULL,'no_agricola','SII_CSV'),
('02103-10000-00027','02103','10000','00027','1. 5 KM R 5/R 24 SERVIDUMBRE PL 2302 - 4',12336097,NULL,'W',12336097,NULL,NULL,11200,'R',NULL,'no_agricola','SII_CSV'),
('02103-10000-00028','02103','10000','00028','22KM SE M ELENA LTA PL 2302 - 4389 CR',10794084,NULL,'W',10794084,NULL,NULL,9800,'R',NULL,'no_agricola','SII_CSV'),
('02103-10000-00029','02103','10000','00029','22KM SE M ELENA LTB PL 2302 - 4389 CR',5507186,NULL,'W',5507186,NULL,NULL,5000,'R',NULL,'no_agricola','SII_CSV'),
('02103-10000-00030','02103','10000','00030','22KM SE M ELENA LTC PL 2302 - 4389 CR',28747511,NULL,'W',28747511,NULL,NULL,26100,'R',NULL,'no_agricola','SII_CSV'),
('02103-10000-00031','02103','10000','00031','SUBESTACION CRUCERO PL 2302 - 4425 CR',13955209,NULL,'W',13955209,NULL,NULL,12670,'R',NULL,'no_agricola','SII_CSV'),
('02103-10000-00032','02103','10000','00032','ENCUENTRO A QUADRA LT A PL 2302 - 4424 C',1222595,NULL,'W',1222595,NULL,NULL,1110,'R',NULL,'no_agricola','SII_CSV'),
('02103-10000-00033','02103','10000','00033','ENCUENTRO A QUADRA LT B PL 2302 - 4424 C',11014,NULL,'W',11014,NULL,NULL,10,'R',NULL,'no_agricola','SII_CSV'),
('02103-10000-00034','02103','10000','00034','ENCUENTRO A QUADRA LT C PL 2302 - 4424 C',407532,NULL,'W',407532,NULL,NULL,370,'R',NULL,'no_agricola','SII_CSV'),
('02103-10000-00035','02103','10000','00035','ENCUENTRO A QUADRA LT D PL 2302 - 4424 C',2566349,NULL,'W',2566349,NULL,NULL,2330,'R',NULL,'no_agricola','SII_CSV'),
('02103-10000-00036','02103','10000','00036','SERVIDUMBRE QUILLAGUA PL 2302 - 4427 CR',14318683,NULL,'W',14318683,NULL,NULL,13000,'R',NULL,'no_agricola','SII_CSV'),
('02103-10000-00037','02103','10000','00037','SERVIDUMBRE ELECT R 1/R 24 PL 2302 - 442',211935240,NULL,'W',211935240,NULL,NULL,206900,'R',NULL,'no_agricola','SII_CSV'),
('02103-10000-00038','02103','10000','00038','SECTOR CRUCERO SERVID PL 2302 - 4445 CR',57274734,NULL,'W',57274734,NULL,NULL,52000,'R',NULL,'no_agricola','SII_CSV'),
('02103-10000-00039','02103','10000','00039','SECTOR CERRO DOMINADOR PL 2302 - 4446 CR',159190717,NULL,'W',159190717,NULL,NULL,149000,'R',NULL,'no_agricola','SII_CSV'),
('02103-10000-00040','02103','10000','00040','SERVIDUMBRE SOL DEL LOA PL 2302 - 4449 C',22138888,NULL,'W',22138888,NULL,NULL,20100,'R',NULL,'no_agricola','SII_CSV'),
('02103-10000-00041','02103','10000','00041','9KM SE R 5/R 24 ENCUENTRO LTA PL 4462 CR',3524599,NULL,'W',3524599,NULL,NULL,3200,'R',NULL,'no_agricola','SII_CSV'),
('02103-10000-00042','02103','10000','00042','9KM SE R 5/R 24 ENCUENTRO LTB PL 4462 CR',85912101,NULL,'W',85912101,NULL,NULL,78000,'R',NULL,'no_agricola','SII_CSV'),
('02103-10000-00043','02103','10000','00043','SERV SECTOR S/E CRUCERO PL 2302 - 4466 C',12005665,NULL,'W',12005665,NULL,NULL,10900,'R',NULL,'no_agricola','SII_CSV'),
('02103-10000-00044','02103','10000','00044','SERV SUBEST ENCUENTRO A SUBEST KIMAL',341331651,NULL,'W',341331651,NULL,NULL,356203,'R',NULL,'no_agricola','SII_CSV'),
('02103-10000-00045','02103','10000','00045','SERV ENCUENTRO A KIMAL',328454738,NULL,'W',328454738,NULL,NULL,338870,'R',NULL,'no_agricola','SII_CSV'),
('02103-10000-00046','02103','10000','00046','SERV 11 . 6 KM ORIENT R 5/R 24',160080690,NULL,'W',160080690,NULL,NULL,149833,'R',NULL,'no_agricola','SII_CSV'),
('02103-10000-00047','02103','10000','00047','SERV SE ENCUENTRO-SE KIMAL',346694979,NULL,'W',346694979,NULL,NULL,361800,'R',NULL,'no_agricola','SII_CSV'),
('02103-10000-00048','02103','10000','00048','SERV SE CHANGOS A SE KIMAL PL 4492',2860531788,NULL,'W',2860531788,NULL,NULL,4257525,'R',NULL,'no_agricola','SII_CSV'),
('02103-10000-00049','02103','10000','00049','16. 5 KM OESTE CALAMA TRAMO 1 AL 4 PL 44',1127227860,NULL,'W',1127227860,NULL,NULL,1401939,'R',NULL,'no_agricola','SII_CSV'),
('02103-10000-00050','02103','10000','00050','12. 1 KM ORIENTE R 5/R 24 KIMAL PL 4495',19825869,NULL,'W',19825869,NULL,NULL,18000,'R',NULL,'no_agricola','SII_CSV'),
('02103-10000-00051','02103','10000','00051','OF PEDRO DE VALDIVIA PL 02302 4494 CR',97146760,NULL,'W',97146760,NULL,NULL,88200,'R',NULL,'no_agricola','SII_CSV'),
('02103-10000-00052','02103','10000','00052','SERV KM 1503 R 5 MARIA ELENA PL 4506',443282209,NULL,'W',443282209,NULL,NULL,473480,'R',NULL,'no_agricola','SII_CSV'),
('02103-10000-00054','02103','10000','00054','A 26 KM DE RT 5 Y RT 24 PL 02302 4512 CR',6388336,NULL,'W',6388336,NULL,NULL,5800,'R',NULL,'no_agricola','SII_CSV'),
('02103-10000-00055','02103','10000','00055','SERV EX OF STA ISABEL PL 4513',105848114,NULL,'W',105848114,NULL,NULL,96100,'R',NULL,'no_agricola','SII_CSV'),
('02103-10000-00056','02103','10000','00056','SERV EX OF STA ISABEL PL 4514',60028327,NULL,'W',60028327,NULL,NULL,54500,'R',NULL,'no_agricola','SII_CSV'),
('02103-10000-00057','02103','10000','00057','SERV 6 . 1 KM INTER R 24 CON R 5 PL 4522',1101437,NULL,'W',1101437,NULL,NULL,1000,'R',NULL,'no_agricola','SII_CSV')
ON CONFLICT (rol) DO UPDATE SET
  avaluo_total_vigente = EXCLUDED.avaluo_total_vigente,
  contribucion_semestre = EXCLUDED.contribucion_semestre,
  destino_sii          = EXCLUDED.destino_sii,
  avaluo_total_exento  = EXCLUDED.avaluo_total_exento,
  sup_terreno_m2       = EXCLUDED.sup_terreno_m2,
  cod_ubicacion        = EXCLUDED.cod_ubicacion,
  fuente_datos         = 'SII_CSV',
  fecha_actualizacion  = now();

INSERT INTO catastro.predios (
  rol, codigo_comuna, manzana, predio, direccion,
  avaluo_total_vigente, contribucion_semestre, destino_sii,
  avaluo_total_exento, bc1_rol, bc2_rol,
  sup_terreno_m2, cod_ubicacion, rol_padre,
  serie_predio, fuente_datos
) VALUES
('02103-10000-00058','02103','10000','00058','SERV 7 . 2 KM ESTE MARIA ELENA PL 4523',239250882,NULL,'W',239250882,NULL,NULL,238700,'R',NULL,'no_agricola','SII_CSV'),
('02103-10000-00075','02103','10000','00075','SERV NO PL 02302 - 4572',276355547,NULL,'W',276355547,NULL,NULL,358435,'R',NULL,'no_agricola','SII_CSV'),
('02103-10000-00083','02103','10000','00083','8KM NE R 5 -R 24 CRUC PL 4525',268302389,NULL,'W',268302389,NULL,NULL,273700,'R',NULL,'no_agricola','SII_CSV'),
('02103-10000-00085','02103','10000','00085','4115 TCHI G SK 0000 206 PREDIO',66193071,353140,'W',NULL,NULL,NULL,60097,'R',NULL,'no_agricola','SII_CSV'),
('02103-10000-00086','02103','10000','00086','4115 TCHI G SK 0000 207 1 IIFF RIO LOA',5404752,28836,'W',NULL,NULL,NULL,4907,'R',NULL,'no_agricola','SII_CSV'),
('02103-10000-00087','02103','10000','00087','4115 TCHI G SK 0000 208 1 CAMPAMENTO KM',56431033,301060,'W',NULL,NULL,NULL,51234,'R',NULL,'no_agricola','SII_CSV'),
('02103-10000-00088','02103','10000','00088','4115 TCHI G SK 0000 209 1 IIFF SE EB 3',8202403,43762,'W',NULL,NULL,NULL,7447,'R',NULL,'no_agricola','SII_CSV'),
('02103-10000-00089','02103','10000','00089','4115 TCHI G SK 0000 210 0 SE EB 3',4337460,23140,'W',NULL,NULL,NULL,3938,'R',NULL,'no_agricola','SII_CSV'),
('02103-10000-00090','02103','10000','00090','4115 TCHI G SK 0000 211 0 PREDIO EB 4',35794506,190964,'W',NULL,NULL,NULL,32498,'R',NULL,'no_agricola','SII_CSV'),
('02103-10000-00091','02103','10000','00091','4115 TCHI G SK 0000 212 PREDIO',10216931,54508,'W',NULL,NULL,NULL,9276,'R',NULL,'no_agricola','SII_CSV'),
('02103-10000-00092','02103','10000','00092','SERV 27 KM N R 5 -R 24 PL 4626',71593417,NULL,'W',71593417,NULL,NULL,65000,'R',NULL,'no_agricola','SII_CSV'),
('02103-10000-00094','02103','10000','00094','A 11,80 KM S R 5 -R 24 PL 4632',2288346,NULL,'W',2288346,NULL,NULL,2597,'R',NULL,'no_agricola','SII_CSV'),
('02103-10000-00095','02103','10000','00095','APROX.6,5 KM NO R 5 -R 24 P 4647 CR',4846324,NULL,'W',4846324,NULL,NULL,5500,'R',NULL,'no_agricola','SII_CSV'),
('02103-10000-00096','02103','10000','00096','A 1,7 E KM LT A 02302 4645',2643449,NULL,'W',2643449,NULL,NULL,3000,'R',NULL,'no_agricola','SII_CSV'),
('02103-10000-00097','02103','10000','00097','A 1,7 E KM LOTE B 02302 4645',793035,NULL,'W',793035,NULL,NULL,900,'R',NULL,'no_agricola','SII_CSV'),
('02103-10000-00098','02103','10000','00098','A 2 KM E QUILLAGUA TRAMO 1',13217246,NULL,'W',13217246,NULL,NULL,15000,'R',NULL,'no_agricola','SII_CSV'),
('02103-10000-00099','02103','10000','00099','A 2 KM E QUILLAGUA TRAMO 2',7137313,NULL,'W',7137313,NULL,NULL,8100,'R',NULL,'no_agricola','SII_CSV'),
('02103-10000-00100','02103','10000','00100','A 10 KMSE R 5 -R 24 PL 4654 CR',16653730,NULL,'W',16653730,NULL,NULL,18900,'R',NULL,'no_agricola','SII_CSV'),
('02103-10000-00101','02103','10000','00101','SERV MIN TS 175 - 04 MEL',143885146,767628,'W',NULL,NULL,NULL,133300,'R',NULL,'no_agricola','SII_CSV'),
('02103-10000-00102','02103','10000','00102','SERV MIN TS 175 - 05 MEL',136221346,726742,'W',NULL,NULL,NULL,126200,'R',NULL,'no_agricola','SII_CSV'),
('02103-10000-00103','02103','10000','00103','A 2 KM E QUILLAGUA PL 4644 CR',3855030,NULL,'W',3855030,NULL,NULL,3500,'R',NULL,'no_agricola','SII_CSV'),
('02103-10000-00104','02103','10000','00104','A 27 KM NO R 5 -R 24',73135429,NULL,'W',73135429,NULL,NULL,66400,'R',NULL,'no_agricola','SII_CSV'),
('02103-10000-00105','02103','10000','00105','A 6,5 KM OE R 5 -R 24 PL 02302 4694 CR',29342287,NULL,'W',29342287,NULL,NULL,33300,'R',NULL,'no_agricola','SII_CSV'),
('02103-10000-00106','02103','10000','00106','SERV. LEGAL MIN 1333 - 20',247107434,1318318,'W',NULL,NULL,NULL,320500,'R',NULL,'no_agricola','SII_CSV'),
('02103-10000-00107','02103','10000','00107','ROL C 1333 - 2022 LT 1',12688556,67694,'W',NULL,NULL,NULL,14400,'R',NULL,'no_agricola','SII_CSV'),
('02103-10000-00108','02103','10000','00108','ROL C 1333 - 2022 LT 2',15067661,80388,'W',NULL,NULL,NULL,15200,'R',NULL,'no_agricola','SII_CSV'),
('02103-10000-00109','02103','10000','00109','ROL C 1333 - 2022 LT 3',5110669,27268,'W',NULL,NULL,NULL,5800,'R',NULL,'no_agricola','SII_CSV'),
('02103-10000-00124','02103','10000','00124','SERVIDUM.ROL304 - 2012 LT 1',3762725323,20074142,'W',NULL,NULL,NULL,8133800,'R',NULL,'no_agricola','SII_CSV'),
('02103-10000-00126','02103','10000','00126','A 27 KM N R 5 -R 24 PL 02302 4698 CR',67848531,NULL,'W',67848531,NULL,NULL,61600,'R',NULL,'no_agricola','SII_CSV'),
('02103-10000-00127','02103','10000','00127','A20 KMN R 5 CON R 24 PL 02302 4697 CR',55732722,NULL,'W',55732722,NULL,NULL,50600,'R',NULL,'no_agricola','SII_CSV'),
('02103-10000-00128','02103','10000','00128','A 2,3 KM E R 5 Y R 24 PL 02302 4700 CR',4154621,NULL,'W',4154621,NULL,NULL,3772,'U',NULL,'no_agricola','SII_CSV'),
('02103-10000-00129','02103','10000','00129','A4,7 KM SE R 5 CON R 24 PL 02302 4699 CR',1133379,NULL,'W',1133379,NULL,NULL,1029,'U',NULL,'no_agricola','SII_CSV'),
('02103-10000-00130','02103','10000','00130','A4 KMNE R 24 Y R 5 PL 02302 4703 CR',127034258,NULL,'W',127034258,NULL,NULL,116500,'R',NULL,'no_agricola','SII_CSV'),
('02103-10000-00131','02103','10000','00131','A 4 KM NE R 24 -R 5 PL 02302 4704 CR',6498479,NULL,'W',6498479,NULL,NULL,5900,'R',NULL,'no_agricola','SII_CSV'),
('02103-10000-00132','02103','10000','00132','A 3 KM NE R 24 -R 5 PL 02302 4702 CR',45489356,NULL,'W',45489356,NULL,NULL,41300,'R',NULL,'no_agricola','SII_CSV'),
('02103-10000-00133','02103','10000','00133','A 2,6 KM E QUILLAGUA PL 4714',3181126835,NULL,'W',3181126835,NULL,NULL,6564000,'R',NULL,'no_agricola','SII_CSV'),
('02103-10000-00134','02103','10000','00134','SUB. ELECTRICA SECC QUILLAGU',92276992,492300,'I',NULL,NULL,NULL,36412,'R',NULL,'no_agricola','SII_CSV'),
('02103-10000-00135','02103','10000','00135','A 15,90 KM E R 5 C 24 PL 02302 4710 -CR',2846995,NULL,'W',2846995,NULL,NULL,3231,'R',NULL,'no_agricola','SII_CSV'),
('02103-10000-00136','02103','10000','00136','A 40 KM E R 5 CON R 24 PL 02302 4712 CR',770124,NULL,'W',770124,NULL,NULL,874,'R',NULL,'no_agricola','SII_CSV'),
('02103-10000-00137','02103','10000','00137','A 23,72 KM E R 5 Y R 24 PL 02302 4711 CR',1340229,NULL,'W',1340229,NULL,NULL,1521,'R',NULL,'no_agricola','SII_CSV'),
('02103-10000-00138','02103','10000','00138','SUBEST KIMAL PL 2302 - 4701 CR',1864897277,NULL,'W',1864897277,NULL,NULL,3319900,'R',NULL,'no_agricola','SII_CSV'),
('02103-10000-00139','02103','10000','00139','SUBEST ELECTRICA KIMAL',139567512,744594,'W',NULL,NULL,NULL,129300,'R',NULL,'no_agricola','SII_CSV'),
('02103-10000-00140','02103','10000','00140','ROL C- 5104 - 2023 LT 1',991293,5290,'W',NULL,NULL,NULL,900,'R',NULL,'no_agricola','SII_CSV'),
('02103-10000-00141','02103','10000','00141','ROL C- 5104 - 2023 LT 2',8899612,47480,'W',NULL,NULL,NULL,10100,'R',NULL,'no_agricola','SII_CSV'),
('02103-10000-00142','02103','10000','00142','ROL C- 5104 - 2023 LT 3',4075318,21742,'W',NULL,NULL,NULL,3700,'R',NULL,'no_agricola','SII_CSV'),
('02103-10000-00143','02103','10000','00143','ROL C- 5104 - 2023 LT 4',550719,2940,'W',NULL,NULL,NULL,500,'R',NULL,'no_agricola','SII_CSV'),
('02103-10000-00144','02103','10000','00144','ROL C- 5104 - 2023 LT 5',9362216,49948,'W',NULL,NULL,NULL,8500,'R',NULL,'no_agricola','SII_CSV'),
('02103-10000-00145','02103','10000','00145','ROL C- 5104 - 2023 LT 6',8150635,43486,'W',NULL,NULL,NULL,7400,'R',NULL,'no_agricola','SII_CSV'),
('02103-10000-00146','02103','10000','00146','ROL C- 5104 - 2023 LT 7',1145495,6112,'W',NULL,NULL,NULL,1300,'R',NULL,'no_agricola','SII_CSV'),
('02103-10000-00147','02103','10000','00147','ROL C- 5104 - 2023 LT 8',8481066,45246,'W',NULL,NULL,NULL,7700,'R',NULL,'no_agricola','SII_CSV'),
('02103-10000-00148','02103','10000','00148','ROL C- 5104 - 2023 LT 9',8481066,45246,'W',NULL,NULL,NULL,7700,'R',NULL,'no_agricola','SII_CSV'),
('02103-10000-00149','02103','10000','00149','ROL C- 5104 - 2023 LT 10',8150635,43486,'W',NULL,NULL,NULL,7400,'R',NULL,'no_agricola','SII_CSV'),
('02103-10000-00150','02103','10000','00150','ROL C- 5104 - 2023 LT 11',341242864,1820532,'W',NULL,NULL,NULL,397200,'R',NULL,'no_agricola','SII_CSV'),
('02103-10000-00151','02103','10000','00151','ROL C- 5104 - 2023 LT 12',53970422,287932,'W',NULL,NULL,NULL,49000,'R',NULL,'no_agricola','SII_CSV'),
('02103-10000-00152','02103','10000','00152','ROL C- 5104 - 2023 LT 13',15309977,81680,'W',NULL,NULL,NULL,13900,'R',NULL,'no_agricola','SII_CSV'),
('02103-10000-00153','02103','10000','00153','ROL C- 5104 - 2023 LT 14',31501104,168060,'W',NULL,NULL,NULL,28600,'R',NULL,'no_agricola','SII_CSV'),
('02103-10000-00154','02103','10000','00154','ROL C- 5104 - 2023 LT 15',26324349,140442,'W',NULL,NULL,NULL,23900,'R',NULL,'no_agricola','SII_CSV'),
('02103-10000-00155','02103','10000','00155','ROL C- 5104 - 2023 LT 16',18504145,98722,'W',NULL,NULL,NULL,16800,'R',NULL,'no_agricola','SII_CSV'),
('02103-10000-00156','02103','10000','00156','ROL C- 5104 - 2023 LT 17',14649115,78154,'W',NULL,NULL,NULL,13300,'R',NULL,'no_agricola','SII_CSV'),
('02103-10000-00157','02103','10000','00157','ROL C- 5104 - 2023 LT 18',233902303,1247870,'W',NULL,NULL,NULL,299100,'R',NULL,'no_agricola','SII_CSV'),
('02103-10000-00158','02103','10000','00158','ROL C- 5104 - 2023 LT 19',8150635,43486,'W',NULL,NULL,NULL,7400,'R',NULL,'no_agricola','SII_CSV'),
('02103-10000-00159','02103','10000','00159','ROL C- 5104 - 2023 LT 20',16411414,87556,'W',NULL,NULL,NULL,14900,'R',NULL,'no_agricola','SII_CSV'),
('02103-10000-00160','02103','10000','00160','ROL C- 545 - 2022 LT 1 M.E',18834576,100482,'W',NULL,NULL,NULL,17100,'R',NULL,'no_agricola','SII_CSV'),
('02103-10000-00161','02103','10000','00161','ROL C- 545 - 2022 LT 2 M.E',22293089,118936,'W',NULL,NULL,NULL,25300,'R',NULL,'no_agricola','SII_CSV'),
('02103-10000-00162','02103','10000','00162','ROL C- 545 - 2022 LT 3 M.E',246336428,1314206,'W',NULL,NULL,NULL,248500,'R',NULL,'no_agricola','SII_CSV'),
('02103-10000-00163','02103','10000','00163','ROL C- 545 - 2022 LT 4 M.E',84480232,450702,'W',NULL,NULL,NULL,76700,'R',NULL,'no_agricola','SII_CSV'),
('02103-10000-00164','02103','10000','00164','ROL C- 545 - 2022 LT 5 M.E',9141929,48774,'W',NULL,NULL,NULL,8300,'R',NULL,'no_agricola','SII_CSV'),
('02103-10000-00165','02103','10000','00165','ROL C- 545 - 2022 LT 6 M.E',82607789,440714,'W',NULL,NULL,NULL,75000,'R',NULL,'no_agricola','SII_CSV'),
('02103-10000-00166','02103','10000','00166','ROL C- 545 - 2022 LT 7 M.E',2643449,14102,'W',NULL,NULL,NULL,2400,'R',NULL,'no_agricola','SII_CSV'),
('02103-10000-00167','02103','10000','00167','ROL C- 545 - 2022 LT 8 M.E',20376588,108710,'W',NULL,NULL,NULL,18500,'R',NULL,'no_agricola','SII_CSV'),
('02103-10000-00168','02103','10000','00168','ROL C- 6228 - 2013 LT 1 M.E',1856274125,9903222,'W',NULL,NULL,NULL,3241000,'R',NULL,'no_agricola','SII_CSV'),
('02103-10000-00169','02103','10000','00169','ROL C- 6228 - 2013 LT 2 M.E',495856009,2645392,'W',NULL,NULL,NULL,692600,'R',NULL,'no_agricola','SII_CSV'),
('02103-10000-00170','02103','10000','00170','ROL C- 6228 - 2013 LT 3 M.E',2187233972,11668894,'W',NULL,NULL,NULL,3971600,'R',NULL,'no_agricola','SII_CSV'),
('02103-10000-00171','02103','10000','00171','A 13,5 KM SE R 5 -R 24 PL 02302 4721 CR',2484842,NULL,'W',2484842,NULL,NULL,2820,'R',NULL,'no_agricola','SII_CSV')
ON CONFLICT (rol) DO UPDATE SET
  avaluo_total_vigente = EXCLUDED.avaluo_total_vigente,
  contribucion_semestre = EXCLUDED.contribucion_semestre,
  destino_sii          = EXCLUDED.destino_sii,
  avaluo_total_exento  = EXCLUDED.avaluo_total_exento,
  sup_terreno_m2       = EXCLUDED.sup_terreno_m2,
  cod_ubicacion        = EXCLUDED.cod_ubicacion,
  fuente_datos         = 'SII_CSV',
  fecha_actualizacion  = now();

-- ─────────────────────────────────────────────────
-- NL: BRTMPCATASNL_2025_2_02103  |  CÓDIGO 02103
-- 547 filas
-- ─────────────────────────────────────────────────
INSERT INTO catastro.construcciones (
  rol, numero_construccion, material_codigo,
  calidad_codigo, anio_construccion,
  sup_total_m2, destino_construccion, condicion_especial,
  numero_pisos, fuente_datos
) VALUES
('02103-00335-00001',1,'E',4,1979,76,'O',NULL,1,'SII_CSV'),
('02103-00335-00002',1,'G',3,1967,454,'E',NULL,1,'SII_CSV'),
('02103-00335-00003',1,'F',5,1930,18,'H',NULL,1,'SII_CSV'),
('02103-00335-00003',2,'E',5,1969,280,'H',NULL,1,'SII_CSV'),
('02103-00336-00001',1,'E',4,1965,112,'Q',NULL,1,'SII_CSV'),
('02103-00337-00001',1,'E',5,1960,16,'H',NULL,1,'SII_CSV'),
('02103-00337-00002',1,'F',5,1960,32,'H',NULL,1,'SII_CSV'),
('02103-00337-00003',1,'F',5,1960,103,'H',NULL,1,'SII_CSV'),
('02103-00337-00004',1,'F',5,1960,108,'H',NULL,1,'SII_CSV'),
('02103-00337-00005',1,'E',5,1960,48,'H',NULL,1,'SII_CSV'),
('02103-00337-00007',1,'C',5,1953,81,'H',NULL,1,'SII_CSV'),
('02103-00338-00001',1,'F',5,1951,126,'H',NULL,1,'SII_CSV'),
('02103-00338-00002',1,'F',5,1960,106,'H',NULL,1,'SII_CSV'),
('02103-00338-00003',1,'F',5,1960,121,'H',NULL,1,'SII_CSV'),
('02103-00338-00004',1,'F',5,1960,86,'H',NULL,1,'SII_CSV'),
('02103-00339-00001',1,'F',5,1960,23,'H',NULL,1,'SII_CSV'),
('02103-00339-00002',1,'F',5,1960,68,'H',NULL,1,'SII_CSV'),
('02103-00340-00001',1,'F',5,1930,32,'H',NULL,1,'SII_CSV'),
('02103-00340-00002',1,'F',5,1935,193,'H',NULL,1,'SII_CSV'),
('02103-00340-00003',1,'F',5,1932,203,'H',NULL,1,'SII_CSV'),
('02103-00340-00004',1,'F',5,1938,36,'H',NULL,1,'SII_CSV'),
('02103-00340-00005',1,'E',5,1938,51,'H',NULL,1,'SII_CSV'),
('02103-00341-00001',1,'F',5,1930,372,'H',NULL,1,'SII_CSV'),
('02103-00341-00002',1,'F',5,1930,70,'H',NULL,1,'SII_CSV'),
('02103-00341-00003',1,'F',5,1930,141,'H',NULL,1,'SII_CSV'),
('02103-00341-00004',1,'F',5,1930,261,'H',NULL,1,'SII_CSV'),
('02103-00341-00005',1,'E',5,1938,145,'H',NULL,1,'SII_CSV'),
('02103-00341-00006',1,'F',5,1936,512,'H',NULL,1,'SII_CSV'),
('02103-00342-00001',1,'F',5,1930,256,'H',NULL,1,'SII_CSV'),
('02103-00342-00002',1,'F',5,1930,158,'H',NULL,1,'SII_CSV'),
('02103-00342-00003',1,'F',5,1930,130,'H',NULL,1,'SII_CSV'),
('02103-00342-00004',1,'E',5,1930,118,'H',NULL,1,'SII_CSV'),
('02103-00342-00005',1,'F',5,1960,177,'H',NULL,1,'SII_CSV'),
('02103-00342-00006',1,'F',5,1930,89,'H',NULL,1,'SII_CSV'),
('02103-00342-00007',1,'F',5,1930,68,'H',NULL,1,'SII_CSV'),
('02103-00343-00001',1,'E',5,1930,211,'H',NULL,1,'SII_CSV'),
('02103-00343-00002',1,'F',5,1930,112,'H',NULL,1,'SII_CSV'),
('02103-00343-00003',1,'F',5,1930,31,'H',NULL,1,'SII_CSV'),
('02103-00343-00004',1,'F',5,1932,78,'H',NULL,1,'SII_CSV'),
('02103-00343-00005',1,'E',4,1920,39,'H',NULL,1,'SII_CSV'),
('02103-00343-00005',2,'E',5,1920,34,'H',NULL,1,'SII_CSV'),
('02103-00343-00006',1,'F',5,1932,125,'H',NULL,1,'SII_CSV'),
('02103-00343-00007',1,'F',5,1930,36,'H',NULL,1,'SII_CSV'),
('02103-00344-00001',1,'F',5,1957,83,'H',NULL,1,'SII_CSV'),
('02103-00344-00002',1,'F',5,1957,170,'H',NULL,1,'SII_CSV'),
('02103-00345-00001',1,'E',5,1973,18,'H',NULL,1,'SII_CSV'),
('02103-00345-00002',1,'E',5,1957,190,'H',NULL,1,'SII_CSV'),
('02103-00345-00003',1,'E',5,1930,126,'H',NULL,1,'SII_CSV'),
('02103-00345-00004',1,'F',5,1960,32,'H',NULL,1,'SII_CSV'),
('02103-00345-00005',1,'F',5,1930,36,'H',NULL,1,'SII_CSV'),
('02103-00345-00006',1,'F',5,1932,36,'H',NULL,1,'SII_CSV'),
('02103-00346-00001',1,'F',5,1930,162,'H',NULL,1,'SII_CSV'),
('02103-00346-00002',1,'F',5,1930,90,'H',NULL,1,'SII_CSV'),
('02103-00346-00003',1,'C',3,1961,336,'O',NULL,1,'SII_CSV'),
('02103-00346-00004',1,'F',5,1930,36,'H',NULL,1,'SII_CSV'),
('02103-00346-00005',1,'F',5,1932,139,'H',NULL,1,'SII_CSV'),
('02103-00346-00006',1,'F',5,1932,193,'H',NULL,1,'SII_CSV'),
('02103-00346-00007',1,'F',5,1932,72,'H',NULL,1,'SII_CSV'),
('02103-00346-00008',1,'F',5,1932,36,'H',NULL,1,'SII_CSV'),
('02103-00346-00009',1,'F',5,1930,214,'H',NULL,1,'SII_CSV'),
('02103-00346-00010',1,'F',5,1930,668,'H',NULL,1,'SII_CSV'),
('02103-00346-00011',1,'F',5,1932,76,'H',NULL,1,'SII_CSV'),
('02103-00346-00012',1,'F',5,1932,67,'H',NULL,1,'SII_CSV'),
('02103-00346-00013',1,'F',5,1930,60,'H',NULL,1,'SII_CSV'),
('02103-00347-00001',1,'F',5,1930,100,'H',NULL,1,'SII_CSV'),
('02103-00347-00002',1,'F',5,1932,104,'H',NULL,1,'SII_CSV'),
('02103-00347-00003',1,'E',5,1930,94,'H',NULL,1,'SII_CSV'),
('02103-00347-00004',1,'E',5,1930,273,'H',NULL,1,'SII_CSV'),
('02103-00348-00001',1,'F',5,1930,144,'H',NULL,1,'SII_CSV'),
('02103-00348-00002',1,'F',5,1932,36,'H',NULL,1,'SII_CSV'),
('02103-00348-00003',1,'F',5,1930,78,'H',NULL,1,'SII_CSV'),
('02103-00349-00001',1,'F',5,1958,41,'H',NULL,1,'SII_CSV'),
('02103-00349-00002',1,'E',5,1932,36,'H',NULL,1,'SII_CSV'),
('02103-00349-00003',1,'F',5,1930,36,'H',NULL,1,'SII_CSV'),
('02103-00349-00004',1,'F',5,1930,113,'H',NULL,1,'SII_CSV'),
('02103-00349-00005',1,'F',5,1933,36,'H',NULL,1,'SII_CSV'),
('02103-00349-00006',1,'F',5,1948,60,'Q',NULL,1,'SII_CSV'),
('02103-00349-00006',2,'G',4,2020,66,'Q',NULL,1,'SII_CSV'),
('02103-00349-00007',1,'F',5,1930,36,'H',NULL,1,'SII_CSV'),
('02103-00349-00008',1,'F',5,1932,36,'H',NULL,1,'SII_CSV'),
('02103-00349-00009',1,'F',5,1932,36,'H',NULL,1,'SII_CSV'),
('02103-00349-00010',1,'F',5,1930,36,'H',NULL,1,'SII_CSV'),
('02103-00349-00013',1,'E',5,1990,40,'H',NULL,1,'SII_CSV'),
('02103-00349-00014',1,'B',5,1983,26,'H',NULL,1,'SII_CSV'),
('02103-00349-00014',2,'E',5,2005,26,'H',NULL,1,'SII_CSV'),
('02103-00349-00014',3,'C',4,2005,4,'H',NULL,1,'SII_CSV'),
('02103-00349-00018',1,'E',5,1940,25,'H',NULL,1,'SII_CSV'),
('02103-00349-00019',1,'F',5,1932,45,'H',NULL,1,'SII_CSV'),
('02103-00350-00001',1,'F',5,1957,100,'H',NULL,1,'SII_CSV'),
('02103-00350-00002',1,'F',5,1960,25,'H',NULL,1,'SII_CSV'),
('02103-00350-00004',1,'F',5,1957,98,'H',NULL,1,'SII_CSV'),
('02103-00350-00005',1,'F',5,1962,107,'H',NULL,1,'SII_CSV'),
('02103-00351-00002',1,'F',5,2013,150,'H',NULL,1,'SII_CSV'),
('02103-00351-00007',1,'F',5,1992,40,'H',NULL,1,'SII_CSV'),
('02103-00351-00008',1,'F',5,2013,164,'H',NULL,1,'SII_CSV'),
('02103-00351-00010',1,'E',5,1995,112,'H',NULL,1,'SII_CSV'),
('02103-00354-00006',1,'E',4,1960,64,'O',NULL,1,'SII_CSV'),
('02103-00354-00008',1,'E',3,1960,48,'O',NULL,1,'SII_CSV'),
('02103-00354-00009',1,'E',5,1948,30,'H',NULL,1,'SII_CSV'),
('02103-00354-00011',1,'E',4,1962,48,'C',NULL,1,'SII_CSV'),
('02103-00354-00012',1,'E',5,1950,30,'C',NULL,1,'SII_CSV'),
('02103-00356-00005',1,'K',3,2021,681,'G',NULL,1,'SII_CSV'),
('02103-00356-00005',2,'K',3,2021,217,'G',NULL,1,'SII_CSV'),
('02103-00356-00005',3,'K',3,2021,166,'G',NULL,1,'SII_CSV'),
('02103-00356-00005',4,'K',3,2021,126,'G',NULL,1,'SII_CSV'),
('02103-00356-00005',5,'K',3,2021,18,'G',NULL,1,'SII_CSV'),
('02103-00356-00005',6,'W',0,NULL,273,NULL,NULL,0,'SII_CSV'),
('02103-00361-00003',1,'E',4,1980,280,'H',NULL,1,'SII_CSV'),
('02103-00361-00005',1,'E',4,1980,280,'H',NULL,1,'SII_CSV'),
('02103-00361-00010',1,'B',2,2010,2330,'O',NULL,2,'SII_CSV'),
('02103-00361-70001',1,'GA',1,1927,14676,'M',NULL,1,'SII_CSV'),
('02103-00361-70001',2,'G',3,1927,317,'O','CI',1,'SII_CSV'),
('02103-00361-70001',3,'GB',1,1927,5524,'M',NULL,1,'SII_CSV'),
('02103-00361-70001',4,'B',3,1927,64,'O','CI',2,'SII_CSV'),
('02103-00361-70001',5,'GA',2,1927,4364,'M',NULL,1,'SII_CSV'),
('02103-00361-70001',6,'E',3,1927,90,'O','CI',1,'SII_CSV'),
('02103-00361-70001',7,'GA',1,1927,1670,'M',NULL,1,'SII_CSV'),
('02103-00361-70001',8,'E',3,1927,50,'O','CI',1,'SII_CSV'),
('02103-00361-70001',9,'GA',2,1927,2722,'M',NULL,1,'SII_CSV'),
('02103-00361-70001',10,'E',3,1927,50,'O','CI',1,'SII_CSV'),
('02103-00361-70001',11,'GA',1,1927,2724,'M',NULL,1,'SII_CSV'),
('02103-00361-70001',12,'E',3,1927,50,'O','CI',1,'SII_CSV'),
('02103-00361-70001',13,'GA',2,1927,850,'M',NULL,1,'SII_CSV'),
('02103-00361-70001',14,'G',3,1927,84,'O','CI',1,'SII_CSV'),
('02103-00361-70001',15,'GA',2,1927,1481,'V',NULL,1,'SII_CSV'),
('02103-00361-70001',16,'E',3,1927,50,'O','CI',1,'SII_CSV'),
('02103-00361-70001',17,'GE',2,1927,255,'M',NULL,1,'SII_CSV'),
('02103-00361-70002',1,'GA',2,1927,4152,'L',NULL,1,'SII_CSV'),
('02103-00361-70002',2,'E',3,1927,200,'O','CI',1,'SII_CSV'),
('02103-00361-70002',3,'GA',2,1927,273,'L',NULL,1,'SII_CSV'),
('02103-00361-70003',1,'C',2,1927,2796,'O',NULL,1,'SII_CSV'),
('02103-00361-70003',2,'C',2,1927,1020,'O',NULL,1,'SII_CSV'),
('02103-00361-70003',3,'E',2,1927,299,'O',NULL,1,'SII_CSV'),
('02103-00361-70003',4,'E',3,1927,351,'O',NULL,1,'SII_CSV'),
('02103-00361-70004',1,'C',3,1930,2602,'C',NULL,1,'SII_CSV'),
('02103-00361-70004',2,'GA',2,1945,1017,'C',NULL,1,'SII_CSV'),
('02103-00361-70004',3,'C',3,1930,1705,'C',NULL,1,'SII_CSV'),
('02103-00361-70004',4,'F',3,1940,1203,'V',NULL,1,'SII_CSV'),
('02103-00361-70004',5,'E',3,1971,1008,'O',NULL,1,'SII_CSV'),
('02103-00361-70004',6,'GA',2,1927,696,'C',NULL,1,'SII_CSV'),
('02103-00361-70004',7,'F',3,1927,706,'V',NULL,1,'SII_CSV'),
('02103-00361-70004',8,'F',3,1927,902,'V',NULL,1,'SII_CSV'),
('02103-00361-70004',9,'F',3,1927,436,'V',NULL,1,'SII_CSV'),
('02103-00361-70004',10,'F',3,1927,120,'V',NULL,1,'SII_CSV'),
('02103-00361-70004',11,'F',3,1927,794,'C',NULL,1,'SII_CSV'),
('02103-00361-70004',12,'F',3,1927,207,'C',NULL,1,'SII_CSV'),
('02103-00361-70004',13,'F',3,1927,1218,'C',NULL,1,'SII_CSV'),
('02103-00361-70004',14,'F',3,1927,279,'C',NULL,1,'SII_CSV'),
('02103-00361-70004',15,'C',3,1980,173,'C',NULL,1,'SII_CSV'),
('02103-00361-70004',16,'E',3,1927,2126,'C',NULL,1,'SII_CSV'),
('02103-00361-70005',1,'F',3,1930,1107,'D',NULL,1,'SII_CSV'),
('02103-00361-70005',2,'E',3,1930,1422,'E',NULL,1,'SII_CSV'),
('02103-00361-70005',3,'C',3,1985,586,'E',NULL,1,'SII_CSV'),
('02103-00361-70005',4,'GA',2,1978,410,'E',NULL,1,'SII_CSV'),
('02103-00361-70006',1,'F',3,1927,630,'H',NULL,1,'SII_CSV'),
('02103-00361-70006',2,'F',3,1927,1170,'H',NULL,1,'SII_CSV'),
('02103-00361-70006',3,'F',3,1927,2062,'H',NULL,1,'SII_CSV'),
('02103-00361-70006',4,'F',3,1927,6176,'H',NULL,1,'SII_CSV'),
('02103-00361-70006',5,'F',3,1927,2714,'H',NULL,1,'SII_CSV'),
('02103-00361-70006',6,'F',3,1927,2714,'H',NULL,1,'SII_CSV'),
('02103-00361-70006',7,'F',3,1927,1185,'H',NULL,1,'SII_CSV'),
('02103-00361-70006',8,'F',3,1927,1659,'H',NULL,1,'SII_CSV'),
('02103-00361-70006',9,'F',3,1927,7350,'H',NULL,1,'SII_CSV'),
('02103-00361-70006',10,'F',3,1927,158,'H',NULL,1,'SII_CSV'),
('02103-00361-70006',11,'F',3,1927,267,'H',NULL,1,'SII_CSV'),
('02103-00361-70006',12,'F',3,1927,315,'H',NULL,1,'SII_CSV'),
('02103-00361-70006',13,'F',3,1927,315,'H',NULL,1,'SII_CSV'),
('02103-00361-70006',14,'F',3,1927,315,'H',NULL,1,'SII_CSV'),
('02103-00361-70006',15,'F',3,1927,315,'H',NULL,1,'SII_CSV'),
('02103-00361-70006',16,'F',3,1927,315,'H',NULL,1,'SII_CSV'),
('02103-00361-70006',17,'F',3,1927,1179,'H',NULL,1,'SII_CSV'),
('02103-00361-70006',18,'F',3,1927,315,'H',NULL,1,'SII_CSV'),
('02103-00361-70006',19,'F',3,1927,315,'H',NULL,1,'SII_CSV'),
('02103-00361-70006',20,'F',3,1927,1678,'H',NULL,1,'SII_CSV'),
('02103-00361-70007',1,'F',3,1927,770,'H',NULL,1,'SII_CSV'),
('02103-00361-70007',2,'F',3,1927,770,'H',NULL,1,'SII_CSV'),
('02103-00361-70007',3,'F',3,1927,436,'H',NULL,1,'SII_CSV'),
('02103-00361-70007',4,'F',3,1927,385,'H',NULL,1,'SII_CSV'),
('02103-00361-70007',5,'F',3,1927,263,'H',NULL,1,'SII_CSV'),
('02103-00361-70007',6,'F',3,1927,223,'H',NULL,1,'SII_CSV'),
('02103-00361-70007',7,'F',3,1927,3506,'H',NULL,1,'SII_CSV'),
('02103-00361-70007',8,'F',3,1927,5402,'H',NULL,1,'SII_CSV'),
('02103-00361-70007',9,'F',3,1927,3412,'H',NULL,1,'SII_CSV'),
('02103-00361-70007',10,'F',3,1927,675,'H',NULL,1,'SII_CSV'),
('02103-00361-70007',11,'F',3,1927,675,'H',NULL,1,'SII_CSV'),
('02103-00361-70007',12,'F',3,1927,675,'H',NULL,1,'SII_CSV'),
('02103-00361-70007',13,'F',3,1927,1398,'H',NULL,1,'SII_CSV'),
('02103-00361-70007',14,'F',3,1927,1308,'H',NULL,1,'SII_CSV'),
('02103-00361-70007',15,'F',3,1927,675,'H',NULL,1,'SII_CSV'),
('02103-00361-70007',16,'F',3,1927,1003,'H',NULL,1,'SII_CSV'),
('02103-00361-70007',17,'F',3,1927,675,'H',NULL,1,'SII_CSV'),
('02103-00361-70007',18,'F',3,1927,1104,'H',NULL,1,'SII_CSV'),
('02103-00361-70007',19,'F',3,1927,1110,'H',NULL,1,'SII_CSV'),
('02103-00361-70007',20,'F',3,1927,1687,'H',NULL,1,'SII_CSV'),
('02103-00361-70008',1,'F',3,1927,1205,'H',NULL,1,'SII_CSV'),
('02103-00361-70008',2,'F',3,1927,5788,'H',NULL,1,'SII_CSV'),
('02103-00361-70008',3,'F',3,1927,1171,'H',NULL,1,'SII_CSV'),
('02103-00361-70008',4,'F',3,1927,1449,'H',NULL,1,'SII_CSV'),
('02103-00361-70008',5,'F',3,1927,1962,'H',NULL,1,'SII_CSV'),
('02103-00361-70008',6,'F',3,1927,2424,'H',NULL,1,'SII_CSV'),
('02103-00361-70008',7,'F',3,1927,1023,'H',NULL,1,'SII_CSV'),
('02103-00361-70008',8,'F',3,1927,2840,'H',NULL,1,'SII_CSV'),
('02103-00361-70008',9,'F',3,1927,2482,'H',NULL,1,'SII_CSV'),
('02103-00361-70008',10,'F',3,1927,2639,'H',NULL,1,'SII_CSV'),
('02103-00361-70008',11,'F',3,1927,1338,'H',NULL,1,'SII_CSV'),
('02103-00361-70008',12,'F',3,1927,1338,'H',NULL,1,'SII_CSV'),
('02103-00361-70008',13,'F',3,1927,1338,'H',NULL,1,'SII_CSV'),
('02103-00361-70008',14,'F',3,1927,1338,'H',NULL,1,'SII_CSV'),
('02103-00361-70008',15,'F',3,1927,1498,'H',NULL,1,'SII_CSV'),
('02103-00361-70008',16,'F',3,1927,2740,'H',NULL,1,'SII_CSV'),
('02103-00361-70008',17,'F',3,1927,2544,'H',NULL,1,'SII_CSV'),
('02103-00361-70008',18,'F',3,1927,1068,'H',NULL,1,'SII_CSV'),
('02103-00361-70008',19,'F',3,1927,1068,'H',NULL,1,'SII_CSV'),
('02103-00361-70008',20,'F',3,1927,1068,'H',NULL,1,'SII_CSV'),
('02103-00361-70009',1,'F',3,1927,2004,'H',NULL,1,'SII_CSV'),
('02103-00361-70009',2,'F',3,1927,1182,'H',NULL,1,'SII_CSV'),
('02103-00361-70009',3,'F',3,1927,1064,'H',NULL,1,'SII_CSV'),
('02103-00361-70009',4,'F',3,1927,1360,'H',NULL,1,'SII_CSV'),
('02103-00361-70009',5,'F',3,1927,2075,'H',NULL,1,'SII_CSV'),
('02103-00361-70009',6,'F',3,1927,2002,'H',NULL,1,'SII_CSV'),
('02103-00361-70009',7,'F',3,1927,2002,'H',NULL,1,'SII_CSV'),
('02103-00361-70009',8,'F',3,1927,1170,'H',NULL,1,'SII_CSV'),
('02103-00361-70009',9,'F',3,1927,1427,'H',NULL,1,'SII_CSV'),
('02103-00361-70009',10,'F',3,1927,1999,'H',NULL,1,'SII_CSV'),
('02103-00361-70009',11,'F',3,1927,1999,'H',NULL,1,'SII_CSV'),
('02103-00361-70009',12,'F',3,1927,1999,'H',NULL,1,'SII_CSV'),
('02103-00361-70009',13,'F',3,1927,1999,'H',NULL,1,'SII_CSV'),
('02103-00361-70009',14,'F',3,1927,1837,'H',NULL,1,'SII_CSV'),
('02103-00361-70009',15,'F',3,1927,1213,'H',NULL,1,'SII_CSV'),
('02103-00361-70009',16,'F',3,1927,1155,'H',NULL,1,'SII_CSV'),
('02103-00361-70009',17,'F',3,1927,947,'H',NULL,1,'SII_CSV'),
('02103-00361-70009',18,'F',3,1927,678,'H',NULL,1,'SII_CSV'),
('02103-00361-70009',19,'F',3,1927,678,'H',NULL,1,'SII_CSV'),
('02103-00361-70009',20,'F',3,1927,678,'H',NULL,1,'SII_CSV'),
('02103-00361-70010',1,'F',3,1927,1342,'H',NULL,1,'SII_CSV'),
('02103-00361-70010',2,'F',3,1927,1435,'H',NULL,1,'SII_CSV'),
('02103-00361-70010',3,'F',3,1927,1339,'H',NULL,1,'SII_CSV'),
('02103-00361-70010',4,'F',3,1927,1974,'H',NULL,1,'SII_CSV'),
('02103-00361-70010',5,'F',3,1927,1974,'H',NULL,1,'SII_CSV'),
('02103-00361-70010',6,'F',3,1927,1643,'H',NULL,1,'SII_CSV'),
('02103-00361-70010',7,'F',3,1927,1643,'H',NULL,1,'SII_CSV'),
('02103-00361-70010',8,'F',3,1927,1478,'H',NULL,1,'SII_CSV'),
('02103-00361-70010',9,'F',3,1927,1188,'H',NULL,1,'SII_CSV'),
('02103-00361-70010',10,'F',3,1927,1127,'H',NULL,1,'SII_CSV'),
('02103-00361-70010',11,'F',3,1927,847,'H',NULL,1,'SII_CSV'),
('02103-00361-70010',12,'F',3,1927,1120,'H',NULL,1,'SII_CSV'),
('02103-00361-70010',13,'F',3,1927,1530,'H',NULL,1,'SII_CSV'),
('02103-00361-70010',14,'F',3,1927,699,'H',NULL,1,'SII_CSV'),
('02103-00361-70010',15,'F',3,1927,680,'H',NULL,1,'SII_CSV'),
('02103-00361-70010',16,'F',3,1927,208,'H',NULL,1,'SII_CSV'),
('02103-00361-70010',17,'F',3,1927,448,'H',NULL,1,'SII_CSV'),
('02103-00361-70010',18,'F',3,1927,40,'H',NULL,1,'SII_CSV'),
('02103-00361-70010',19,'F',3,1927,126,'H',NULL,1,'SII_CSV'),
('02103-00361-70010',20,'E',3,1985,1185,'H',NULL,1,'SII_CSV'),
('02103-00361-70011',1,'F',3,1927,205,'H',NULL,1,'SII_CSV'),
('02103-00361-70011',2,'F',3,1927,295,'H',NULL,1,'SII_CSV'),
('02103-00361-70011',3,'F',3,1927,201,'H',NULL,1,'SII_CSV'),
('02103-00361-70011',4,'F',3,1927,201,'H',NULL,1,'SII_CSV'),
('02103-00361-70011',5,'F',3,1927,204,'H',NULL,1,'SII_CSV'),
('02103-00361-70011',6,'F',3,1927,181,'H',NULL,1,'SII_CSV'),
('02103-00361-70011',7,'F',3,1927,204,'H',NULL,1,'SII_CSV'),
('02103-00361-70011',8,'F',3,1927,187,'H',NULL,1,'SII_CSV'),
('02103-00361-70011',9,'F',3,1927,176,'H',NULL,1,'SII_CSV'),
('02103-00361-70011',10,'F',3,1927,176,'H',NULL,1,'SII_CSV'),
('02103-00361-70011',11,'F',3,1927,185,'H',NULL,1,'SII_CSV'),
('02103-00361-70011',12,'F',3,1927,207,'H',NULL,1,'SII_CSV'),
('02103-00361-70011',13,'F',3,1927,238,'H',NULL,1,'SII_CSV'),
('02103-00361-70011',14,'F',3,1927,198,'H',NULL,1,'SII_CSV'),
('02103-00361-70011',15,'F',3,1927,210,'H',NULL,1,'SII_CSV'),
('02103-00361-70011',16,'F',3,1927,178,'H',NULL,1,'SII_CSV'),
('02103-00361-70011',17,'F',3,1927,178,'H',NULL,1,'SII_CSV'),
('02103-00361-70011',18,'F',3,1927,177,'H',NULL,1,'SII_CSV'),
('02103-00361-70011',19,'F',3,1927,176,'H',NULL,1,'SII_CSV'),
('02103-00361-70011',20,'F',3,1927,289,'H',NULL,1,'SII_CSV'),
('02103-00361-70012',1,'F',3,1927,264,'H',NULL,1,'SII_CSV'),
('02103-00361-70012',2,'F',3,1927,312,'H',NULL,1,'SII_CSV'),
('02103-00361-70012',3,'F',3,1927,356,'H',NULL,1,'SII_CSV'),
('02103-00361-70012',4,'F',3,1927,318,'H',NULL,1,'SII_CSV'),
('02103-00361-70012',5,'F',3,1927,327,'H',NULL,1,'SII_CSV'),
('02103-00361-70012',6,'F',3,1927,235,'H',NULL,1,'SII_CSV'),
('02103-00361-70012',7,'F',3,1927,187,'H',NULL,1,'SII_CSV'),
('02103-00361-70012',8,'F',3,1927,195,'H',NULL,1,'SII_CSV'),
('02103-00361-70012',9,'F',3,1927,187,'H',NULL,1,'SII_CSV'),
('02103-00361-70012',10,'F',3,1927,187,'H',NULL,1,'SII_CSV'),
('02103-00361-70012',11,'F',3,1927,187,'H',NULL,1,'SII_CSV'),
('02103-00361-70012',12,'F',3,1927,187,'H',NULL,1,'SII_CSV'),
('02103-00361-70012',13,'F',3,1927,187,'H',NULL,1,'SII_CSV'),
('02103-00361-70012',14,'F',3,1927,187,'H',NULL,1,'SII_CSV'),
('02103-00361-70012',15,'F',3,1927,187,'H',NULL,1,'SII_CSV'),
('02103-00361-70012',16,'F',3,1927,187,'H',NULL,1,'SII_CSV'),
('02103-00361-70012',17,'F',3,1927,297,'H',NULL,1,'SII_CSV'),
('02103-00361-70012',18,'F',3,1927,132,'H',NULL,1,'SII_CSV'),
('02103-00361-70012',19,'F',3,1927,187,'H',NULL,1,'SII_CSV'),
('02103-00361-70012',20,'F',3,1927,187,'H',NULL,1,'SII_CSV'),
('02103-00361-70013',1,'F',3,1927,262,'H',NULL,1,'SII_CSV'),
('02103-00361-70013',2,'F',3,1927,230,'H',NULL,1,'SII_CSV'),
('02103-00361-70013',3,'F',3,1927,259,'H',NULL,1,'SII_CSV'),
('02103-00361-70013',4,'F',3,1927,409,'H',NULL,1,'SII_CSV'),
('02103-00361-70013',5,'F',3,1927,182,'H',NULL,1,'SII_CSV'),
('02103-00361-70013',6,'F',3,1927,201,'H',NULL,1,'SII_CSV'),
('02103-00361-70014',1,'F',3,1950,165,'H',NULL,1,'SII_CSV'),
('02103-00361-70014',2,'F',3,1950,165,'H',NULL,1,'SII_CSV'),
('02103-00361-70014',3,'F',3,1950,165,'H',NULL,1,'SII_CSV'),
('02103-00361-70014',4,'F',3,1950,165,'H',NULL,1,'SII_CSV'),
('02103-00361-70014',5,'F',3,1950,165,'H',NULL,1,'SII_CSV'),
('02103-00361-70014',6,'F',3,1950,165,'H',NULL,1,'SII_CSV'),
('02103-00361-70014',7,'F',3,1950,165,'H',NULL,1,'SII_CSV'),
('02103-00361-70014',8,'F',3,1950,165,'H',NULL,1,'SII_CSV'),
('02103-00361-70014',9,'F',3,1950,165,'H',NULL,1,'SII_CSV'),
('02103-00361-70014',10,'F',3,1950,165,'H',NULL,1,'SII_CSV'),
('02103-00361-70014',11,'F',3,1950,165,'H',NULL,1,'SII_CSV'),
('02103-00361-70014',12,'F',3,1950,165,'H',NULL,1,'SII_CSV'),
('02103-00361-70014',13,'F',3,1950,165,'H',NULL,1,'SII_CSV'),
('02103-00361-70014',14,'F',3,1950,165,'H',NULL,1,'SII_CSV'),
('02103-00361-70014',15,'F',3,1950,165,'H',NULL,1,'SII_CSV'),
('02103-00361-70014',16,'F',3,1950,165,'H',NULL,1,'SII_CSV'),
('02103-00361-70014',17,'F',3,1950,165,'H',NULL,1,'SII_CSV'),
('02103-00361-70014',18,'F',3,1950,165,'H',NULL,1,'SII_CSV'),
('02103-00361-70014',19,'F',3,1950,165,'H',NULL,1,'SII_CSV'),
('02103-00361-70014',20,'F',3,1950,165,'H',NULL,1,'SII_CSV'),
('02103-00361-70015',1,'F',3,1950,165,'H',NULL,1,'SII_CSV'),
('02103-00361-70015',2,'F',3,1950,165,'H',NULL,1,'SII_CSV'),
('02103-00361-70016',1,'C',3,1986,50,'H',NULL,1,'SII_CSV'),
('02103-00361-70016',2,'C',3,1986,50,'H',NULL,1,'SII_CSV'),
('02103-00361-70016',3,'C',3,1986,50,'H',NULL,1,'SII_CSV'),
('02103-00361-70016',4,'C',3,1986,50,'H',NULL,1,'SII_CSV'),
('02103-00361-70016',5,'C',3,1986,50,'H',NULL,1,'SII_CSV'),
('02103-00361-70016',6,'C',3,1986,50,'H',NULL,1,'SII_CSV'),
('02103-00361-70016',7,'C',3,1986,50,'H',NULL,1,'SII_CSV'),
('02103-00361-70016',8,'C',3,1986,50,'H',NULL,1,'SII_CSV'),
('02103-00361-70016',9,'C',3,1986,50,'H',NULL,1,'SII_CSV'),
('02103-00361-70016',10,'C',3,1986,50,'H',NULL,1,'SII_CSV'),
('02103-00361-70016',11,'C',3,1986,50,'H',NULL,1,'SII_CSV'),
('02103-00361-70016',12,'C',3,1986,50,'H',NULL,1,'SII_CSV'),
('02103-00361-70016',13,'C',3,1986,50,'H',NULL,1,'SII_CSV'),
('02103-00361-70016',14,'C',3,1986,50,'H',NULL,1,'SII_CSV'),
('02103-00361-70016',15,'C',3,1986,50,'H',NULL,1,'SII_CSV'),
('02103-00361-70016',16,'C',3,1986,50,'H',NULL,1,'SII_CSV'),
('02103-00361-70016',17,'C',3,1986,50,'H',NULL,1,'SII_CSV'),
('02103-00361-70016',18,'C',3,1986,50,'H',NULL,1,'SII_CSV'),
('02103-00361-70016',19,'C',3,1986,50,'H',NULL,1,'SII_CSV'),
('02103-00361-70016',20,'C',3,1986,50,'H',NULL,1,'SII_CSV'),
('02103-00361-70017',1,'C',3,1986,50,'H',NULL,1,'SII_CSV'),
('02103-00361-70017',2,'C',3,1986,50,'H',NULL,1,'SII_CSV'),
('02103-00361-70017',3,'C',3,1986,50,'H',NULL,1,'SII_CSV'),
('02103-00361-70017',4,'C',3,1986,50,'H',NULL,1,'SII_CSV'),
('02103-00361-70017',5,'C',3,1986,50,'H',NULL,1,'SII_CSV'),
('02103-00361-70017',6,'C',3,1986,50,'H',NULL,1,'SII_CSV'),
('02103-00361-70017',7,'C',3,1986,50,'H',NULL,1,'SII_CSV'),
('02103-00361-70017',8,'C',3,1986,50,'H',NULL,1,'SII_CSV'),
('02103-00361-70017',9,'C',3,1986,50,'H',NULL,1,'SII_CSV'),
('02103-00361-70017',10,'C',3,1986,50,'H',NULL,1,'SII_CSV'),
('02103-00361-70017',11,'C',3,1986,50,'H',NULL,1,'SII_CSV'),
('02103-00361-70017',12,'C',3,1986,50,'H',NULL,1,'SII_CSV'),
('02103-00361-70017',13,'C',3,1986,50,'H',NULL,1,'SII_CSV'),
('02103-00361-70017',14,'C',3,1986,50,'H',NULL,1,'SII_CSV'),
('02103-00361-70017',15,'C',3,1986,50,'H',NULL,1,'SII_CSV'),
('02103-00361-70017',16,'C',3,1986,50,'H',NULL,1,'SII_CSV'),
('02103-00361-70017',17,'C',3,1986,50,'H',NULL,1,'SII_CSV'),
('02103-00361-70017',18,'C',3,1986,50,'H',NULL,1,'SII_CSV'),
('02103-00361-70017',19,'C',3,1986,50,'H',NULL,1,'SII_CSV'),
('02103-00361-70017',20,'C',3,1986,50,'H',NULL,1,'SII_CSV'),
('02103-00361-70018',1,'C',3,1986,50,'H',NULL,1,'SII_CSV'),
('02103-00361-70018',2,'C',3,1986,50,'H',NULL,1,'SII_CSV'),
('02103-00361-70019',1,'C',3,1987,43,'H',NULL,1,'SII_CSV'),
('02103-00361-70019',2,'C',3,1987,43,'H',NULL,1,'SII_CSV'),
('02103-00361-70019',3,'C',3,1987,43,'H',NULL,1,'SII_CSV'),
('02103-00361-70019',4,'C',3,1987,43,'H',NULL,1,'SII_CSV'),
('02103-00361-70019',5,'C',3,1987,43,'H',NULL,1,'SII_CSV'),
('02103-00361-70019',6,'C',3,1987,43,'H',NULL,1,'SII_CSV'),
('02103-00361-70019',7,'C',3,1987,43,'H',NULL,1,'SII_CSV'),
('02103-00361-70019',8,'C',3,1987,43,'H',NULL,1,'SII_CSV'),
('02103-00361-70019',9,'C',3,1987,43,'H',NULL,1,'SII_CSV'),
('02103-00361-70019',10,'C',3,1987,43,'H',NULL,1,'SII_CSV'),
('02103-00361-70019',11,'C',3,1987,43,'H',NULL,1,'SII_CSV'),
('02103-00361-70019',12,'C',3,1987,43,'H',NULL,1,'SII_CSV'),
('02103-00361-70019',13,'C',3,1987,43,'H',NULL,1,'SII_CSV'),
('02103-00361-70019',14,'C',3,1987,43,'H',NULL,1,'SII_CSV'),
('02103-00361-70019',15,'C',3,1987,43,'H',NULL,1,'SII_CSV'),
('02103-00361-70019',16,'C',3,1987,43,'H',NULL,1,'SII_CSV'),
('02103-00361-70020',1,'C',3,1987,57,'H',NULL,1,'SII_CSV'),
('02103-00361-70020',2,'C',3,1987,57,'H',NULL,1,'SII_CSV'),
('02103-00361-70020',3,'C',3,1987,57,'H',NULL,1,'SII_CSV'),
('02103-00361-70020',4,'C',3,1987,57,'H',NULL,1,'SII_CSV'),
('02103-00361-70020',5,'C',3,1987,57,'H',NULL,1,'SII_CSV'),
('02103-00361-70020',6,'C',3,1987,57,'H',NULL,1,'SII_CSV'),
('02103-00361-70020',7,'C',3,1987,57,'H',NULL,1,'SII_CSV'),
('02103-00361-70020',8,'C',3,1987,57,'H',NULL,1,'SII_CSV'),
('02103-00361-70020',9,'C',3,1987,57,'H',NULL,1,'SII_CSV'),
('02103-00361-70020',10,'C',3,1987,57,'H',NULL,1,'SII_CSV'),
('02103-00361-70021',1,'C',3,1975,219,'H',NULL,1,'SII_CSV'),
('02103-00361-70021',2,'C',3,1975,219,'H',NULL,1,'SII_CSV'),
('02103-00361-70022',1,'F',3,1927,2710,'E',NULL,1,'SII_CSV'),
('02103-00361-70022',2,'F',3,1927,1148,'Q',NULL,1,'SII_CSV'),
('02103-00361-70022',3,'F',3,1940,38626,'D',NULL,1,'SII_CSV'),
('02103-00361-70022',4,'F',3,1955,3906,'D',NULL,1,'SII_CSV'),
('02103-00361-70022',5,'F',3,1927,284,'D',NULL,1,'SII_CSV'),
('02103-00361-70022',6,'F',3,1927,342,'E',NULL,1,'SII_CSV'),
('02103-00361-70022',7,'F',3,1927,446,'E',NULL,1,'SII_CSV'),
('02103-00361-70022',8,'C',3,1986,1786,'E',NULL,1,'SII_CSV'),
('02103-00361-70022',9,'C',3,1927,251,'E',NULL,1,'SII_CSV'),
('02103-00364-00002',1,'E',5,2008,122,'H',NULL,1,'SII_CSV'),
('02103-00369-00001',1,'C',5,2013,60,'H',NULL,1,'SII_CSV'),
('02103-00369-00003',1,'E',5,1976,24,'H',NULL,1,'SII_CSV'),
('02103-00369-00004',1,'C',5,2018,83,'H',NULL,1,'SII_CSV'),
('02103-00372-00004',1,'C',4,2012,60,'H',NULL,1,'SII_CSV'),
('02103-00500-00001',1,'F',3,1950,8814,'S',NULL,1,'SII_CSV'),
('02103-00500-00001',2,'C',3,1965,44,'V',NULL,1,'SII_CSV'),
('02103-06700-00001',1,'GA',2,1987,1200,'I',NULL,1,'SII_CSV'),
('02103-06700-00001',2,'C',3,1987,54,'I',NULL,1,'SII_CSV'),
('02103-06700-00001',3,'C',3,1987,110,'I',NULL,1,'SII_CSV'),
('02103-06700-00001',4,'C',3,1987,720,'H',NULL,1,'SII_CSV'),
('02103-06700-00001',5,'E',3,1987,90,'H',NULL,1,'SII_CSV'),
('02103-06700-00001',6,'B',3,1987,120,'V',NULL,1,'SII_CSV'),
('02103-06700-00001',7,'B',3,1987,710,'I',NULL,2,'SII_CSV'),
('02103-06700-00005',1,'C',3,2022,86,'O',NULL,1,'SII_CSV'),
('02103-06700-00005',2,'GA',2,2022,192,'I',NULL,1,'SII_CSV'),
('02103-06700-00005',3,'GA',2,2022,276,'I',NULL,1,'SII_CSV'),
('02103-06700-00005',4,'GA',2,2022,304,'L',NULL,1,'SII_CSV'),
('02103-06700-00011',1,'K',3,2024,390,'I',NULL,1,'SII_CSV'),
('02103-06700-00011',2,'GA',3,2024,250,'I',NULL,1,'SII_CSV'),
('02103-06700-00024',1,'C',4,2018,110,'O',NULL,1,'SII_CSV'),
('02103-06700-00046',1,'K',3,2024,270,'I',NULL,1,'SII_CSV'),
('02103-06700-00046',2,'GA',3,2024,17,'I',NULL,1,'SII_CSV'),
('02103-06700-00047',1,'K',3,2024,246,'I',NULL,1,'SII_CSV'),
('02103-06700-00047',2,'GA',3,2024,490,'I',NULL,1,'SII_CSV'),
('02103-06700-00057',1,'K',3,2020,307,'I',NULL,1,'SII_CSV'),
('02103-06800-00002',1,'K',3,2024,1065,'I',NULL,1,'SII_CSV'),
('02103-06800-00002',2,'GA',3,2024,200,'I',NULL,1,'SII_CSV'),
('02103-06800-00021',1,'K',3,2024,810,'I',NULL,2,'SII_CSV'),
('02103-06900-70001',1,'GB',1,1927,4831,'M',NULL,1,'SII_CSV'),
('02103-06900-70001',2,'B',3,1927,70,'O','CI',2,'SII_CSV'),
('02103-06900-70001',3,'GA',2,1927,898,'M',NULL,1,'SII_CSV'),
('02103-06900-70001',4,'E',3,1927,104,'O','CI',1,'SII_CSV'),
('02103-06900-70001',5,'GA',1,1927,3435,'M',NULL,1,'SII_CSV'),
('02103-06900-70001',6,'E',3,1927,60,'O','CI',1,'SII_CSV'),
('02103-06900-70001',7,'GA',2,1927,4940,'M',NULL,1,'SII_CSV'),
('02103-06900-70001',8,'E',3,1927,150,'O','CI',1,'SII_CSV'),
('02103-06900-70001',9,'GA',2,1985,976,'M',NULL,1,'SII_CSV'),
('02103-06900-70001',10,'E',3,1985,42,'O','CI',1,'SII_CSV'),
('02103-06900-70001',11,'GA',1,1927,5605,'M',NULL,1,'SII_CSV'),
('02103-06900-70001',12,'E',3,1927,105,'O','CI',1,'SII_CSV'),
('02103-06900-70001',13,'GB',2,1927,696,'M',NULL,1,'SII_CSV'),
('02103-06900-70001',14,'E',3,1927,54,'O','CI',1,'SII_CSV'),
('02103-06900-70001',15,'GA',2,1927,1363,'V',NULL,1,'SII_CSV'),
('02103-06900-70001',16,'E',3,1927,260,'O','CI',1,'SII_CSV'),
('02103-06900-70001',17,'GA',1,1927,10534,'M',NULL,1,'SII_CSV'),
('02103-06900-70001',18,'E',3,1927,287,'O','CI',1,'SII_CSV'),
('02103-06900-70001',19,'GA',2,1927,2610,'M',NULL,1,'SII_CSV'),
('02103-06900-70001',20,'E',3,1927,108,'O','CI',1,'SII_CSV'),
('02103-06900-70001',21,'GB',2,1927,2174,'L',NULL,1,'SII_CSV'),
('02103-06900-70001',22,'B',3,1927,756,'O','CI',1,'SII_CSV'),
('02103-06900-70001',23,'C',2,1927,1326,'O',NULL,1,'SII_CSV'),
('02103-06900-70001',24,'C',2,1927,791,'O',NULL,1,'SII_CSV'),
('02103-06900-70001',25,'E',3,1927,93,'O',NULL,1,'SII_CSV'),
('02103-06900-70004',1,'C',4,1930,1237,'C',NULL,1,'SII_CSV'),
('02103-06900-70004',2,'F',4,1930,471,'V',NULL,1,'SII_CSV'),
('02103-06900-70004',3,'F',4,1930,336,'V',NULL,1,'SII_CSV'),
('02103-06900-70004',4,'F',4,1930,1315,'C',NULL,1,'SII_CSV'),
('02103-06900-70004',5,'F',4,1930,271,'G',NULL,1,'SII_CSV'),
('02103-06900-70004',6,'F',4,1930,573,'V',NULL,1,'SII_CSV'),
('02103-06900-70004',7,'C',4,1930,1025,'V',NULL,1,'SII_CSV'),
('02103-06900-70004',8,'F',4,1970,678,'C',NULL,1,'SII_CSV'),
('02103-06900-70004',9,'F',4,1930,2614,'D',NULL,1,'SII_CSV'),
('02103-06900-70004',10,'E',4,1930,17,'E',NULL,1,'SII_CSV'),
('02103-06900-70004',11,'E',4,1930,65,'E',NULL,1,'SII_CSV'),
('02103-06900-70004',12,'E',4,1950,2154,'D',NULL,1,'SII_CSV'),
('02103-06900-70004',13,'E',4,1950,1227,'D',NULL,1,'SII_CSV'),
('02103-06900-70004',14,'E',4,1950,3386,'S',NULL,1,'SII_CSV'),
('02103-06900-70004',15,'F',4,1950,329,'Q',NULL,1,'SII_CSV'),
('02103-06900-70004',16,'E',4,1950,2215,'D',NULL,1,'SII_CSV'),
('02103-06900-70004',17,'C',4,1950,852,'E',NULL,1,'SII_CSV'),
('02103-06900-70004',18,'F',4,1950,1975,'E',NULL,1,'SII_CSV'),
('02103-06900-70004',19,'F',4,1950,91,'P',NULL,1,'SII_CSV'),
('02103-06900-70004',20,'F',4,1950,1323,'E',NULL,1,'SII_CSV'),
('02103-06900-70004',21,'F',4,1950,512,'E',NULL,1,'SII_CSV'),
('02103-06900-70004',22,'F',4,1950,4031,'P',NULL,1,'SII_CSV'),
('02103-06900-70004',23,'F',4,1950,3277,'D',NULL,1,'SII_CSV'),
('02103-06900-70004',24,'F',4,1930,14220,'H',NULL,1,'SII_CSV'),
('02103-06901-00017',1,'GA',2,2022,169,'I',NULL,1,'SII_CSV'),
('02103-06901-00017',2,'K',3,2022,23,'I',NULL,1,'SII_CSV'),
('02103-06903-00003',1,'GA',2,2021,808,'I',NULL,1,'SII_CSV'),
('02103-06903-00003',2,'K',3,2021,52,'I',NULL,1,'SII_CSV'),
('02103-06903-00004',1,'K',3,2024,120,'O',NULL,1,'SII_CSV'),
('02103-06903-00004',2,'GA',3,2024,320,'I',NULL,1,'SII_CSV'),
('02103-06903-00004',3,'K',4,2024,140,'L',NULL,1,'SII_CSV'),
('02103-06903-00010',1,'K',3,2024,112,'I',NULL,1,'SII_CSV'),
('02103-06903-00029',1,'K',3,2024,755,'I',NULL,1,'SII_CSV'),
('02103-06903-00029',2,'GA',3,2024,45,'I',NULL,1,'SII_CSV'),
('02103-06903-00046',1,'GA',2,2021,48,'I',NULL,1,'SII_CSV'),
('02103-06903-00046',2,'GA',2,2021,54,'I',NULL,1,'SII_CSV'),
('02103-06903-00046',3,'GA',2,2021,42,'I',NULL,1,'SII_CSV'),
('02103-06903-00046',4,'GA',2,2021,98,'I',NULL,1,'SII_CSV'),
('02103-06903-00046',5,'GA',2,2021,15,'Z',NULL,1,'SII_CSV'),
('02103-06903-00046',6,'P',1,NULL,5200,NULL,NULL,0,'SII_CSV'),
('02103-07000-00009',1,'GA',2,2022,35,'I',NULL,1,'SII_CSV'),
('02103-07000-00009',2,'GA',2,2022,27,'I',NULL,1,'SII_CSV'),
('02103-07000-00009',3,'SB',0,2022,70,'L',NULL,0,'SII_CSV'),
('02103-08000-00011',1,'GA',2,2021,284,'I',NULL,1,'SII_CSV'),
('02103-08000-00011',2,'SB',0,2021,226548,'L',NULL,0,'SII_CSV')
ON CONFLICT (rol, numero_construccion) DO UPDATE SET
  material_codigo       = EXCLUDED.material_codigo,
  calidad_codigo        = EXCLUDED.calidad_codigo,
  anio_construccion     = EXCLUDED.anio_construccion,
  sup_total_m2          = EXCLUDED.sup_total_m2,
  destino_construccion  = EXCLUDED.destino_construccion,
  condicion_especial    = EXCLUDED.condicion_especial,
  numero_pisos          = EXCLUDED.numero_pisos;

INSERT INTO catastro.construcciones (
  rol, numero_construccion, material_codigo,
  calidad_codigo, anio_construccion,
  sup_total_m2, destino_construccion, condicion_especial,
  numero_pisos, fuente_datos
) VALUES
('02103-08000-00011',3,'GA',2,2021,423,'I',NULL,1,'SII_CSV'),
('02103-08000-00011',4,'K',3,2021,74,'I',NULL,1,'SII_CSV'),
('02103-08000-00011',5,'GA',2,2021,727,'I',NULL,1,'SII_CSV'),
('02103-08000-00011',6,'GA',2,2021,137,'I',NULL,1,'SII_CSV'),
('02103-08000-00011',7,'GA',2,2021,153,'I',NULL,1,'SII_CSV'),
('02103-08000-00011',8,'K',3,2021,30,'I',NULL,1,'SII_CSV'),
('02103-08000-00011',9,'K',3,2021,11,'I',NULL,1,'SII_CSV'),
('02103-08000-00011',10,'GA',2,2021,52,'I',NULL,1,'SII_CSV'),
('02103-08000-00011',11,'GA',2,2021,2022,'I',NULL,1,'SII_CSV'),
('02103-08000-00011',12,'EA',0,2021,180220,NULL,NULL,0,'SII_CSV'),
('02103-08000-00011',13,'EA',0,2021,50472,NULL,NULL,0,'SII_CSV'),
('02103-08000-00011',14,'EA',0,2021,70410,NULL,NULL,0,'SII_CSV'),
('02103-08000-00011',15,'EA',0,2021,12080,NULL,NULL,0,'SII_CSV'),
('02103-08000-00011',16,'EA',0,2021,4500,NULL,NULL,0,'SII_CSV'),
('02103-08000-00011',17,'EA',0,2021,9600,NULL,NULL,0,'SII_CSV'),
('02103-08000-00011',18,'EA',0,2021,4680,NULL,NULL,0,'SII_CSV'),
('02103-08500-00002',1,'K',3,2020,30,'O',NULL,1,'SII_CSV'),
('02103-08500-00007',1,'EA',0,2015,4080,NULL,NULL,0,'SII_CSV'),
('02103-08500-00008',1,'GA',1,2015,4234,'I',NULL,1,'SII_CSV'),
('02103-08500-00008',2,'A',3,2015,515,'I',NULL,1,'SII_CSV'),
('02103-08500-00008',3,'A',3,2019,939,'H',NULL,2,'SII_CSV'),
('02103-08500-00008',4,'A',3,2015,1297,'V',NULL,2,'SII_CSV'),
('02103-08500-00008',5,'A',3,2019,38038,'H',NULL,2,'SII_CSV'),
('02103-08500-00008',6,'GA',1,2015,6054,'V',NULL,1,'SII_CSV'),
('02103-08500-00008',7,'A',3,2015,42,'I',NULL,1,'SII_CSV'),
('02103-08500-00008',8,'A',3,2015,490,'I',NULL,1,'SII_CSV'),
('02103-08500-00008',9,'A',2,2015,360,'I',NULL,1,'SII_CSV'),
('02103-08500-00008',10,'A',3,2015,29,'V',NULL,1,'SII_CSV'),
('02103-08500-00008',11,'B',2,2016,106,'L',NULL,1,'SII_CSV'),
('02103-08500-00008',12,'GA',3,2017,300,'L',NULL,1,'SII_CSV'),
('02103-08500-00008',13,'K',3,2017,118,'O',NULL,1,'SII_CSV'),
('02103-08500-00008',14,'K',2,2017,102,'S',NULL,1,'SII_CSV'),
('02103-08500-00008',15,'A',3,2013,1557,'H',NULL,1,'SII_CSV'),
('02103-08500-00008',16,'K',3,2020,36,'O',NULL,1,'SII_CSV'),
('02103-08500-00008',17,'K',4,2020,28,'L',NULL,1,'SII_CSV'),
('02103-08500-00008',18,'GA',2,2020,15,'L',NULL,1,'SII_CSV'),
('02103-08500-00008',19,'K',2,2020,33,'S',NULL,1,'SII_CSV'),
('02103-08500-00009',1,'GB',2,2015,285,'V',NULL,1,'SII_CSV'),
('02103-08500-00010',1,'GB',2,2015,58,'I',NULL,1,'SII_CSV'),
('02103-08500-00011',1,'K',3,2017,43,'O',NULL,1,'SII_CSV'),
('02103-08500-00012',1,'GA',1,2015,17629,'M',NULL,1,'SII_CSV'),
('02103-08500-00012',2,'A',3,2015,214,'I',NULL,1,'SII_CSV'),
('02103-08500-00012',3,'GA',2,2017,13,'I',NULL,1,'SII_CSV'),
('02103-08500-00012',4,'K',3,2017,25,'O',NULL,1,'SII_CSV'),
('02103-08500-00013',1,'GB',2,2015,605,'M',NULL,1,'SII_CSV'),
('02103-08500-00013',2,'K',4,2020,29,'L',NULL,1,'SII_CSV'),
('02103-10000-00134',1,'G',3,2023,123,'I',NULL,1,'SII_CSV')
ON CONFLICT (rol, numero_construccion) DO UPDATE SET
  material_codigo       = EXCLUDED.material_codigo,
  calidad_codigo        = EXCLUDED.calidad_codigo,
  anio_construccion     = EXCLUDED.anio_construccion,
  sup_total_m2          = EXCLUDED.sup_total_m2,
  destino_construccion  = EXCLUDED.destino_construccion,
  condicion_especial    = EXCLUDED.condicion_especial,
  numero_pisos          = EXCLUDED.numero_pisos;

-- ─────────────────────────────────────────────────
-- A: BRTMPCATASA_2025_2_02103  |  CÓDIGO 02103
-- 105 filas
-- ─────────────────────────────────────────────────
INSERT INTO catastro.predios (
  rol, codigo_comuna, manzana, predio, direccion,
  avaluo_total_vigente, contribucion_semestre,
  destino_sii, avaluo_total_exento,
  cod_ubicacion, serie_predio, fuente_datos
) VALUES
('02103-00300-00004','02103','00300','00004','A 3 . 8 E DE QUILLAGUA LOTE C PL 4340 CR',3544810,NULL,'A',3544810,'R','agricola','SII_CSV'),
('02103-00355-00002','02103','00355','00002','SN MIGUEL',13619136,NULL,'A',13619136,'R','agricola','SII_CSV'),
('02103-00355-00003','02103','00355','00003','EL MARAY',3404784,NULL,'A',3404784,'R','agricola','SII_CSV'),
('02103-00355-00004','02103','00355','00004','EL MARAY Y OLI',15274240,NULL,'A',15274240,'R','agricola','SII_CSV'),
('02103-00355-00005','02103','00355','00005','SAUCE ST 78',15662007,NULL,'A',15662007,'R','agricola','SII_CSV'),
('02103-00355-00006','02103','00355','00006','MARTINCHO',24514445,NULL,'A',24514445,'R','agricola','SII_CSV'),
('02103-00355-00007','02103','00355','00007','OLIVO',13619136,NULL,'A',13619136,'R','agricola','SII_CSV'),
('02103-00355-00008','02103','00355','00008','EL MONTECITO',3404784,NULL,'A',3404784,'R','agricola','SII_CSV'),
('02103-00355-00009','02103','00355','00009','LA PARTE',10214352,NULL,'A',10214352,'R','agricola','SII_CSV'),
('02103-00355-00010','02103','00355','00010','MONTECINO ANACAYA',7187877,NULL,'A',7187877,'R','agricola','SII_CSV'),
('02103-00355-00011','02103','00355','00011','CLAUDIA',17969694,NULL,'A',17969694,'R','agricola','SII_CSV'),
('02103-00355-00012','02103','00355','00012','EL CARBONATO',4766698,NULL,'A',4766698,'R','agricola','SII_CSV'),
('02103-00355-00013','02103','00355','00013','LOTE N 19 SECTOR PARTE QUILLAGUA',6809568,NULL,'A',6809568,'R','agricola','SII_CSV'),
('02103-00355-00014','02103','00355','00014','CARBONATO',2723827,NULL,'A',2723827,'R','agricola','SII_CSV'),
('02103-00355-00015','02103','00355','00015','CANA PATA',10895309,NULL,'A',10895309,'R','agricola','SII_CSV'),
('02103-00355-00016','02103','00355','00016','WALKYRIA',6809568,NULL,'A',6809568,'R','agricola','SII_CSV'),
('02103-00355-00017','02103','00355','00017','WALKYRIA',71500464,31300,'A',48089106,'R','agricola','SII_CSV'),
('02103-00355-00018','02103','00355','00018','WALKYRIA',10214352,NULL,'A',10214352,'R','agricola','SII_CSV'),
('02103-00355-00019','02103','00355','00019','WALKYRIA',20428704,NULL,'A',20428704,'R','agricola','SII_CSV'),
('02103-00355-00020','02103','00355','00020','LA CAPILLA',25195403,NULL,'A',25195403,'R','agricola','SII_CSV'),
('02103-00355-00021','02103','00355','00021','QUILLAGUA LT 24 PL 1715 CR',9883332,NULL,'A',9883332,'R','agricola','SII_CSV'),
('02103-00355-00022','02103','00355','00022','SAN MANUEL',6809568,NULL,'A',6809568,'R','agricola','SII_CSV'),
('02103-00355-00023','02103','00355','00023','QUILLAGUA LOTE 38',14106209,NULL,'A',14106209,'R','agricola','SII_CSV'),
('02103-00355-00024','02103','00355','00024','LA CAPILLA',30643056,NULL,'A',30643056,'R','agricola','SII_CSV'),
('02103-00355-00025','02103','00355','00025','CAPILLA',5447655,NULL,'A',5447655,'R','agricola','SII_CSV'),
('02103-00355-00026','02103','00355','00026','QUINTO',2723827,NULL,'A',2723827,'R','agricola','SII_CSV'),
('02103-00355-00027','02103','00355','00027','QUINTO',3404784,NULL,'A',3404784,'R','agricola','SII_CSV'),
('02103-00355-00028','02103','00355','00028','LOS CARRUNCHOS',20428704,NULL,'A',20428704,'R','agricola','SII_CSV'),
('02103-00355-00029','02103','00355','00029','VIOLDO',16172724,NULL,'A',16172724,'R','agricola','SII_CSV'),
('02103-00355-00030','02103','00355','00030','HORNO',5447655,NULL,'A',5447655,'R','agricola','SII_CSV'),
('02103-00355-00031','02103','00355','00031','EL HORNO',5447655,NULL,'A',5447655,'R','agricola','SII_CSV'),
('02103-00355-00032','02103','00355','00032','BANDA SUR',10214352,NULL,'A',10214352,'R','agricola','SII_CSV'),
('02103-00355-00033','02103','00355','00033','CANON',4085741,NULL,'A',4085741,'R','agricola','SII_CSV'),
('02103-00355-00034','02103','00355','00034','LA FERNANDA',15662007,NULL,'A',15662007,'R','agricola','SII_CSV'),
('02103-00355-00035','02103','00355','00035','RAMOS',6809568,NULL,'A',6809568,'R','agricola','SII_CSV'),
('02103-00355-00036','02103','00355','00036','PREDIO AGRICOLA 60 PLANO 1216',6809568,NULL,'A',6809568,'R','agricola','SII_CSV'),
('02103-00355-00037','02103','00355','00037','PREDIO 62 PLANO II 1 1725 CR',4085741,NULL,'A',4085741,'R','agricola','SII_CSV'),
('02103-00355-00038','02103','00355','00038','PREDIO 63',20428704,NULL,'A',20428704,'R','agricola','SII_CSV'),
('02103-00355-00039','02103','00355','00039','PREDIO 61 PLANO II 1 1705 C R',3404784,NULL,'A',3404784,'R','agricola','SII_CSV'),
('02103-00355-00040','02103','00355','00040','4 HERAS',13619136,NULL,'A',13619136,'R','agricola','SII_CSV'),
('02103-00355-00041','02103','00355','00041','SANTA LUCIA',14300093,NULL,'A',14300093,'R','agricola','SII_CSV'),
('02103-00355-00042','02103','00355','00042','JUANITA',17704877,NULL,'A',17704877,'R','agricola','SII_CSV'),
('02103-00355-00043','02103','00355','00043','SAN PABLO',56519415,16862,'A',48089106,'R','agricola','SII_CSV'),
('02103-00355-00045','02103','00355','00045','VALLE QUILLAGUA PREDIO AGRIC 70',12578785,NULL,'A',12578785,'R','agricola','SII_CSV'),
('02103-00355-00046','02103','00355','00046','SAN LORENZO',58401504,20626,'A',48089106,'R','agricola','SII_CSV'),
('02103-00355-00047','02103','00355','00047','FUNDO CERCO GRANDE QUILLAGUA',229397324,269502,'A',48089106,'R','agricola','SII_CSV'),
('02103-00355-00048','02103','00355','00048','CHUNCAHUAYCO',17969694,NULL,'A',17969694,'R','agricola','SII_CSV'),
('02103-00355-00049','02103','00355','00049','LOTE 76 O LA MINA O LAMINE',26954540,NULL,'A',26954540,'R','agricola','SII_CSV'),
('02103-00355-00050','02103','00355','00050','MINI',6289393,NULL,'A',6289393,'R','agricola','SII_CSV'),
('02103-00355-00051','02103','00355','00051','MINA ST 15',7187877,NULL,'A',7187877,'R','agricola','SII_CSV'),
('02103-00355-00052','02103','00355','00052','URRELO',44924235,NULL,'A',44924235,'R','agricola','SII_CSV'),
('02103-00355-00053','02103','00355','00053','NOLBERTO',13477270,NULL,'A',13477270,'R','agricola','SII_CSV'),
('02103-00355-00054','02103','00355','00054','HALACHE',34142417,NULL,'A',34142417,'R','agricola','SII_CSV'),
('02103-00355-00055','02103','00355','00055','TRIBUTO SANTA CRUZ',40431810,NULL,'A',40431810,'R','agricola','SII_CSV'),
('02103-00355-00056','02103','00355','00056','QUEBRADA RIO LOA ST 88 QUILLAGUA',27381962,NULL,'A',27381962,'R','agricola','SII_CSV'),
('02103-00355-00057','02103','00355','00057','LA CAPILLA',11680301,NULL,'A',11680301,'R','agricola','SII_CSV'),
('02103-00355-00058','02103','00355','00058','VALLE QUILLAGUAY SITIO 90',12578785,NULL,'A',12578785,'R','agricola','SII_CSV'),
('02103-00355-00060','02103','00355','00060','QUILLAGUA LOTE 36',5856229,NULL,'A',5856229,'R','agricola','SII_CSV'),
('02103-00355-00061','02103','00355','00061','QUILLAGUA SITIO 87',42588174,NULL,'A',42588174,'R','agricola','SII_CSV'),
('02103-00355-00062','02103','00355','00062','SITIO 2 QUILLAGUA',6877663,NULL,'A',6877663,'R','agricola','SII_CSV'),
('02103-00356-00001','02103','00356','00001','QUILLAGUA LOTE 45',4492423,NULL,'A',4492423,'R','agricola','SII_CSV'),
('02103-00356-00002','02103','00356','00002','SAN JOSE',3404784,NULL,'A',3404784,'R','agricola','SII_CSV'),
('02103-00356-00003','02103','00356','00003','SAN PABLO',73675743,31300,'A',48089106,'R','agricola','SII_CSV'),
('02103-00356-00004','02103','00356','00004','OBISPADO',22462117,NULL,'A',22462117,'R','agricola','SII_CSV'),
('02103-00356-00006','02103','00356','00006','CARLOTA',8984847,NULL,'A',8984847,'R','agricola','SII_CSV'),
('02103-00356-00007','02103','00356','00007','GOMEZ',26954540,NULL,'A',26954540,'R','agricola','SII_CSV'),
('02103-00356-00008','02103','00356','00008','SALVADOR',61096958,26016,'A',48089106,'R','agricola','SII_CSV'),
('02103-00356-00009','02103','00356','00009','PORVENIR',4492423,NULL,'A',4492423,'R','agricola','SII_CSV'),
('02103-00356-00010','02103','00356','00010','SANDALIO',35939387,NULL,'A',35939387,'R','agricola','SII_CSV'),
('02103-00356-00011','02103','00356','00011','CONDORI',21563632,NULL,'A',21563632,'R','agricola','SII_CSV'),
('02103-00356-00012','02103','00356','00012','SAN ANTONIO',23360602,NULL,'A',23360602,'R','agricola','SII_CSV'),
('02103-00356-00013','02103','00356','00013','HOYOS',44924234,NULL,'A',44924234,'R','agricola','SII_CSV'),
('02103-00356-00014','02103','00356','00014','FUNDO CERRO GRANDE',970363446,1601400,'A',48089106,'R','agricola','SII_CSV'),
('02103-00357-00001','02103','00357','00001','ESTACION TERESA',510717603,775180,'A',48089106,'R','agricola','SII_CSV'),
('02103-00357-00002','02103','00357','00002','ESTACION CHACANCE',35409754,NULL,'A',35409754,'R','agricola','SII_CSV'),
('02103-00359-00001','02103','00359','00001','RIO LOA CHACANCE',207691825,230488,'A',48089106,'R','agricola','SII_CSV'),
('02103-00359-00002','02103','00359','00002','CHACANCE',34047840,NULL,'A',34047840,'R','agricola','SII_CSV'),
('02103-00360-00001','02103','00360','00001','RIVERA RIO LOA',10214352,NULL,'A',10214352,'R','agricola','SII_CSV'),
('02103-00390-00005','02103','00390','00005','A 3 KM N DE QUILLAGUA PLA 2302 4 4259',4302048,NULL,'A',4302048,'R','agricola','SII_CSV'),
('02103-00390-00006','02103','00390','00006','7KM NOROESTE QUILLAGUA PL 4525 CR',6198015,NULL,'A',6198015,'R','agricola','SII_CSV'),
('02103-06700-00013','02103','06700','00013','A 16 KM NE(PL- 4292 -CR.FOTOVOLTAICO)',512131,NULL,'A',512131,'R','agricola','SII_CSV'),
('02103-06700-00014','02103','06700','00014','A 16 KM NE(PL- 4288 -CR/FOTOVOLTAICO)',588314,NULL,'A',588314,'R','agricola','SII_CSV'),
('02103-06700-00045','02103','06700','00045','600 MT NOROESTE CRUCERO PL 02302 - 4330',3281654,NULL,'A',3281654,'R','agricola','SII_CSV'),
('02103-06700-00058','02103','06700','00058','APROX A 28 KMS AL NORTE INTER RT 5 Y RT',4611769,NULL,'A',4611769,'R','agricola','SII_CSV'),
('02103-06700-00061','02103','06700','00061','A 16 KM NE M ELENA PL 4287 CR',171743,NULL,'A',171743,'R','agricola','SII_CSV'),
('02103-06700-00062','02103','06700','00062','A 16 KM NE M ELENA PL 4289 CR',60803,NULL,'A',60803,'R','agricola','SII_CSV'),
('02103-06700-00067','02103','06700','00067','APROX A 3 KMS AL NORTE SUB ELEC CRUCEROP',15275475,NULL,'A',15275475,'R','agricola','SII_CSV'),
('02103-06800-00018','02103','06800','00018','11KM NORESTE R 5 R 24 CRUCEROPL 2302 447',2112631,NULL,'A',2112631,'R','agricola','SII_CSV'),
('02103-06800-00037','02103','06800','00037','ROLC-3891 - 2011 M.ELENALT 1 MINERA EL A',100143694,104110,'A',48089106,'R','agricola','SII_CSV'),
('02103-06800-00038','02103','06800','00038','ROLC-3891 - 2011 M. ELENALT 2 MINERA EL',283946779,471716,'A',48089106,'R','agricola','SII_CSV'),
('02103-06900-00002','02103','06900','00002','OF PEDRO DE VALDIVIA',14402309,NULL,'A',14402309,'R','agricola','SII_CSV'),
('02103-06901-00010','02103','06901','00010','SECTOR ENCUENTRO LOTE A PL 4526 CR',825247,NULL,'A',825247,'R','agricola','SII_CSV'),
('02103-06901-00011','02103','06901','00011','SECTOR ENCUENTRO LOTE B PL 4526 CR',515986,NULL,'A',515986,'R','agricola','SII_CSV'),
('02103-06901-00012','02103','06901','00012','SECTOR ENCUENTRO LOTE C PL 4526 CR',515986,NULL,'A',515986,'R','agricola','SII_CSV'),
('02103-06903-00035','02103','06903','00035','14KM SE INTER R 5 -R 24 PL 4375',552916,NULL,'A',552916,'R','agricola','SII_CSV'),
('02103-06904-00006','02103','06904','00006','PARQUE CHUG CHUG LT A PL 4488 CR',152803909,NULL,'A',152803909,'R','agricola','SII_CSV'),
('02103-06904-00007','02103','06904','00007','PARQUE CHUG CHUG LT B PL 4488 CR',50102840,NULL,'A',50102840,'R','agricola','SII_CSV'),
('02103-08000-00001','02103','08000','00001','OESTE DE CALAMA AREA A 2201 - 6854 CR',25071029,NULL,'A',25071029,'R','agricola','SII_CSV'),
('02103-08000-00002','02103','08000','00002','OESTE DE CALAMA AREA B 2201 - 6854 CR',56011181,NULL,'A',56011181,'R','agricola','SII_CSV'),
('02103-08000-00003','02103','08000','00003','OESTE DE CALAMA AREA C 2201 - 6854 CR',753749,NULL,'A',753749,'R','agricola','SII_CSV'),
('02103-08000-00004','02103','08000','00004','OESTE DE CALAMA AREA F 2201 - 6854 CR',296913830,NULL,'A',296913830,'R','agricola','SII_CSV'),
('02103-08000-00005','02103','08000','00005','OESTE DE CALAMA AREA G 2201 - 6854 CR',18520868,NULL,'A',18520868,'R','agricola','SII_CSV'),
('02103-08000-00013','02103','08000','00013','SECTOR CERRO DOMINADOR PL 2302 - 4423 CR',93723,NULL,'A',93723,'R','agricola','SII_CSV'),
('02103-08000-00014','02103','08000','00014','SECTOR C DOMINADOR PL 2302 - 4417 CR',4536062,NULL,'A',4536062,'R','agricola','SII_CSV'),
('02103-10000-00084','02103','10000','00084','SERVIDUMBRE CAUSA ROL C 3054448 TRAMO MA',342373063,588568,'A',48089106,'R','agricola','SII_CSV')
ON CONFLICT (rol) DO UPDATE SET
  avaluo_total_vigente = EXCLUDED.avaluo_total_vigente,
  contribucion_semestre = EXCLUDED.contribucion_semestre,
  destino_sii          = EXCLUDED.destino_sii,
  avaluo_total_exento  = EXCLUDED.avaluo_total_exento,
  cod_ubicacion        = EXCLUDED.cod_ubicacion,
  fuente_datos         = 'SII_CSV',
  fecha_actualizacion  = now();

-- ─────────────────────────────────────────────────
-- AL: BRTMPCATASAL_2025_2_02103  |  CÓDIGO 02103
-- 106 filas
-- ─────────────────────────────────────────────────
INSERT INTO catastro.suelos_agricolas (
  rol, cod_suelo, sup_ha, fuente_datos
) VALUES
('02103-00300-00004','8',210.00,'SII_CSV'),
('02103-00355-00002','4R',2.00,'SII_CSV'),
('02103-00355-00003','4R',0.50,'SII_CSV'),
('02103-00355-00004','4R',1.70,'SII_CSV'),
('02103-00355-00005','4R',2.30,'SII_CSV'),
('02103-00355-00006','4R',3.60,'SII_CSV'),
('02103-00355-00007','4R',2.00,'SII_CSV'),
('02103-00355-00008','4R',0.50,'SII_CSV'),
('02103-00355-00009','4R',1.50,'SII_CSV'),
('02103-00355-00010','4R',0.80,'SII_CSV'),
('02103-00355-00011','4R',2.00,'SII_CSV'),
('02103-00355-00012','4R',0.70,'SII_CSV'),
('02103-00355-00013','4R',1.00,'SII_CSV'),
('02103-00355-00014','4R',0.40,'SII_CSV'),
('02103-00355-00015','4R',1.60,'SII_CSV'),
('02103-00355-00016','4R',1.00,'SII_CSV'),
('02103-00355-00017','4R',10.50,'SII_CSV'),
('02103-00355-00018','4R',1.50,'SII_CSV'),
('02103-00355-00019','4R',3.00,'SII_CSV'),
('02103-00355-00020','4R',3.70,'SII_CSV'),
('02103-00355-00021','4R',1.10,'SII_CSV'),
('02103-00355-00022','4R',1.00,'SII_CSV'),
('02103-00355-00023','4R',1.57,'SII_CSV'),
('02103-00355-00024','4R',4.50,'SII_CSV'),
('02103-00355-00025','4R',0.80,'SII_CSV'),
('02103-00355-00026','4R',0.40,'SII_CSV'),
('02103-00355-00027','4R',0.50,'SII_CSV'),
('02103-00355-00028','4R',3.00,'SII_CSV'),
('02103-00355-00029','4R',1.80,'SII_CSV'),
('02103-00355-00030','4R',0.80,'SII_CSV'),
('02103-00355-00031','4R',0.80,'SII_CSV'),
('02103-00355-00032','4R',1.50,'SII_CSV'),
('02103-00355-00033','4R',0.60,'SII_CSV'),
('02103-00355-00034','4R',2.30,'SII_CSV'),
('02103-00355-00035','4R',1.00,'SII_CSV'),
('02103-00355-00036','4R',1.00,'SII_CSV'),
('02103-00355-00037','4R',0.60,'SII_CSV'),
('02103-00355-00038','4R',3.00,'SII_CSV'),
('02103-00355-00039','4R',0.50,'SII_CSV'),
('02103-00355-00040','4R',2.00,'SII_CSV'),
('02103-00355-00041','4R',2.10,'SII_CSV'),
('02103-00355-00042','4R',2.60,'SII_CSV'),
('02103-00355-00043','4R',8.30,'SII_CSV'),
('02103-00355-00045','4R',1.40,'SII_CSV'),
('02103-00355-00046','4R',6.50,'SII_CSV'),
('02103-00355-00047','4R',24.50,'SII_CSV'),
('02103-00355-00048','4R',2.00,'SII_CSV'),
('02103-00355-00049','4R',3.00,'SII_CSV'),
('02103-00355-00050','4R',0.70,'SII_CSV'),
('02103-00355-00051','4R',0.80,'SII_CSV'),
('02103-00355-00052','4R',5.00,'SII_CSV'),
('02103-00355-00053','4R',1.50,'SII_CSV'),
('02103-00355-00054','4R',3.80,'SII_CSV'),
('02103-00355-00055','4R',4.50,'SII_CSV'),
('02103-00355-00056','4R',2.00,'SII_CSV'),
('02103-00355-00056','8',422.60,'SII_CSV'),
('02103-00355-00057','4R',1.30,'SII_CSV'),
('02103-00355-00058','4R',1.40,'SII_CSV'),
('02103-00355-00060','4R',0.86,'SII_CSV'),
('02103-00355-00061','4R',4.74,'SII_CSV'),
('02103-00355-00062','4R',1.01,'SII_CSV'),
('02103-00356-00001','4R',0.50,'SII_CSV'),
('02103-00356-00002','4R',0.50,'SII_CSV'),
('02103-00356-00003','4R',8.20,'SII_CSV'),
('02103-00356-00004','4R',2.50,'SII_CSV'),
('02103-00356-00006','4R',1.00,'SII_CSV'),
('02103-00356-00007','4R',3.00,'SII_CSV'),
('02103-00356-00008','4R',6.80,'SII_CSV'),
('02103-00356-00009','4R',0.50,'SII_CSV'),
('02103-00356-00010','4R',4.00,'SII_CSV'),
('02103-00356-00011','4R',2.40,'SII_CSV'),
('02103-00356-00012','4R',2.60,'SII_CSV'),
('02103-00356-00013','4R',5.00,'SII_CSV'),
('02103-00356-00014','4R',108.00,'SII_CSV'),
('02103-00357-00001','4R',75.00,'SII_CSV'),
('02103-00357-00002','4R',5.20,'SII_CSV'),
('02103-00359-00001','4R',30.50,'SII_CSV'),
('02103-00359-00002','4R',5.00,'SII_CSV'),
('02103-00360-00001','4R',1.50,'SII_CSV'),
('02103-00390-00005','8',254.86,'SII_CSV'),
('02103-00390-00006','8',367.18,'SII_CSV'),
('02103-06700-00013','8',22.52,'SII_CSV'),
('02103-06700-00014','8',25.87,'SII_CSV'),
('02103-06700-00045','8',148.91,'SII_CSV'),
('02103-06700-00058','8',249.00,'SII_CSV'),
('02103-06700-00061','8',8.05,'SII_CSV'),
('02103-06700-00062','8',2.85,'SII_CSV'),
('02103-06700-00067','8',671.71,'SII_CSV'),
('02103-06800-00018','8',102.40,'SII_CSV'),
('02103-06800-00037','8',4854.00,'SII_CSV'),
('02103-06800-00038','8',13763.00,'SII_CSV'),
('02103-06900-00002','8',620.52,'SII_CSV'),
('02103-06901-00010','8',40.00,'SII_CSV'),
('02103-06901-00011','8',25.01,'SII_CSV'),
('02103-06901-00012','8',25.01,'SII_CSV'),
('02103-06903-00035','8',26.80,'SII_CSV'),
('02103-06904-00006','8',6860.72,'SII_CSV'),
('02103-06904-00007','8',2249.56,'SII_CSV'),
('02103-08000-00001','8',1175.14,'SII_CSV'),
('02103-08000-00002','8',2625.38,'SII_CSV'),
('02103-08000-00003','8',35.33,'SII_CSV'),
('02103-08000-00004','8',13472.91,'SII_CSV'),
('02103-08000-00005','8',814.42,'SII_CSV'),
('02103-08000-00013','8',5.26,'SII_CSV'),
('02103-08000-00014','8',254.58,'SII_CSV'),
('02103-10000-00084','8',14751.06,'SII_CSV')
ON CONFLICT (rol, cod_suelo) DO UPDATE SET
  sup_ha = EXCLUDED.sup_ha;

-- ─────────────────────────────────────────────────
-- Registro en catastro.importaciones
-- ─────────────────────────────────────────────────
INSERT INTO catastro.importaciones
  (codigo_comuna, nombre_comuna, archivo_fuente, tipo_archivo,
   total_registros, fecha_importacion, estado, error_msg)
VALUES
('02103', 'CÓDIGO 02103', 'BRTMPCATASN_2025_2_02103', 'N', 574, '2026-03-19T19:35:21.733228', 'completado', NULL),
('02103', 'CÓDIGO 02103', 'BRTMPCATASNL_2025_2_02103', 'NL', 547, '2026-03-19T19:35:21.733228', 'completado', NULL),
('02103', 'CÓDIGO 02103', 'BRTMPCATASA_2025_2_02103', 'A', 105, '2026-03-19T19:35:21.733228', 'completado', NULL),
('02103', 'CÓDIGO 02103', 'BRTMPCATASAL_2025_2_02103', 'AL', 106, '2026-03-19T19:35:21.733228', 'completado', NULL);

COMMIT;
-- ══ FIN DE INGESTIÓN ══
