-- ══════════════════════════════════════════════════════════════
-- SNRI — Ingestión Catastral SII
-- Generado : 2026-03-19 16:51:48
-- Comuna(s): 11302 CÓDIGO 11302
-- Archivos :
--   BRTMPCATASN_2025_2_11302
--   BRTMPCATASNL_2025_2_11302
--   BRTMPCATASA_2025_2_11302
--   BRTMPCATASAL_2025_2_11302
-- ══════════════════════════════════════════════════════════════

SET search_path TO catastro, public;
BEGIN;

-- DDL auxiliar

-- Tabla auxiliar para suelos agrícolas (si no existe)
CREATE TABLE IF NOT EXISTS catastro.suelos_agricolas (
    id          uuid PRIMARY KEY DEFAULT gen_random_uuid(),
    rol         text NOT NULL,
    cod_suelo   text NOT NULL,
    sup_ha      numeric(12,2),
    fuente_datos text,
    created_at  timestamptz DEFAULT now(),
    CONSTRAINT fk_suelos_predio FOREIGN KEY (rol)
        REFERENCES catastro.predios(rol) ON DELETE CASCADE
);
CREATE UNIQUE INDEX IF NOT EXISTS uq_suelos_rol_cod
    ON catastro.suelos_agricolas(rol, cod_suelo);


-- ─────────────────────────────────────────────────
-- N: BRTMPCATASN_2025_2_11302  |  CÓDIGO 11302
-- 365 filas
-- ─────────────────────────────────────────────────
INSERT INTO catastro.predios (
  rol, codigo_comuna, manzana, predio, direccion,
  avaluo_total_vigente, contribucion_semestre, destino_sii,
  avaluo_total_exento, bc1_rol, bc2_rol,
  sup_terreno_m2, cod_ubicacion, rol_padre,
  serie_predio, fuente_datos
) VALUES
('11302-00001-00002','11302','00001','00002','LT 7 LADO PISTA ATERRIZAJE',296959056,1584278,'G',NULL,NULL,NULL,5000,'R',NULL,'no_agricola','SII_CSV'),
('11302-00001-00003','11302','00001','00003','LOTE 7',23463110,NULL,'W',23463110,NULL,NULL,10000,'R',NULL,'no_agricola','SII_CSV'),
('11302-00001-00005','11302','00001','00005','LOTE 11 FDO ANGELINO',21718452,115870,'V',NULL,NULL,NULL,180,'R',NULL,'no_agricola','SII_CSV'),
('11302-00001-00008','11302','00001','00008','LT 7 A PISTA ATERRIZAJE',2130704,NULL,'W',2130704,NULL,NULL,840,'R',NULL,'no_agricola','SII_CSV'),
('11302-00001-00009','11302','00001','00009','LT 14 LADO PISTA ATERRIZAJE',120909290,625184,'C',NULL,NULL,NULL,5000,'R',NULL,'no_agricola','SII_CSV'),
('11302-00001-00012','11302','00001','00012','PREDIO LA ANGELITA S/N LT 17',5157523,27518,'W',NULL,NULL,NULL,10000,'R',NULL,'no_agricola','SII_CSV'),
('11302-00001-00014','11302','00001','00014','LOTE 19 V OHIGGINS',5157523,27004,'W',NULL,NULL,NULL,10000,'R',NULL,'no_agricola','SII_CSV'),
('11302-00001-00015','11302','00001','00015','SECTOR RIO MOSCO LT 21',24382747,NULL,'H',24382747,NULL,NULL,10000,'R',NULL,'no_agricola','SII_CSV'),
('11302-00001-00016','11302','00001','00016','LOTE 23 V OHIGGINS',57924396,NULL,'H',57924396,NULL,NULL,30000,'R',NULL,'no_agricola','SII_CSV'),
('11302-00001-00017','11302','00001','00017','LOTE 22 V OHIGGINS',36776385,NULL,'H',36776385,NULL,NULL,20000,'R',NULL,'no_agricola','SII_CSV'),
('11302-00001-00018','11302','00001','00018','CARR AUSTRAL S/N LT 24',12344079,NULL,'H',12344079,NULL,NULL,10000,'R',NULL,'no_agricola','SII_CSV'),
('11302-00001-00019','11302','00001','00019','CARR AUSTRAL S/N LT 25',31530269,NULL,'H',31530269,NULL,NULL,20000,'R',NULL,'no_agricola','SII_CSV'),
('11302-00001-00020','11302','00001','00020','LT 6 -A RIO MOSCO',8323219,44404,'W',NULL,NULL,NULL,5000,'R',NULL,'no_agricola','SII_CSV'),
('11302-00001-00021','11302','00001','00021','CAM BAHIA BAHAMONDEZ LT 21 -A',8323219,44404,'W',NULL,NULL,NULL,5000,'R',NULL,'no_agricola','SII_CSV'),
('11302-00001-00022','11302','00001','00022','AERODROMO VILLA OHIGGINS',3036332225,NULL,'T',3036332225,NULL,NULL,416400,'E',NULL,'no_agricola','SII_CSV'),
('11302-00001-00024','11302','00001','00024','LOTE LAGUNA VERDE S/N',29963587,159856,'W',NULL,NULL,NULL,20000,'R',NULL,'no_agricola','SII_CSV'),
('11302-00001-00025','11302','00001','00025','CARRETERA AUSTRAL LTB',4168930,22242,'W',NULL,NULL,NULL,10104,'R',NULL,'no_agricola','SII_CSV'),
('11302-00001-00026','11302','00001','00026','PROL.LAGO CHRISTIE S/N LT 1 -H',23031062,NULL,'H',23031062,NULL,NULL,650,'U',NULL,'no_agricola','SII_CSV'),
('11302-00001-00027','11302','00001','00027','FUNDO ANGELINO',5073105,27066,'W',NULL,NULL,NULL,1600,'R',NULL,'no_agricola','SII_CSV'),
('11302-00001-00028','11302','00001','00028','TTE MERINO S/N LT 1 -K',40878636,218088,'C',NULL,NULL,NULL,3300,'R',NULL,'no_agricola','SII_CSV'),
('11302-00001-00030','11302','00001','00030','TTE MERINO S/N LT 1 -D',1984852,10590,'W',NULL,NULL,NULL,626,'R',NULL,'no_agricola','SII_CSV'),
('11302-00001-00031','11302','00001','00031','TTE MERINO S/N LT 1 -E',10170306,54260,'W',NULL,NULL,NULL,3564,'R',NULL,'no_agricola','SII_CSV'),
('11302-00001-00033','11302','00001','00033','PROL LAGO CHRISTIE S/N LT 2 -A',37758647,201444,'C',NULL,NULL,NULL,400,'R',NULL,'no_agricola','SII_CSV'),
('11302-00001-00034','11302','00001','00034','EL ANGELINO LT 2 -B',4565794,24360,'W',NULL,NULL,NULL,1600,'R',NULL,'no_agricola','SII_CSV'),
('11302-00001-00035','11302','00001','00035','LOTE 1 -G',17700352,NULL,'H',17700352,NULL,NULL,1500,'R',NULL,'no_agricola','SII_CSV'),
('11302-00001-00036','11302','00001','00036','CAM ACCESO A VILLA OHIGGINS',26381415,138120,'G',NULL,NULL,NULL,5910,'R',NULL,'no_agricola','SII_CSV'),
('11302-00001-00037','11302','00001','00037','PASAJE SIN NOMBRE',39887796,NULL,'H',39887796,NULL,NULL,400,'R',NULL,'no_agricola','SII_CSV'),
('11302-00001-00038','11302','00001','00038','PASAJE S/N S/N',10408780,55532,'Q',NULL,NULL,NULL,400,'R',NULL,'no_agricola','SII_CSV'),
('11302-00001-00039','11302','00001','00039','PASAJE SIN NOMBRE',1268276,6768,'W',NULL,NULL,NULL,400,'R',NULL,'no_agricola','SII_CSV'),
('11302-00001-00040','11302','00001','00040','FUNDO EL ANGELINO',105075509,560578,'O',NULL,NULL,NULL,12400,'R',NULL,'no_agricola','SII_CSV'),
('11302-00001-00041','11302','00001','00041','FUNDO EL ANGELINO',15853453,83002,'W',NULL,NULL,NULL,5000,'R',NULL,'no_agricola','SII_CSV'),
('11302-00001-00043','11302','00001','00043','VILLA OHIGGINS LOTE 28',131059472,699202,'G',NULL,NULL,NULL,5000,'R',NULL,'no_agricola','SII_CSV'),
('11302-00001-00044','11302','00001','00044','LT AEROPUERTO V OHIGGINS',56597887,301952,'W',NULL,NULL,NULL,40000,'R',NULL,'no_agricola','SII_CSV'),
('11302-00001-00045','11302','00001','00045','LT AEROPUERTO V OHIGGINS',29963587,159856,'W',NULL,NULL,NULL,20000,'R',NULL,'no_agricola','SII_CSV'),
('11302-00001-00046','11302','00001','00046','LT AEROPUERTO V OHIGGINS',43447201,231792,'W',NULL,NULL,NULL,30000,'R',NULL,'no_agricola','SII_CSV'),
('11302-00001-00047','11302','00001','00047','VILLA OHIGGINS',34271994,182842,'W',NULL,NULL,NULL,12010,'R',NULL,'no_agricola','SII_CSV'),
('11302-00001-00048','11302','00001','00048','CAM PUBLICO S/N',15853453,84578,'W',NULL,NULL,NULL,5000,'R',NULL,'no_agricola','SII_CSV'),
('11302-00001-00049','11302','00001','00049','CARRETERA AUSTRAL LT 10 D',15853453,84578,'W',NULL,NULL,NULL,5000,'R',NULL,'no_agricola','SII_CSV'),
('11302-00001-00050','11302','00001','00050','CARR AUSTRAL LT M- 1',4029206,NULL,'H',4029206,NULL,NULL,5000,'R',NULL,'no_agricola','SII_CSV'),
('11302-00001-00051','11302','00001','00051','VILLA OHIGGINS S/N',4508722,24054,'W',NULL,NULL,NULL,1422,'R',NULL,'no_agricola','SII_CSV'),
('11302-00001-00055','11302','00001','00055','PISTA ATERRIZAJE OHIGGINS',15853453,84578,'W',NULL,NULL,NULL,5000,'R',NULL,'no_agricola','SII_CSV'),
('11302-00001-00056','11302','00001','00056','CTRA LONG AUSTRAL S/N',3386297,18068,'W',NULL,NULL,NULL,1068,'R',NULL,'no_agricola','SII_CSV'),
('11302-00001-00058','11302','00001','00058','CAMINO AL CEMENTERIOS/N LT 26',23133599,107950,'C',NULL,NULL,NULL,3894,'R',NULL,'no_agricola','SII_CSV'),
('11302-00001-00059','11302','00001','00059','TTE MERINO LT 27 -A 1 S/N',7668057,40912,'C',NULL,NULL,NULL,1473,'R',NULL,'no_agricola','SII_CSV'),
('11302-00001-00060','11302','00001','00060','CARRETERA AUSTRAL LT 1 -K- 2',17770279,94806,'V',NULL,NULL,NULL,740,'R',NULL,'no_agricola','SII_CSV'),
('11302-00001-00061','11302','00001','00061','CARRETERA AUSTRAL LT 1 -K- 3',23287834,NULL,'H',23287834,NULL,NULL,990,'R',NULL,'no_agricola','SII_CSV'),
('11302-00001-00062','11302','00001','00062','SEC AERODROMO S/N LT 46',116044,NULL,'W',116044,NULL,NULL,225,'R',NULL,'no_agricola','SII_CSV'),
('11302-00001-00063','11302','00001','00063','CONC. COMANDO DE ING. DEL EJERCITO',3339496,NULL,'W',3339496,NULL,NULL,6475,'U',NULL,'no_agricola','SII_CSV'),
('11302-00001-00064','11302','00001','00064','CAM CEMENTERIO MUNICIPAL',8323219,44404,'W',NULL,NULL,NULL,5000,'R',NULL,'no_agricola','SII_CSV'),
('11302-00001-00065','11302','00001','00065','CAM CEMENTERIO MUNICIPAL',8323219,43578,'W',NULL,NULL,NULL,5000,'R',NULL,'no_agricola','SII_CSV'),
('11302-00001-00066','11302','00001','00066','LOTE R- 3',8323219,44404,'W',NULL,NULL,NULL,5000,'R',NULL,'no_agricola','SII_CSV'),
('11302-00001-00068','11302','00001','00068','CAM A VILLA OHIGGINS',5157523,27004,'W',NULL,NULL,NULL,10000,'R',NULL,'no_agricola','SII_CSV'),
('11302-00001-00069','11302','00001','00069','CAM A VILLA OHIGGINS',2578762,13758,'W',NULL,NULL,NULL,5000,'R',NULL,'no_agricola','SII_CSV'),
('11302-00001-00070','11302','00001','00070','CAM A VILLA OHIGGINS',2578762,13758,'W',NULL,NULL,NULL,5000,'R',NULL,'no_agricola','SII_CSV'),
('11302-00001-00071','11302','00001','00071','LAGO CHRISTIE S/N',422470216,NULL,'V',422470216,NULL,NULL,11704,'R',NULL,'no_agricola','SII_CSV'),
('11302-00001-00076','11302','00001','00076','FDO LA ANGELITA LT R- 1',16646437,88810,'W',NULL,NULL,NULL,10000,'R',NULL,'no_agricola','SII_CSV'),
('11302-00001-00077','11302','00001','00077','FDO LA ANGELITA LT R- 2',5191047,27696,'W',NULL,NULL,NULL,10065,'R',NULL,'no_agricola','SII_CSV'),
('11302-00001-00078','11302','00001','00078','LOTE R- 3',8323219,44404,'W',NULL,NULL,NULL,5000,'R',NULL,'no_agricola','SII_CSV'),
('11302-00001-00079','11302','00001','00079','FDO LA ANGELITA LT R- 4',12682762,67664,'W',NULL,NULL,NULL,5000,'R',NULL,'no_agricola','SII_CSV'),
('11302-00001-00080','11302','00001','00080','FDO LA ANGELITA LT R- 5',7525858,40152,'W',NULL,NULL,NULL,15200,'R',NULL,'no_agricola','SII_CSV'),
('11302-00001-00081','11302','00001','00081','FDO LA ANGELITA LT D-A 1',27657304,NULL,'H',27657304,NULL,NULL,20000,'R',NULL,'no_agricola','SII_CSV'),
('11302-00001-00083','11302','00001','00083','FDO LA ANGELITA LT R-A 2',2615380,13954,'W',NULL,NULL,NULL,5071,'R',NULL,'no_agricola','SII_CSV'),
('11302-00001-00084','11302','00001','00084','FDO LA ANGELITA LT R-G 1',23221780,123890,'W',NULL,NULL,NULL,15000,'R',NULL,'no_agricola','SII_CSV'),
('11302-00001-00085','11302','00001','00085','FDO LA ANGELITA LT A-D 1',7633135,39964,'W',NULL,NULL,NULL,20000,'R',NULL,'no_agricola','SII_CSV'),
('11302-00001-00086','11302','00001','00086','FDO LA ANGELITA LT N-P 1',5157523,27518,'W',NULL,NULL,NULL,10000,'R',NULL,'no_agricola','SII_CSV'),
('11302-00001-00096','11302','00001','00096','LOTE MS- 2',6682990,35654,'W',NULL,NULL,NULL,17277,'R',NULL,'no_agricola','SII_CSV'),
('11302-00001-00097','11302','00001','00097','LOTE MS- 3',6683763,35658,'W',NULL,NULL,NULL,17279,'R',NULL,'no_agricola','SII_CSV'),
('11302-00001-00100','11302','00001','00100','LOTE SS- 1',6034302,31594,'W',NULL,NULL,NULL,15000,'R',NULL,'no_agricola','SII_CSV'),
('11302-00001-00103','11302','00001','00103','LOTE RTC- 1',2063009,11006,'W',NULL,NULL,NULL,5000,'R',NULL,'no_agricola','SII_CSV'),
('11302-00001-00104','11302','00001','00104','LOTE CF- 1',2063009,11006,'W',NULL,NULL,NULL,5000,'R',NULL,'no_agricola','SII_CSV'),
('11302-00001-00105','11302','00001','00105','LOTE MF- 1',6658575,35524,'W',NULL,NULL,NULL,5000,'R',NULL,'no_agricola','SII_CSV'),
('11302-00001-00108','11302','00001','00108','LT FS- 1',2694806,14378,'W',NULL,NULL,NULL,5225,'R',NULL,'no_agricola','SII_CSV'),
('11302-00001-00112','11302','00001','00112','OHIGGINS LOTE R 3 -B',8489683,45294,'W',NULL,NULL,NULL,5100,'R',NULL,'no_agricola','SII_CSV'),
('11302-00001-00113','11302','00001','00113','OHIGGINS LOTE R 3 -C',6658575,35524,'W',NULL,NULL,NULL,5000,'R',NULL,'no_agricola','SII_CSV'),
('11302-00001-00114','11302','00001','00114','OHIGGINS LOTE R 3 -D',7490897,39964,'W',NULL,NULL,NULL,5000,'R',NULL,'no_agricola','SII_CSV'),
('11302-00050-00002','11302','00050','00002','CENTRAL HIDROELECTRICA LT A- 1',57417058,306322,'I',NULL,NULL,NULL,20000,'R',NULL,'no_agricola','SII_CSV'),
('11302-00050-00003','11302','00050','00003','LT B- 1 LAGO CHICO',5157523,27518,'W',NULL,NULL,NULL,10000,'R',NULL,'no_agricola','SII_CSV'),
('11302-00050-00004','11302','00050','00004','SERV DE PASO LT 11',12115022,63428,'W',NULL,NULL,NULL,26100,'R',NULL,'no_agricola','SII_CSV'),
('11302-00050-00005','11302','00050','00005','RIO MOSCO',5075003,26572,'W',NULL,NULL,NULL,12300,'R',NULL,'no_agricola','SII_CSV'),
('11302-00050-00006','11302','00050','00006','LOTE 14',1547257,8256,'W',NULL,NULL,NULL,30000,'R',NULL,'no_agricola','SII_CSV'),
('11302-00050-00007','11302','00050','00007','RIO MOSCO',15149627,NULL,'H',15149627,NULL,NULL,10000,'R',NULL,'no_agricola','SII_CSV'),
('11302-00050-00008','11302','00050','00008','RIO MOSCO',22240749,NULL,'H',22240749,NULL,NULL,10000,'R',NULL,'no_agricola','SII_CSV'),
('11302-00050-00009','11302','00050','00009','RIO MOSCO',5776426,30818,'W',NULL,NULL,NULL,11200,'R',NULL,'no_agricola','SII_CSV'),
('11302-00050-00010','11302','00050','00010','RIO MOSCO',5776426,30818,'W',NULL,NULL,NULL,11200,'R',NULL,'no_agricola','SII_CSV'),
('11302-00050-00011','11302','00050','00011','RIO MOSCO',6395329,34120,'W',NULL,NULL,NULL,12400,'R',NULL,'no_agricola','SII_CSV'),
('11302-00050-00012','11302','00050','00012','RIO MOSCO',4641771,24764,'W',NULL,NULL,NULL,10000,'R',NULL,'no_agricola','SII_CSV'),
('11302-00050-00013','11302','00050','00013','SEC RIO MOSCO S/N LT 45',8323219,NULL,'W',8323219,NULL,NULL,5000,'R',NULL,'no_agricola','SII_CSV'),
('11302-00050-00016','11302','00050','00016','RIO EL MOSCO LT 22',4126019,22014,'W',NULL,NULL,NULL,10000,'R',NULL,'no_agricola','SII_CSV'),
('11302-00050-00017','11302','00050','00017','RIO EL MOSCO S/N LT 23',5157523,27518,'W',NULL,NULL,NULL,10000,'R',NULL,'no_agricola','SII_CSV'),
('11302-00050-00018','11302','00050','00018','RIO MOSCO',4084758,21794,'W',NULL,NULL,NULL,8800,'R',NULL,'no_agricola','SII_CSV'),
('11302-00050-00019','11302','00050','00019','LT VEINTINUEVE - RIO MOSCO',6034302,32194,'W',NULL,NULL,NULL,15000,'R',NULL,'no_agricola','SII_CSV'),
('11302-00050-00020','11302','00050','00020','RIO MOSCO',4487045,23940,'W',NULL,NULL,NULL,8700,'R',NULL,'no_agricola','SII_CSV'),
('11302-00101-00001','11302','00101','00001','TTE MERINO LT 1 A- 1',36359155,NULL,'V',36359155,NULL,NULL,1250,'U',NULL,'no_agricola','SII_CSV'),
('11302-00101-00003','11302','00101','00003','LAGO OHIGGINS MZ 1 ST 3',37432254,NULL,'H',37432254,NULL,NULL,625,'U',NULL,'no_agricola','SII_CSV'),
('11302-00101-00004','11302','00101','00004','LAGO OHIGGINS 12',42348327,NULL,'H',42348327,NULL,NULL,1250,'U',NULL,'no_agricola','SII_CSV'),
('11302-00101-00005','11302','00101','00005','RIO MAYER MZ 1 ST 5',34011521,NULL,'H',34011521,NULL,NULL,1000,'U',NULL,'no_agricola','SII_CSV'),
('11302-00101-00006','11302','00101','00006','RIO MAYER MZ 1 ST 6',37849646,NULL,'H',37849646,NULL,NULL,1250,'U',NULL,'no_agricola','SII_CSV'),
('11302-00101-00007','11302','00101','00007','TTE MERINO S/N',61126754,326112,'G',NULL,NULL,NULL,500,'U',NULL,'no_agricola','SII_CSV'),
('11302-00101-00008','11302','00101','00008','H MERINO MZ 1 ST 8',68706665,NULL,'S',68706665,NULL,NULL,1250,'U',NULL,'no_agricola','SII_CSV'),
('11302-00101-00009','11302','00101','00009','RIO PASCUA s/n',7852735,97570,'W',NULL,NULL,NULL,250,'U',NULL,'no_agricola','SII_CSV'),
('11302-00101-00010','11302','00101','00010','MZ 1 ST 5 -B',7852735,97570,'W',NULL,NULL,NULL,250,'U',NULL,'no_agricola','SII_CSV'),
('11302-00101-00011','11302','00101','00011','LAGO OHIGGINS LT 3 A- 2',32272376,172174,'G',NULL,NULL,NULL,375,'U',NULL,'no_agricola','SII_CSV'),
('11302-00101-00012','11302','00101','00012','RIO MAYER s/n LT 7 A- 2',30914285,NULL,'H',30914285,NULL,NULL,500,'U',NULL,'no_agricola','SII_CSV'),
('11302-00101-00013','11302','00101','00013','LAGO OHIGGINS s/n',14476289,77232,'G',NULL,NULL,NULL,250,'U',NULL,'no_agricola','SII_CSV'),
('11302-00101-00014','11302','00101','00014','TTE MERINO LT 1 A- 2',51294710,NULL,'H',51294710,NULL,NULL,1250,'U',NULL,'no_agricola','SII_CSV'),
('11302-00101-00015','11302','00101','00015','RIO MAYER LOTE 7 B',18696438,NULL,'H',18696438,NULL,NULL,250,'U',NULL,'no_agricola','SII_CSV'),
('11302-00102-00001','11302','00102','00001','LAGO OHIGGINS 99',13652878,72840,'V',NULL,NULL,NULL,425,'U',NULL,'no_agricola','SII_CSV'),
('11302-00102-00002','11302','00102','00002','LAGO CHRISTIE 98',147300527,785850,'C',NULL,NULL,NULL,850,'U',NULL,'no_agricola','SII_CSV'),
('11302-00102-00004','11302','00102','00004','LAGO CHRISTE MZ 2 ST 4',30183913,NULL,'H',30183913,NULL,NULL,850,'U',NULL,'no_agricola','SII_CSV'),
('11302-00102-00005','11302','00102','00005','LAGO CHRISTE X RIO MAYER',24756312,NULL,'H',24756312,NULL,NULL,600,'U',NULL,'no_agricola','SII_CSV'),
('11302-00102-00006','11302','00102','00006','RIO MAYER 120',38840021,NULL,'H',38840021,NULL,NULL,875,'U',NULL,'no_agricola','SII_CSV'),
('11302-00102-00007','11302','00102','00007','LAGO OHIGGINS MZ 2 ST 7',53725034,NULL,'E',53725034,NULL,NULL,850,'U',NULL,'no_agricola','SII_CSV'),
('11302-00102-00008','11302','00102','00008','LAGO OHIGGINS 51',40292275,NULL,'H',40292275,NULL,NULL,850,'U',NULL,'no_agricola','SII_CSV'),
('11302-00102-00010','11302','00102','00010','RIO PASCUA S/N LT 1 -B',45885581,NULL,'H',45885581,NULL,NULL,425,'U',NULL,'no_agricola','SII_CSV'),
('11302-00103-00001','11302','00103','00001','LAGO CHRISTE',26352327,NULL,'H',26352327,NULL,NULL,875,'U',NULL,'no_agricola','SII_CSV'),
('11302-00103-00002','11302','00103','00002','RIO PASCUA MZ 3 ST 2',45271721,NULL,'V',45271721,NULL,NULL,1000,'U',NULL,'no_agricola','SII_CSV'),
('11302-00103-00003','11302','00103','00003','SEDE COMUNITARIA',57431525,NULL,'V',57431525,NULL,NULL,1000,'U',NULL,'no_agricola','SII_CSV'),
('11302-00103-00004','11302','00103','00004','RIO PASCUA 213',29204802,NULL,'H',29204802,NULL,NULL,1000,'U',NULL,'no_agricola','SII_CSV'),
('11302-00103-00005','11302','00103','00005','RIO PASCUA MZ 3 ST 5',39889920,NULL,'H',39889920,NULL,NULL,1100,'U',NULL,'no_agricola','SII_CSV'),
('11302-00103-00006','11302','00103','00006','RIO PASCUA MZ 3 ST 6',42938121,NULL,'H',42938121,NULL,NULL,880,'U',NULL,'no_agricola','SII_CSV'),
('11302-00103-00007','11302','00103','00007','RIO MAYER 298',30042054,NULL,'H',30042054,NULL,NULL,615,'U',NULL,'no_agricola','SII_CSV'),
('11302-00103-00008','11302','00103','00008','RIO MAYER 240',31911242,NULL,'H',31911242,NULL,NULL,1000,'U',NULL,'no_agricola','SII_CSV'),
('11302-00103-00009','11302','00103','00009','RIO MAYER 220',32998589,NULL,'H',32998589,NULL,NULL,1000,'U',NULL,'no_agricola','SII_CSV'),
('11302-00103-00010','11302','00103','00010','RIO MAYER 202',31169048,NULL,'H',31169048,NULL,NULL,1000,'U',NULL,'no_agricola','SII_CSV'),
('11302-00103-00011','11302','00103','00011','LAGO CHRISTIE 219 MZ 3 ST 11',26070729,NULL,'H',26070729,NULL,NULL,875,'U',NULL,'no_agricola','SII_CSV'),
('11302-00103-00012','11302','00103','00012','LAGO CHRISTE 21',29006900,NULL,'H',29006900,NULL,NULL,875,'U',NULL,'no_agricola','SII_CSV'),
('11302-00103-00013','11302','00103','00013','LAGO CHRISTE 51',26569220,NULL,'H',26569220,NULL,NULL,875,'U',NULL,'no_agricola','SII_CSV'),
('11302-00103-00014','11302','00103','00014','RIO MAYER 126',22655751,NULL,'H',22655751,NULL,NULL,318,'U',NULL,'no_agricola','SII_CSV'),
('11302-00104-00001','11302','00104','00001','LAGO OHIGGINS MZ 4 ST 1',1100967864,NULL,'E',1100967864,NULL,NULL,10000,'U',NULL,'no_agricola','SII_CSV'),
('11302-00106-00001','11302','00106','00001','LAGO CHRISTIE MZ 6 ST 1',61665358,NULL,'E',61665358,NULL,NULL,900,'U',NULL,'no_agricola','SII_CSV'),
('11302-00106-00002','11302','00106','00002','RIO BRAVO PTE ST 2 MZ 6',18296225,NULL,'H',18296225,NULL,NULL,500,'U',NULL,'no_agricola','SII_CSV'),
('11302-00106-00003','11302','00106','00003','RIO BRAVO 261',40464754,NULL,'H',40464754,NULL,NULL,1000,'U',NULL,'no_agricola','SII_CSV'),
('11302-00106-00004','11302','00106','00004','RIO BRAVO 299',19400013,NULL,'H',19400013,NULL,NULL,500,'U',NULL,'no_agricola','SII_CSV'),
('11302-00106-00005','11302','00106','00005','RIO PASCUA 298',12129182,NULL,'H',12129182,NULL,NULL,360,'U',NULL,'no_agricola','SII_CSV'),
('11302-00106-00006','11302','00106','00006','RIO PASCUA 260',39776802,NULL,'H',39776802,NULL,NULL,1000,'U',NULL,'no_agricola','SII_CSV'),
('11302-00106-00007','11302','00106','00007','RIO PASCUA MZ 6 ST 7',76808912,NULL,'V',76808912,NULL,NULL,1500,'U',NULL,'no_agricola','SII_CSV'),
('11302-00106-00008','11302','00106','00008','LAGO CHRISTE MZ 6 ST 8',41493819,NULL,'H',41493819,NULL,NULL,1050,'U',NULL,'no_agricola','SII_CSV'),
('11302-00106-00009','11302','00106','00009','LAGO CHRISTIE 121',47896601,NULL,'O',47896601,NULL,NULL,1200,'U',NULL,'no_agricola','SII_CSV'),
('11302-00106-00010','11302','00106','00010','LAGO CHRISTIE S/N ST 10 MZ 6',36728185,NULL,'W',36728185,NULL,NULL,1344,'U',NULL,'no_agricola','SII_CSV'),
('11302-00106-00012','11302','00106','00012','LAGO CISNE S/N',42126291,NULL,'H',42126291,NULL,NULL,288,'U',NULL,'no_agricola','SII_CSV'),
('11302-00106-00013','11302','00106','00013','LAGO CISNES S/N LT 5 -B',26644594,NULL,'Q',26644594,NULL,NULL,280,'U',NULL,'no_agricola','SII_CSV'),
('11302-00106-00015','11302','00106','00015','LAGO CISNE s/n LT 4 -B 2',17206654,NULL,'H',17206654,NULL,NULL,212,'U',NULL,'no_agricola','SII_CSV'),
('11302-00106-00016','11302','00106','00016','LAGO CISNE S/N',11307939,70958,'W',NULL,NULL,NULL,360,'U',NULL,'no_agricola','SII_CSV'),
('11302-00107-00001','11302','00107','00001','RIO LOS NADIS MZ 7 ST 1 GIMNASIO FISCAL',242262129,NULL,'D',242262129,NULL,NULL,3000,'U',NULL,'no_agricola','SII_CSV'),
('11302-00107-00003','11302','00107','00003','RIO LOS NADIS MZ 7 ST 2',128784857,NULL,'W',128784857,NULL,NULL,5000,'U',NULL,'no_agricola','SII_CSV'),
('11302-00107-00009','11302','00107','00009','RIO BRAVO LT 4 MZ 7',30333599,NULL,'H',30333599,NULL,NULL,500,'U',NULL,'no_agricola','SII_CSV'),
('11302-00107-00010','11302','00107','00010','RIO BRAVO MZ 7 LT 5',30333599,NULL,'H',30333599,NULL,NULL,500,'U',NULL,'no_agricola','SII_CSV'),
('11302-00107-00011','11302','00107','00011','RIO COLORADO MZ 7 LT 1',15705470,195144,'W',NULL,NULL,NULL,500,'U',NULL,'no_agricola','SII_CSV'),
('11302-00107-00012','11302','00107','00012','RIO COLORADO M 27 LT 2',23928139,NULL,'V',23928139,NULL,NULL,500,'U',NULL,'no_agricola','SII_CSV'),
('11302-00108-00001','11302','00108','00001','LAGO OHIGGINS MZ 8 ST 7',16745800,NULL,'W',16745800,NULL,NULL,544,'U',NULL,'no_agricola','SII_CSV'),
('11302-00108-00002','11302','00108','00002','LAGO BRAVO S/N',86078924,NULL,'Q',86078924,NULL,NULL,1496,'U',NULL,'no_agricola','SII_CSV'),
('11302-00108-00003','11302','00108','00003','LAGO CHRISTIE MZ 8 ST 3',27314926,145726,'G',NULL,NULL,NULL,272,'U',NULL,'no_agricola','SII_CSV'),
('11302-00108-00005','11302','00108','00005','LAGO CHRISTIE MZ 8 ST 5',31922122,NULL,'O',31922122,NULL,NULL,850,'U',NULL,'no_agricola','SII_CSV'),
('11302-00108-00006','11302','00108','00006','LAGO OHIGGINS MZ 8 ST 6',42580618,NULL,'H',42580618,NULL,NULL,577,'U',NULL,'no_agricola','SII_CSV'),
('11302-00108-00009','11302','00108','00009','LAGO OHIGGINS MZ 8 LT 5',42007236,NULL,'H',42007236,NULL,NULL,577,'U',NULL,'no_agricola','SII_CSV'),
('11302-00108-00010','11302','00108','00010','LAGO OHIGGINS MZ 8 LT 4',89061969,475148,'C',NULL,NULL,NULL,577,'U',NULL,'no_agricola','SII_CSV'),
('11302-00108-00011','11302','00108','00011','LAGO OHIGGINS MZ 8 LT 3',67097624,35516,'H',59143557,NULL,NULL,760,'U',NULL,'no_agricola','SII_CSV'),
('11302-00108-00012','11302','00108','00012','LAGO OHIGGINS S/N ST 2 MZ 8',29999553,NULL,'H',29999553,NULL,NULL,577,'U',NULL,'no_agricola','SII_CSV'),
('11302-00108-00013','11302','00108','00013','LAHO CHRISTIE 72',58421221,311680,'G',NULL,NULL,NULL,577,'U',NULL,'no_agricola','SII_CSV'),
('11302-00108-00014','11302','00108','00014','LAGO CHRISTIE MZ 8 LT 15',22091975,NULL,'H',22091975,NULL,NULL,577,'U',NULL,'no_agricola','SII_CSV'),
('11302-00108-00015','11302','00108','00015','LAGO CHRISTIE 74',15791010,NULL,'H',15791010,NULL,NULL,395,'U',NULL,'no_agricola','SII_CSV'),
('11302-00108-00016','11302','00108','00016','LAGO CHRISTIE MZ 8 LT 14',20541118,NULL,'H',20541118,NULL,NULL,577,'U',NULL,'no_agricola','SII_CSV'),
('11302-00108-00017','11302','00108','00017','LAGO CHRISTIE MZ 8 LT 12',40641760,NULL,'H',40641760,NULL,NULL,577,'U',NULL,'no_agricola','SII_CSV'),
('11302-00108-00018','11302','00108','00018','LAGO CHRISTIE MZ 8 LT 11',25551363,NULL,'H',25551363,NULL,NULL,577,'U',NULL,'no_agricola','SII_CSV'),
('11302-00108-00020','11302','00108','00020','RIO LOS NADIS',43249271,230736,'C',NULL,NULL,NULL,228,'U',NULL,'no_agricola','SII_CSV'),
('11302-00108-00021','11302','00108','00021','LAGO CHRISTIE SN LT NUEVE',52777562,281570,'C',NULL,NULL,NULL,272,'U',NULL,'no_agricola','SII_CSV'),
('11302-00109-00001','11302','00109','00001','LAGO CHRISTE 299',27962960,NULL,'H',27962960,NULL,NULL,375,'U',NULL,'no_agricola','SII_CSV'),
('11302-00109-00002','11302','00109','00002','LAGO CIERVO S/N',46382103,NULL,'H',46382103,NULL,NULL,375,'U',NULL,'no_agricola','SII_CSV'),
('11302-00109-00003','11302','00109','00003','LAGO CIERVO S/N',12789865,NULL,'H',12789865,NULL,NULL,375,'U',NULL,'no_agricola','SII_CSV'),
('11302-00109-00004','11302','00109','00004','LAGO CIERVO 256',12789865,NULL,'H',12789865,NULL,NULL,375,'U',NULL,'no_agricola','SII_CSV'),
('11302-00109-00005','11302','00109','00005','LAGO CIERVO 254',12789865,NULL,'H',12789865,NULL,NULL,375,'U',NULL,'no_agricola','SII_CSV'),
('11302-00109-00006','11302','00109','00006','LAGO CIERVO 204',64603075,24378,'H',59143557,NULL,NULL,375,'U',NULL,'no_agricola','SII_CSV'),
('11302-00109-00007','11302','00109','00007','LAGO CIERVO S/N',12789865,NULL,'H',12789865,NULL,NULL,375,'U',NULL,'no_agricola','SII_CSV'),
('11302-00109-00008','11302','00109','00008','LAGO CRHISTE 201',55872348,298080,'C',NULL,NULL,NULL,375,'U',NULL,'no_agricola','SII_CSV'),
('11302-00109-00009','11302','00109','00009','LAGO CHRISTE 203',12827768,NULL,'H',12827768,NULL,NULL,375,'U',NULL,'no_agricola','SII_CSV'),
('11302-00109-00010','11302','00109','00010','LAGO CHRISTE 255',13682705,NULL,'H',13682705,NULL,NULL,375,'U',NULL,'no_agricola','SII_CSV'),
('11302-00109-00011','11302','00109','00011','LAGO CHRISTIE ST 13 MZ 9',22062840,NULL,'H',22062840,NULL,NULL,375,'U',NULL,'no_agricola','SII_CSV'),
('11302-00109-00012','11302','00109','00012','LAGO CHRISTE 297',22845065,NULL,'H',22845065,NULL,NULL,375,'U',NULL,'no_agricola','SII_CSV'),
('11302-00111-00001','11302','00111','00001','PASAJE LAGO SALTO MZ 11 A LT 1',48393773,NULL,'H',48393773,NULL,NULL,315,'U',NULL,'no_agricola','SII_CSV'),
('11302-00111-00002','11302','00111','00002','LAGO SALTO MZ 11 A ST 2',9894446,122942,'W',NULL,NULL,NULL,315,'U',NULL,'no_agricola','SII_CSV'),
('11302-00111-00003','11302','00111','00003','LAGO SALTO 302 MZ 11 ST 3',107231400,572080,'C',NULL,NULL,NULL,315,'U',NULL,'no_agricola','SII_CSV'),
('11302-00111-00004','11302','00111','00004','LAGO SALTO MZ 11 A LT 4',21829189,NULL,'H',21829189,NULL,NULL,315,'U',NULL,'no_agricola','SII_CSV'),
('11302-00111-00005','11302','00111','00005','LAGO SALTO MZ 11 A LT 5',29801063,NULL,'H',29801063,NULL,NULL,315,'U',NULL,'no_agricola','SII_CSV'),
('11302-00111-00006','11302','00111','00006','HERNAN MERINO MZ 11 A LT 6',13698258,NULL,'H',13698258,NULL,NULL,315,'U',NULL,'no_agricola','SII_CSV'),
('11302-00111-00007','11302','00111','00007','CARRETERA AUSTRAL KM 1240 ST 7 MZ 11 A',27284913,NULL,'H',27284913,NULL,NULL,315,'U',NULL,'no_agricola','SII_CSV'),
('11302-00111-00008','11302','00111','00008','HERNAN MERINO MZ 11 A LT 8',22626807,120714,'G',NULL,NULL,NULL,315,'U',NULL,'no_agricola','SII_CSV'),
('11302-00111-00009','11302','00111','00009','HERNAN MERINO MZ 11 A LT 9',44815555,239092,'G',NULL,NULL,NULL,315,'U',NULL,'no_agricola','SII_CSV'),
('11302-00111-00010','11302','00111','00010','HERNAN MERINO MZ 11 A LT 10',13741784,NULL,'H',13741784,NULL,NULL,315,'U',NULL,'no_agricola','SII_CSV'),
('11302-00112-00001','11302','00112','00001','LAGO OHIGGINS MZ 11 B LT 1',39170552,208976,'C',NULL,NULL,NULL,315,'U',NULL,'no_agricola','SII_CSV'),
('11302-00112-00002','11302','00112','00002','LAGO OHIGGINS MZ 11 B LT 2',16523676,NULL,'H',16523676,NULL,NULL,315,'U',NULL,'no_agricola','SII_CSV'),
('11302-00112-00003','11302','00112','00003','LAGO OHIGGINS MZ 11 B LT 3',35651552,190202,'C',NULL,NULL,NULL,315,'U',NULL,'no_agricola','SII_CSV'),
('11302-00112-00004','11302','00112','00004','LAGO CHRISTIE S/N',13775775,NULL,'H',13775775,NULL,NULL,315,'U',NULL,'no_agricola','SII_CSV'),
('11302-00112-00005','11302','00112','00005','LAGO OHIGGINS MZ 11 B LT 5',9894446,122942,'W',NULL,NULL,NULL,315,'U',NULL,'no_agricola','SII_CSV'),
('11302-00112-00006','11302','00112','00006','LAGO SALTO MZ 11 B LT 6',23582492,NULL,'H',23582492,NULL,NULL,315,'U',NULL,'no_agricola','SII_CSV'),
('11302-00112-00007','11302','00112','00007','LAGO SALTO MZ 11 B LT 7',13263655,NULL,'H',13263655,NULL,NULL,315,'U',NULL,'no_agricola','SII_CSV'),
('11302-00112-00008','11302','00112','00008','LAGO SALTO MZ 11 B LT 8',19625327,NULL,'H',19625327,NULL,NULL,315,'U',NULL,'no_agricola','SII_CSV'),
('11302-00112-00009','11302','00112','00009','LAGO SALTO MZ 11 B LT 9',82768861,441572,'G',NULL,NULL,NULL,315,'U',NULL,'no_agricola','SII_CSV'),
('11302-00112-00010','11302','00112','00010','LAGO SALTO ESQ RIO MOSCO',35450007,189128,'G',NULL,NULL,NULL,315,'U',NULL,'no_agricola','SII_CSV'),
('11302-00113-00001','11302','00113','00001','LAGO CHRISTE MZ 12 LT 1',19365246,NULL,'H',19365246,NULL,NULL,376,'U',NULL,'no_agricola','SII_CSV'),
('11302-00113-00002','11302','00113','00002','LAGO CHRISTE MZ 12 LT 2',17580390,NULL,'W',17580390,NULL,NULL,577,'U',NULL,'no_agricola','SII_CSV'),
('11302-00113-00003','11302','00113','00003','LAGO CHRISTE MZ 12 LT 3',20591389,NULL,'H',20591389,NULL,NULL,289,'U',NULL,'no_agricola','SII_CSV'),
('11302-00113-00004','11302','00113','00004','LAGO OHIGGINS MZ 12 LT 4',39027455,NULL,'H',39027455,NULL,NULL,577,'U',NULL,'no_agricola','SII_CSV'),
('11302-00113-00005','11302','00113','00005','LAGO OHIGGINS MZ 12 LT 5',47287974,252282,'C',NULL,NULL,NULL,577,'U',NULL,'no_agricola','SII_CSV'),
('11302-00113-00006','11302','00113','00006','LAGO OHIGGINS MZ 12 LT 6',43753431,233426,'G',NULL,NULL,NULL,577,'U',NULL,'no_agricola','SII_CSV'),
('11302-00113-00007','11302','00113','00007','LAGO CHRISTIE S/N LT B',40555456,NULL,'H',40555456,NULL,NULL,289,'U',NULL,'no_agricola','SII_CSV'),
('11302-00114-00001','11302','00114','00001','LAGO CIERVO MZ 13 LT 1',79987320,426732,'V',NULL,NULL,NULL,684,'U',NULL,'no_agricola','SII_CSV'),
('11302-00114-00003','11302','00114','00003','LAGO CIERVO MZ 13 LT 3',18094686,NULL,'H',18094686,NULL,NULL,342,'U',NULL,'no_agricola','SII_CSV'),
('11302-00114-00004','11302','00114','00004','LAGO CHRISTE MZ 13 LT 4',13699485,NULL,'H',13699485,NULL,NULL,342,'U',NULL,'no_agricola','SII_CSV'),
('11302-00114-00005','11302','00114','00005','LAGO CHRISTE MZ 13 LT 5',13699485,NULL,'H',13699485,NULL,NULL,342,'U',NULL,'no_agricola','SII_CSV'),
('11302-00114-00006','11302','00114','00006','LAGO CHRISTE MZ 13 LT 6',13699485,NULL,'H',13699485,NULL,NULL,342,'U',NULL,'no_agricola','SII_CSV'),
('11302-00114-00007','11302','00114','00007','LAGO CISNES MZ 14 LT 1',23363766,NULL,'H',23363766,NULL,NULL,304,'U',NULL,'no_agricola','SII_CSV'),
('11302-00114-00008','11302','00114','00008','LAGO CISNES MZ 14 LT 2',9548926,118646,'W',NULL,NULL,NULL,304,'U',NULL,'no_agricola','SII_CSV'),
('11302-00114-00009','11302','00114','00009','LAGO CISNES MZ 14 LT 3',12349742,NULL,'H',12349742,NULL,NULL,304,'U',NULL,'no_agricola','SII_CSV'),
('11302-00114-00010','11302','00114','00010','LAGO CIERVO MZ 14 LT 4',16983391,NULL,'H',16983391,NULL,NULL,304,'U',NULL,'no_agricola','SII_CSV'),
('11302-00114-00011','11302','00114','00011','LAGO CIERVO MZ 14 LT 5',10717510,NULL,'H',10717510,NULL,NULL,304,'U',NULL,'no_agricola','SII_CSV'),
('11302-00114-00012','11302','00114','00012','LAGO CIERVO MZ 14 LT 6',17024079,NULL,'H',17024079,NULL,NULL,304,'U',NULL,'no_agricola','SII_CSV'),
('11302-00115-00001','11302','00115','00001','LAGO CISNES MZ 15 ST 1',17277671,NULL,'H',17277671,NULL,NULL,355,'U',NULL,'no_agricola','SII_CSV'),
('11302-00115-00002','11302','00115','00002','LAGO CISNES MZ 15 ST 2',14528896,NULL,'H',14528896,NULL,NULL,355,'U',NULL,'no_agricola','SII_CSV'),
('11302-00115-00003','11302','00115','00003','LAGO CISNES MZ 15 ST 3',15881994,NULL,'H',15881994,NULL,NULL,355,'U',NULL,'no_agricola','SII_CSV'),
('11302-00115-00004','11302','00115','00004','LAGO CISNES MZ 15 ST 4',14107827,NULL,'H',14107827,NULL,NULL,355,'U',NULL,'no_agricola','SII_CSV'),
('11302-00115-00005','11302','00115','00005','LAGO CISNES MZ 15 ST 5',24492611,NULL,'H',24492611,NULL,NULL,355,'U',NULL,'no_agricola','SII_CSV'),
('11302-00115-00006','11302','00115','00006','LAGO CISNES MZ 15 ST 6',22051361,NULL,'H',22051361,NULL,NULL,355,'U',NULL,'no_agricola','SII_CSV'),
('11302-00115-00007','11302','00115','00007','LAGO CISNES MZ 15 ST 7',20024036,NULL,'H',20024036,NULL,NULL,393,'U',NULL,'no_agricola','SII_CSV'),
('11302-00115-00008','11302','00115','00008','LAGO CISNES MZ 15 ST 8',18590510,NULL,'H',18590510,NULL,NULL,393,'U',NULL,'no_agricola','SII_CSV'),
('11302-00115-00009','11302','00115','00009','CISNE ESQ RIO BRAVO S/N',47971006,NULL,'H',47971006,NULL,NULL,393,'U',NULL,'no_agricola','SII_CSV'),
('11302-00116-00001','11302','00116','00001','LAGO CISNES MZ 10 ST 1',17295486,NULL,'H',17295486,NULL,NULL,400,'U',NULL,'no_agricola','SII_CSV'),
('11302-00116-00002','11302','00116','00002','LAGO CISNES MZ 10 ST 2',14070412,NULL,'H',14070412,NULL,NULL,400,'U',NULL,'no_agricola','SII_CSV'),
('11302-00116-00003','11302','00116','00003','LAGO CISNES MZ 10 ST 3',17295486,NULL,'H',17295486,NULL,NULL,400,'U',NULL,'no_agricola','SII_CSV'),
('11302-00116-00004','11302','00116','00004','LAGO CISNES MZ 10 ST 4',19830414,NULL,'H',19830414,NULL,NULL,400,'U',NULL,'no_agricola','SII_CSV'),
('11302-00116-00005','11302','00116','00005','LAGO CISNES MZ 10 ST 5',21052932,NULL,'H',21052932,NULL,NULL,400,'U',NULL,'no_agricola','SII_CSV'),
('11302-00116-00006','11302','00116','00006','LAGO CIERVO MZ 10 ST 6',22736262,NULL,'H',22736262,NULL,NULL,400,'U',NULL,'no_agricola','SII_CSV'),
('11302-00116-00007','11302','00116','00007','LAGO CIERVO MZ 10 ST 7',15521319,NULL,'H',15521319,NULL,NULL,400,'U',NULL,'no_agricola','SII_CSV'),
('11302-00116-00008','11302','00116','00008','LAGO CIERVO MZ 10 ST 8',43596484,NULL,'H',43596484,NULL,NULL,400,'U',NULL,'no_agricola','SII_CSV'),
('11302-00116-00009','11302','00116','00009','LAGO CIERVO MZ 10 ST 9',20384899,NULL,'H',20384899,NULL,NULL,400,'U',NULL,'no_agricola','SII_CSV'),
('11302-00116-00010','11302','00116','00010','LAGO CIERVO MZ 10 ST 10',16662462,NULL,'H',16662462,NULL,NULL,400,'U',NULL,'no_agricola','SII_CSV'),
('11302-00117-00001','11302','00117','00001','RIO MOSCO S/N',22547260,NULL,'H',22547260,NULL,NULL,2205,'U',NULL,'no_agricola','SII_CSV'),
('11302-00120-00001','11302','00120','00001','PJE DOMINGO SEPUL S/N',13131718,NULL,'H',13131718,NULL,NULL,160,'U',NULL,'no_agricola','SII_CSV'),
('11302-00120-00002','11302','00120','00002','PJ DOMINGO SEPULVEDA',49422741,NULL,'H',49422741,NULL,NULL,160,'U',NULL,'no_agricola','SII_CSV'),
('11302-00120-00003','11302','00120','00003','PJ DOMINGO SEPULVEDAS/N',12507808,NULL,'H',12507808,NULL,NULL,160,'U',NULL,'no_agricola','SII_CSV'),
('11302-00120-00004','11302','00120','00004','PJ DOMINGO SEPULVEDAS/N',10527367,NULL,'H',10527367,NULL,NULL,160,'U',NULL,'no_agricola','SII_CSV'),
('11302-00120-00005','11302','00120','00005','PJ DOMINGO SEPULVEDAS/N',15591894,NULL,'H',15591894,NULL,NULL,160,'U',NULL,'no_agricola','SII_CSV'),
('11302-00120-00006','11302','00120','00006','PJ DOMINGO SEPULVEDAS/N',30731445,NULL,'H',30731445,NULL,NULL,160,'U',NULL,'no_agricola','SII_CSV'),
('11302-00120-00007','11302','00120','00007','PJ DOMINGO SEPULVEDAS/N',12507808,NULL,'H',12507808,NULL,NULL,160,'U',NULL,'no_agricola','SII_CSV'),
('11302-00120-00008','11302','00120','00008','PJ DOMINGO SEPULVEDAS/N',12507808,NULL,'H',12507808,NULL,NULL,160,'U',NULL,'no_agricola','SII_CSV'),
('11302-00120-00009','11302','00120','00009','CALLE 01 NORTE s/n',17925257,NULL,'H',17925257,NULL,NULL,244,'U',NULL,'no_agricola','SII_CSV'),
('11302-00120-00010','11302','00120','00010','CALLE 01 NORTE s/n',17925257,NULL,'H',17925257,NULL,NULL,244,'U',NULL,'no_agricola','SII_CSV'),
('11302-00120-00011','11302','00120','00011','CALLE 01 NORTE s/n',17925257,NULL,'H',17925257,NULL,NULL,244,'U',NULL,'no_agricola','SII_CSV'),
('11302-00120-00012','11302','00120','00012','CALLE 01 NORTE',17925257,NULL,'H',17925257,NULL,NULL,244,'U',NULL,'no_agricola','SII_CSV'),
('11302-00120-00013','11302','00120','00013','CALLE 01 NORTE s/n',21710145,NULL,'H',21710145,NULL,NULL,244,'U',NULL,'no_agricola','SII_CSV'),
('11302-00120-00014','11302','00120','00014','CALLE 01 NORTE s/n',17925257,NULL,'H',17925257,NULL,NULL,244,'U',NULL,'no_agricola','SII_CSV'),
('11302-00121-00001','11302','00121','00001','LAGO CHRISTIE S/N',10527367,NULL,'H',10527367,NULL,NULL,160,'U',NULL,'no_agricola','SII_CSV'),
('11302-00121-00002','11302','00121','00002','LAGO CHRISTIE S/N',10527367,NULL,'H',10527367,NULL,NULL,160,'U',NULL,'no_agricola','SII_CSV'),
('11302-00121-00003','11302','00121','00003','LAGO CHRISTIE S/N',10527367,NULL,'H',10527367,NULL,NULL,160,'U',NULL,'no_agricola','SII_CSV'),
('11302-00121-00004','11302','00121','00004','PJ ADELAIDA VARGAS S/N',10527367,NULL,'H',10527367,NULL,NULL,160,'U',NULL,'no_agricola','SII_CSV'),
('11302-00121-00005','11302','00121','00005','ADELAIDA VARGAS S/N',12660150,NULL,'H',12660150,NULL,NULL,160,'U',NULL,'no_agricola','SII_CSV'),
('11302-00121-00006','11302','00121','00006','PJ ADELAIDA VARGAS S/N',12507808,NULL,'H',12507808,NULL,NULL,160,'U',NULL,'no_agricola','SII_CSV'),
('11302-00121-00007','11302','00121','00007','LAGO CHRISTIE 470',14186525,NULL,'H',14186525,NULL,NULL,180,'U',NULL,'no_agricola','SII_CSV'),
('11302-00121-00008','11302','00121','00008','LAGO CHRISTIE 484',14186525,NULL,'H',14186525,NULL,NULL,180,'U',NULL,'no_agricola','SII_CSV'),
('11302-00121-00010','11302','00121','00010','PJE ADELAIDA VARGAS 496',20328203,NULL,'H',20328203,NULL,NULL,181,'U',NULL,'no_agricola','SII_CSV'),
('11302-00121-00011','11302','00121','00011','PJE ADELAIDA VARGAS 480',14239265,NULL,'H',14239265,NULL,NULL,181,'U',NULL,'no_agricola','SII_CSV'),
('11302-00121-00012','11302','00121','00012','PJ ADELAIDA VARGAS 464',22187529,NULL,'H',22187529,NULL,NULL,181,'U',NULL,'no_agricola','SII_CSV'),
('11302-00122-00001','11302','00122','00001','PJ ADELAIDA VARGAS S/N',10527367,NULL,'H',10527367,NULL,NULL,160,'U',NULL,'no_agricola','SII_CSV'),
('11302-00122-00002','11302','00122','00002','PJDORALIZA CID S/N',19232608,NULL,'H',19232608,NULL,NULL,160,'U',NULL,'no_agricola','SII_CSV'),
('11302-00122-00003','11302','00122','00003','PJE ADELAIDA VARGAS 465',14239265,NULL,'H',14239265,NULL,NULL,181,'U',NULL,'no_agricola','SII_CSV'),
('11302-00122-00004','11302','00122','00004','PJE ADELAIDA VARGAS 481',16256610,NULL,'H',16256610,NULL,NULL,181,'U',NULL,'no_agricola','SII_CSV'),
('11302-00122-00005','11302','00122','00005','PJE ADELAIDA VARGAS 497',14996242,NULL,'H',14996242,NULL,NULL,181,'U',NULL,'no_agricola','SII_CSV'),
('11302-00122-00006','11302','00122','00006','PASAJE DORALIZA CID 490',14239265,NULL,'H',14239265,NULL,NULL,181,'U',NULL,'no_agricola','SII_CSV'),
('11302-00122-00007','11302','00122','00007','PASAJE DORALIZA CID 481',14239265,NULL,'H',14239265,NULL,NULL,181,'U',NULL,'no_agricola','SII_CSV'),
('11302-00122-00008','11302','00122','00008','PASAJE DORALIZA CID 472',17727038,NULL,'H',17727038,NULL,NULL,181,'U',NULL,'no_agricola','SII_CSV'),
('11302-00123-00001','11302','00123','00001','PJ DORALIZA CID S/N',10527367,NULL,'H',10527367,NULL,NULL,160,'U',NULL,'no_agricola','SII_CSV'),
('11302-00123-00002','11302','00123','00002','PJ DORALIZA CID S/N',10527367,NULL,'H',10527367,NULL,NULL,160,'U',NULL,'no_agricola','SII_CSV'),
('11302-00123-00003','11302','00123','00003','PJ DORALIZA CID S/N',19049954,NULL,'H',19049954,NULL,NULL,160,'U',NULL,'no_agricola','SII_CSV'),
('11302-00123-00004','11302','00123','00004','PJ DORALIZA CID S/N',12812111,NULL,'H',12812111,NULL,NULL,160,'U',NULL,'no_agricola','SII_CSV'),
('11302-00123-00005','11302','00123','00005','PJ DORALISA CID S/N MZ D LT 05',13888695,NULL,'H',13888695,NULL,NULL,160,'U',NULL,'no_agricola','SII_CSV'),
('11302-00123-00006','11302','00123','00006','PJ DORALISA CID S/N MZ D LT 06',18378519,NULL,'H',18378519,NULL,NULL,160,'U',NULL,'no_agricola','SII_CSV'),
('11302-00124-00001','11302','00124','00001','CALLE 03 ESTE s/n',16650522,NULL,'H',16650522,NULL,NULL,247,'U',NULL,'no_agricola','SII_CSV'),
('11302-00124-00002','11302','00124','00002','CALLE 03 ESTE s/n',18109849,NULL,'H',18109849,NULL,NULL,250,'U',NULL,'no_agricola','SII_CSV'),
('11302-00124-00003','11302','00124','00003','CALLE 03 ESTE s/n',21222577,NULL,'H',21222577,NULL,NULL,248,'U',NULL,'no_agricola','SII_CSV'),
('11302-00124-00004','11302','00124','00004','CALLE 03 ESTE s/n',17925257,NULL,'H',17925257,NULL,NULL,244,'U',NULL,'no_agricola','SII_CSV'),
('11302-00124-00005','11302','00124','00005','CALLE 03 ESTE',17767036,NULL,'H',17767036,NULL,NULL,241,'U',NULL,'no_agricola','SII_CSV'),
('11302-00124-00006','11302','00124','00006','CALLE 03 ESTE s/n',17925257,NULL,'H',17925257,NULL,NULL,244,'U',NULL,'no_agricola','SII_CSV'),
('11302-00125-00001','11302','00125','00001','CALLE 01 NORTE s/n',43748858,NULL,'H',43748858,NULL,NULL,251,'U',NULL,'no_agricola','SII_CSV'),
('11302-00125-00002','11302','00125','00002','CALLE 01 NORTE s/n',17925257,NULL,'H',17925257,NULL,NULL,244,'U',NULL,'no_agricola','SII_CSV'),
('11302-00125-00003','11302','00125','00003','CALLE 01 NORTE s/n',17925257,NULL,'H',17925257,NULL,NULL,244,'U',NULL,'no_agricola','SII_CSV'),
('11302-00125-00004','11302','00125','00004','CALLE 01 NORTE s/n',17925257,NULL,'H',17925257,NULL,NULL,244,'U',NULL,'no_agricola','SII_CSV'),
('11302-00125-00005','11302','00125','00005','CALLE 01 NORTE s/n',22514433,NULL,'H',22514433,NULL,NULL,244,'U',NULL,'no_agricola','SII_CSV'),
('11302-00125-00006','11302','00125','00006','CALLE 02 SUR',62397689,14260,'H',59143557,NULL,NULL,244,'U',NULL,'no_agricola','SII_CSV'),
('11302-00125-00007','11302','00125','00007','CALLE 02 SUR s/n',17925257,NULL,'H',17925257,NULL,NULL,244,'U',NULL,'no_agricola','SII_CSV'),
('11302-00125-00008','11302','00125','00008','CALLE 02 SUR s/n',17925257,NULL,'H',17925257,NULL,NULL,244,'U',NULL,'no_agricola','SII_CSV'),
('11302-00125-00009','11302','00125','00009','CALLE 02 SUR s/n',30226143,NULL,'H',30226143,NULL,NULL,244,'U',NULL,'no_agricola','SII_CSV'),
('11302-00125-00010','11302','00125','00010','CALLE 02 SUR s/n',17608815,NULL,'H',17608815,NULL,NULL,238,'U',NULL,'no_agricola','SII_CSV'),
('11302-00126-00001','11302','00126','00001','CALLE NUEVA 1',61697445,11404,'H',59143557,NULL,NULL,567,'R',NULL,'no_agricola','SII_CSV'),
('11302-00127-00001','11302','00127','00001','CALLE NUEVA 2',3189715,17018,'W',NULL,NULL,NULL,1006,'R',NULL,'no_agricola','SII_CSV'),
('11302-00127-00002','11302','00127','00002','CALLE NUEVA 2',1344373,7172,'W',NULL,NULL,NULL,424,'R',NULL,'no_agricola','SII_CSV'),
('11302-00127-00004','11302','00127','00004','CALLE NUEVA 2 LT 32',25005033,133402,'C',NULL,NULL,NULL,428,'R',NULL,'no_agricola','SII_CSV'),
('11302-00127-00005','11302','00127','00005','CALLE NUEVA 2',1268276,6768,'W',NULL,NULL,NULL,400,'R',NULL,'no_agricola','SII_CSV'),
('11302-00127-00006','11302','00127','00006','CALLE NUEVA 2',62783004,334948,'G',NULL,NULL,NULL,800,'R',NULL,'no_agricola','SII_CSV'),
('11302-00128-00001','11302','00128','00001','CALLE NUEVA 2 LT 33',70644904,376892,'C',NULL,NULL,NULL,782,'R',NULL,'no_agricola','SII_CSV'),
('11302-00128-00002','11302','00128','00002','CALLE NUEVA 2',2263873,12080,'W',NULL,NULL,NULL,714,'R',NULL,'no_agricola','SII_CSV'),
('11302-00129-00001','11302','00129','00001','ALEJANDRO PEREZ LOTE 1 MZ B',21902735,NULL,'H',21902735,NULL,NULL,200,'U',NULL,'no_agricola','SII_CSV'),
('11302-00129-00002','11302','00129','00002','ALEJANDRO PEREZ LOTE 2 MZ B',21902735,NULL,'H',21902735,NULL,NULL,200,'U',NULL,'no_agricola','SII_CSV'),
('11302-00129-00003','11302','00129','00003','ALEJANDRO PEREZ LOTE 3 MZ B',21902735,NULL,'H',21902735,NULL,NULL,200,'U',NULL,'no_agricola','SII_CSV'),
('11302-00129-00004','11302','00129','00004','ALEJANDRO PEREZ LOTE 4 MZ B',21902735,NULL,'H',21902735,NULL,NULL,200,'U',NULL,'no_agricola','SII_CSV'),
('11302-00129-00005','11302','00129','00005','ALEJANDRO PEREZ LOTE 5 MZ B',22113697,NULL,'H',22113697,NULL,NULL,204,'U',NULL,'no_agricola','SII_CSV'),
('11302-00129-00006','11302','00129','00006','BALDOBINO TORRES LOTE 6 MZ B',21902735,NULL,'H',21902735,NULL,NULL,200,'U',NULL,'no_agricola','SII_CSV'),
('11302-00129-00007','11302','00129','00007','BALDOVINO TORRES LOTE 7 MZ B',21902735,NULL,'H',21902735,NULL,NULL,200,'U',NULL,'no_agricola','SII_CSV'),
('11302-00129-00008','11302','00129','00008','BALDOVINO TORRES LOTE 8 MZ B',21902735,NULL,'H',21902735,NULL,NULL,200,'U',NULL,'no_agricola','SII_CSV'),
('11302-00129-00009','11302','00129','00009','BALDOVINO TORRES LOTE 9 MZ B',22060956,NULL,'H',22060956,NULL,NULL,203,'U',NULL,'no_agricola','SII_CSV'),
('11302-00129-00010','11302','00129','00010','BALDOVINO TORRES LOTE 10 MZ B',22060956,NULL,'H',22060956,NULL,NULL,203,'U',NULL,'no_agricola','SII_CSV'),
('11302-00130-00001','11302','00130','00001','NUEVA LAGO CIERVO LOTE 1 MZ A',21691774,NULL,'H',21691774,NULL,NULL,196,'U',NULL,'no_agricola','SII_CSV'),
('11302-00130-00002','11302','00130','00002','NUEVA LAGO CIERVO LOTE 2 MZ A',21902735,NULL,'H',21902735,NULL,NULL,200,'U',NULL,'no_agricola','SII_CSV'),
('11302-00130-00003','11302','00130','00003','NUEVA LAGO CIERVO LOTE 3 MZ A',21902735,NULL,'H',21902735,NULL,NULL,200,'U',NULL,'no_agricola','SII_CSV'),
('11302-00130-00005','11302','00130','00005','NUEVA LAGO CIERVO LOTE 5 MZ A',21902735,NULL,'H',21902735,NULL,NULL,200,'U',NULL,'no_agricola','SII_CSV'),
('11302-00130-00006','11302','00130','00006','NUEVA LAGO CIERVO LOTE 6 MZ A',21902735,NULL,'H',21902735,NULL,NULL,200,'U',NULL,'no_agricola','SII_CSV'),
('11302-00130-00007','11302','00130','00007','ALEJANDRO PEREZ LOTE 7 MZ A',21902735,NULL,'H',21902735,NULL,NULL,200,'U',NULL,'no_agricola','SII_CSV'),
('11302-00130-00008','11302','00130','00008','ALEJANDRO PEREZ LOTE 8 MZ A',21902735,NULL,'H',21902735,NULL,NULL,200,'U',NULL,'no_agricola','SII_CSV'),
('11302-00130-00009','11302','00130','00009','ALEJANDRO PEREZ LOTE 9 MZ A',21902735,NULL,'H',21902735,NULL,NULL,200,'U',NULL,'no_agricola','SII_CSV'),
('11302-00130-00010','11302','00130','00010','ALEJANDRO PEREZ LOTE 10 MZ A',21902735,NULL,'H',21902735,NULL,NULL,200,'U',NULL,'no_agricola','SII_CSV'),
('11302-00130-00011','11302','00130','00011','ALEJANDRO PEREZ LOTE 11 MZ A',21902735,NULL,'H',21902735,NULL,NULL,200,'U',NULL,'no_agricola','SII_CSV'),
('11302-00130-00012','11302','00130','00012','ALEJANDRO PEREZ LOTE 12 MZ A',21691774,NULL,'H',21691774,NULL,NULL,196,'U',NULL,'no_agricola','SII_CSV'),
('11302-00221-00001','11302','00221','00001','RETEN RIO MAYER',51475799,NULL,'P',51475799,NULL,NULL,73100,'R',NULL,'no_agricola','SII_CSV'),
('11302-00221-00076','11302','00221','00076','LOTE 5 PREDIO LA ANGELITA',93902321,500970,'G',NULL,NULL,NULL,5000,'R',NULL,'no_agricola','SII_CSV'),
('11302-00221-00077','11302','00221','00077','LOTE 6 PREDIO LA ANGELITA',64312539,23080,'H',59143557,NULL,NULL,35000,'R',NULL,'no_agricola','SII_CSV'),
('11302-00221-00078','11302','00221','00078','LOTE O CHACRA NUMERO DOS',29050110,NULL,'H',29050110,NULL,NULL,10000,'R',NULL,'no_agricola','SII_CSV'),
('11302-00221-00079','11302','00221','00079','CHACRA 3',26312789,NULL,'H',26312789,NULL,NULL,5000,'R',NULL,'no_agricola','SII_CSV'),
('11302-00221-00082','11302','00221','00082','SECTOR RIO MOSCO 6',16979366,NULL,'W',16979366,NULL,NULL,10200,'R',NULL,'no_agricola','SII_CSV'),
('11302-00221-00128','11302','00221','00128','RIO MOSCO LT 8',5157523,27518,'W',NULL,NULL,NULL,10000,'R',NULL,'no_agricola','SII_CSV'),
('11302-00221-00138','11302','00221','00138','SECTOR RIO MOSCO',47242589,NULL,'W',47242589,NULL,NULL,33000,'R',NULL,'no_agricola','SII_CSV'),
('11302-00221-00140','11302','00221','00140','RIO MOSCO',4641771,24764,'W',NULL,NULL,NULL,10000,'R',NULL,'no_agricola','SII_CSV'),
('11302-00221-00159','11302','00221','00159','CAM PUBLICO LT 3 A',9489843,NULL,'W',9489843,NULL,NULL,20000,'R',NULL,'no_agricola','SII_CSV'),
('11302-00221-00166','11302','00221','00166','SECTOR RIO MOSCO',7640715,40764,'W',NULL,NULL,NULL,5100,'R',NULL,'no_agricola','SII_CSV'),
('11302-00221-00192','11302','00221','00192','CHACRA 3',8323219,44404,'W',NULL,NULL,NULL,5000,'R',NULL,'no_agricola','SII_CSV'),
('11302-00221-00195','11302','00221','00195','SECTOR RIO MOSCO',13317150,71048,'W',NULL,NULL,NULL,10000,'R',NULL,'no_agricola','SII_CSV'),
('11302-00221-00197','11302','00221','00197','RIO MOSCO',4641771,24764,'W',NULL,NULL,NULL,10000,'R',NULL,'no_agricola','SII_CSV'),
('11302-00221-00202','11302','00221','00202','RIO MOSCO SN LT 27 B',5157523,27518,'W',NULL,NULL,NULL,10000,'R',NULL,'no_agricola','SII_CSV'),
('11302-00221-00203','11302','00221','00203','RIO MOSCO SN LT 27 C',5157523,27518,'W',NULL,NULL,NULL,10000,'R',NULL,'no_agricola','SII_CSV'),
('11302-00221-00207','11302','00221','00207','SECTOR AERODROMO',8789319,46892,'W',NULL,NULL,NULL,6600,'R',NULL,'no_agricola','SII_CSV'),
('11302-00221-00208','11302','00221','00208','LOTE H',8669465,46252,'W',NULL,NULL,NULL,6510,'R',NULL,'no_agricola','SII_CSV'),
('11302-00221-00209','11302','00221','00209','SECTOR AERODROMO',20768658,NULL,'H',20768658,NULL,NULL,6110,'R',NULL,'no_agricola','SII_CSV'),
('11302-00221-00210','11302','00221','00210','SECTOR AERODROMO',10170973,54264,'W',NULL,NULL,NULL,6110,'R',NULL,'no_agricola','SII_CSV'),
('11302-00221-00211','11302','00221','00211','SECTOR AERODROMO',8331542,44450,'W',NULL,NULL,NULL,5005,'R',NULL,'no_agricola','SII_CSV'),
('11302-00221-00212','11302','00221','00212','SECTOR AERODROMO LT L',8331542,44450,'W',NULL,NULL,NULL,5005,'R',NULL,'no_agricola','SII_CSV'),
('11302-00221-00213','11302','00221','00213','LOTE LL SECTOR AERODROMO',6767776,36106,'W',NULL,NULL,NULL,5082,'R',NULL,'no_agricola','SII_CSV'),
('11302-00221-00217','11302','00221','00217','SECTOR AERODROMO LT O',9588348,50200,'W',NULL,NULL,NULL,5760,'R',NULL,'no_agricola','SII_CSV'),
('11302-00221-00220','11302','00221','00220','SECTOR AERODROMO',11344547,60524,'W',NULL,NULL,NULL,6815,'R',NULL,'no_agricola','SII_CSV'),
('11302-00221-00221','11302','00221','00221','SECTOR AERODROMO SN LT S',11344547,60524,'W',NULL,NULL,NULL,6815,'R',NULL,'no_agricola','SII_CSV'),
('11302-00221-00228','11302','00221','00228','FUNDO LA ANGELITA LOTE 48',25460645,113594,'W',NULL,NULL,NULL,11000,'R',NULL,'no_agricola','SII_CSV'),
('11302-00221-00229','11302','00221','00229','FUNDO LA ANGELITA LOTE 49',3197664,17060,'W',NULL,NULL,NULL,6200,'R',NULL,'no_agricola','SII_CSV'),
('11302-00221-00230','11302','00221','00230','RIO MOSCO LOTE 1 -DA',9489843,50628,'W',NULL,NULL,NULL,20000,'R',NULL,'no_agricola','SII_CSV'),
('11302-00221-00233','11302','00221','00233','LAGO CHRISTI',8629568,45182,'W',NULL,NULL,NULL,17800,'R',NULL,'no_agricola','SII_CSV'),
('11302-00221-00236','11302','00221','00236','CAM.PASO FRONTERIZO MAYER LT CR- 1',7504196,40036,'W',NULL,NULL,NULL,15000,'R',NULL,'no_agricola','SII_CSV'),
('11302-00221-00237','11302','00221','00237','SECTOR CHACRAS CONCESION I. MUNICIP',38812833,NULL,'W',38812833,NULL,NULL,26800,'R',NULL,'no_agricola','SII_CSV'),
('11302-00221-00238','11302','00221','00238','CARRETERA AUSTRAL LOTE SB- 1',4126019,22014,'W',NULL,NULL,NULL,10000,'R',NULL,'no_agricola','SII_CSV'),
('11302-00221-00239','11302','00221','00239','CARRETERA AUSTRAL LOTE SB- 2',4126019,22014,'W',NULL,NULL,NULL,10000,'R',NULL,'no_agricola','SII_CSV'),
('11302-00221-00241','11302','00221','00241','RIO MOSCO-ARRIENDO LT D- 2',6658575,35524,'W',NULL,NULL,NULL,5000,'R',NULL,'no_agricola','SII_CSV'),
('11302-00221-00274','11302','00221','00274','MAYER KM 6 . 5 JG- 1',2093542,11170,'W',NULL,NULL,NULL,5074,'R',NULL,'no_agricola','SII_CSV'),
('11302-00221-00283','11302','00221','00283','ARROYO SUCIO LOTE AS- 2',7504196,40036,'W',NULL,NULL,NULL,15000,'R',NULL,'no_agricola','SII_CSV'),
('11302-00221-00284','11302','00221','00284','RIO MAYER LOTE 5 -U',4126019,22014,'W',NULL,NULL,NULL,10000,'R',NULL,'no_agricola','SII_CSV'),
('11302-00221-00287','11302','00221','00287','ENTRADA MAYER LOTE B 1',2063009,11006,'W',NULL,NULL,NULL,5000,'R',NULL,'no_agricola','SII_CSV'),
('11302-00221-00288','11302','00221','00288','ENTRADA MAYER LOTE B 2',2063009,11006,'W',NULL,NULL,NULL,5000,'R',NULL,'no_agricola','SII_CSV'),
('11302-00221-00289','11302','00221','00289','ENTRADA MAYER LOTE B 3',2063009,11006,'W',NULL,NULL,NULL,5000,'R',NULL,'no_agricola','SII_CSV'),
('11302-00231-00053','11302','00231','00053','VENTISQUERO CHICO LT 5',13615862,72642,'W',NULL,NULL,NULL,30000,'R',NULL,'no_agricola','SII_CSV'),
('11302-00231-00080','11302','00231','00080','FUNDO ALTAVISTA',2578762,NULL,'W',2578762,NULL,NULL,5000,'R',NULL,'no_agricola','SII_CSV'),
('11302-00231-00081','11302','00231','00081','FUNDO ALTAVISTA',2578762,NULL,'W',2578762,NULL,NULL,5000,'R',NULL,'no_agricola','SII_CSV'),
('11302-09000-00001','11302','09000','00001','REFUGIO TERMINAL BAHIA BAHAMONDE',40426605,NULL,'V',40426605,NULL,NULL,2581,'R',NULL,'no_agricola','SII_CSV')
ON CONFLICT (rol) DO UPDATE SET
  avaluo_total_vigente = EXCLUDED.avaluo_total_vigente,
  contribucion_semestre = EXCLUDED.contribucion_semestre,
  destino_sii          = EXCLUDED.destino_sii,
  avaluo_total_exento  = EXCLUDED.avaluo_total_exento,
  sup_terreno_m2       = EXCLUDED.sup_terreno_m2,
  cod_ubicacion        = EXCLUDED.cod_ubicacion,
  fuente_datos         = 'SII_CSV',
  fecha_actualizacion  = now();

-- ─────────────────────────────────────────────────
-- NL: BRTMPCATASNL_2025_2_11302  |  CÓDIGO 11302
-- 420 filas
-- ─────────────────────────────────────────────────
INSERT INTO catastro.construcciones (
  rol, numero_construccion, material_codigo,
  calidad_codigo, anio_construccion,
  sup_total_m2, destino_construccion, condicion_especial,
  numero_pisos, fuente_datos
) VALUES
('11302-00001-00002',1,'E',2,2012,156,'G',NULL,1,'SII_CSV'),
('11302-00001-00002',2,'E',2,2012,156,'G',NULL,1,'SII_CSV'),
('11302-00001-00002',3,'E',2,2012,268,'C',NULL,2,'SII_CSV'),
('11302-00001-00005',1,'E',4,2012,76,'V',NULL,1,'SII_CSV'),
('11302-00001-00009',1,'E',4,2024,48,'G',NULL,1,'SII_CSV'),
('11302-00001-00009',2,'E',4,2024,48,'G',NULL,1,'SII_CSV'),
('11302-00001-00009',3,'E',4,2024,16,'G',NULL,1,'SII_CSV'),
('11302-00001-00009',4,'E',4,2024,25,'G',NULL,1,'SII_CSV'),
('11302-00001-00009',5,'E',4,2024,20,'G',NULL,1,'SII_CSV'),
('11302-00001-00009',6,'E',4,2024,20,'G',NULL,1,'SII_CSV'),
('11302-00001-00009',7,'E',4,2024,25,'G',NULL,1,'SII_CSV'),
('11302-00001-00009',8,'E',4,2024,180,'C',NULL,1,'SII_CSV'),
('11302-00001-00009',9,'E',4,2024,120,'C',NULL,1,'SII_CSV'),
('11302-00001-00009',10,'E',4,2024,16,'O',NULL,1,'SII_CSV'),
('11302-00001-00009',11,'GE',3,2024,88,'L',NULL,1,'SII_CSV'),
('11302-00001-00015',1,'E',4,2004,56,'H',NULL,1,'SII_CSV'),
('11302-00001-00016',1,'E',4,2012,36,'H',NULL,1,'SII_CSV'),
('11302-00001-00016',2,'E',4,2012,54,'H',NULL,2,'SII_CSV'),
('11302-00001-00017',1,'E',4,2024,36,'H',NULL,1,'SII_CSV'),
('11302-00001-00018',1,'E',4,2007,49,'H',NULL,1,'SII_CSV'),
('11302-00001-00019',1,'E',5,2007,24,'H',NULL,1,'SII_CSV'),
('11302-00001-00022',1,'P',0,NULL,29900,NULL,NULL,0,'SII_CSV'),
('11302-00001-00022',2,'P',1,NULL,658,NULL,NULL,0,'SII_CSV'),
('11302-00001-00022',3,'A',3,2016,138,'T',NULL,1,'SII_CSV'),
('11302-00001-00022',4,'G',3,2016,20,'T',NULL,2,'SII_CSV'),
('11302-00001-00026',1,'E',3,2006,48,'H',NULL,1,'SII_CSV'),
('11302-00001-00026',2,'E',3,2006,16,'V','CA',1,'SII_CSV'),
('11302-00001-00026',3,'E',4,2006,8,'V',NULL,1,'SII_CSV'),
('11302-00001-00026',4,'GE',3,1978,24,'L',NULL,1,'SII_CSV'),
('11302-00001-00028',1,'E',4,2010,91,'G',NULL,1,'SII_CSV'),
('11302-00001-00028',2,'E',4,2010,57,'G',NULL,1,'SII_CSV'),
('11302-00001-00028',3,'E',4,2010,48,'G',NULL,1,'SII_CSV'),
('11302-00001-00033',1,'C',3,2012,80,'C',NULL,1,'SII_CSV'),
('11302-00001-00033',2,'GA',3,2016,37,'C',NULL,1,'SII_CSV'),
('11302-00001-00035',1,'E',4,2006,90,'H',NULL,1,'SII_CSV'),
('11302-00001-00036',1,'E',4,2021,41,'H',NULL,2,'SII_CSV'),
('11302-00001-00037',1,'E',3,2023,98,'H',NULL,1,'SII_CSV'),
('11302-00001-00038',1,'E',4,2009,60,'Q',NULL,1,'SII_CSV'),
('11302-00001-00040',1,'E',3,2015,139,'C',NULL,1,'SII_CSV'),
('11302-00001-00040',2,'E',4,2016,120,'H',NULL,1,'SII_CSV'),
('11302-00001-00043',1,'E',3,2014,55,'G',NULL,1,'SII_CSV'),
('11302-00001-00043',2,'E',3,2016,52,'G',NULL,1,'SII_CSV'),
('11302-00001-00043',3,'E',3,2016,66,'C',NULL,1,'SII_CSV'),
('11302-00001-00043',4,'E',3,2016,29,'O',NULL,1,'SII_CSV'),
('11302-00001-00043',5,'E',3,2016,70,'H',NULL,1,'SII_CSV'),
('11302-00001-00043',6,'E',3,2018,58,'G',NULL,1,'SII_CSV'),
('11302-00001-00050',1,'E',5,2010,21,'H',NULL,1,'SII_CSV'),
('11302-00001-00058',1,'E',4,2024,42,'C',NULL,1,'SII_CSV'),
('11302-00001-00058',2,'E',4,2024,15,'L',NULL,1,'SII_CSV'),
('11302-00001-00059',1,'E',4,2014,18,'O',NULL,1,'SII_CSV'),
('11302-00001-00060',1,'TE',0,2018,240,'V',NULL,1,'SII_CSV'),
('11302-00001-00061',1,'E',4,2016,117,'H',NULL,1,'SII_CSV'),
('11302-00001-00071',1,'E',3,2018,124,'V',NULL,1,'SII_CSV'),
('11302-00001-00081',1,'E',4,2023,96,'H',NULL,1,'SII_CSV'),
('11302-00050-00002',1,'GE',2,2018,132,'I',NULL,1,'SII_CSV'),
('11302-00050-00002',2,'OB',0,NULL,1,'I',NULL,0,'SII_CSV'),
('11302-00050-00007',1,'E',4,2014,60,'H',NULL,1,'SII_CSV'),
('11302-00050-00008',1,'E',3,2012,51,'H',NULL,1,'SII_CSV'),
('11302-00101-00001',1,'GE',3,2004,31,'L',NULL,1,'SII_CSV'),
('11302-00101-00003',1,'E',4,2009,90,'H',NULL,2,'SII_CSV'),
('11302-00101-00003',2,'E',4,2009,40,'H','MS',2,'SII_CSV'),
('11302-00101-00004',1,'E',3,1968,33,'H',NULL,0,'SII_CSV'),
('11302-00101-00004',2,'E',3,1968,9,'H',NULL,0,'SII_CSV'),
('11302-00101-00004',3,'E',3,1968,17,'H',NULL,0,'SII_CSV'),
('11302-00101-00004',4,'E',4,1987,35,'H',NULL,1,'SII_CSV'),
('11302-00101-00005',1,'E',4,1980,82,'H',NULL,2,'SII_CSV'),
('11302-00101-00006',1,'E',5,1985,40,'H',NULL,1,'SII_CSV'),
('11302-00101-00006',2,'E',5,1996,35,'H',NULL,1,'SII_CSV'),
('11302-00101-00007',1,'E',3,1970,48,'G',NULL,1,'SII_CSV'),
('11302-00101-00007',2,'E',3,2003,30,'G',NULL,1,'SII_CSV'),
('11302-00101-00007',3,'E',3,2017,90,'G',NULL,2,'SII_CSV'),
('11302-00101-00008',1,'E',3,1991,162,'S',NULL,1,'SII_CSV'),
('11302-00101-00011',1,'E',4,2006,4,'H',NULL,0,'SII_CSV'),
('11302-00101-00011',2,'E',4,2006,4,'H',NULL,0,'SII_CSV'),
('11302-00101-00011',3,'E',4,2008,47,'G',NULL,2,'SII_CSV'),
('11302-00101-00011',4,'E',4,2008,28,'G',NULL,1,'SII_CSV'),
('11302-00101-00011',5,'E',4,2015,48,'G',NULL,1,'SII_CSV'),
('11302-00101-00012',1,'E',4,2003,78,'H',NULL,1,'SII_CSV'),
('11302-00101-00012',2,'E',4,2003,43,'H','MS',2,'SII_CSV'),
('11302-00101-00013',1,'E',4,2022,35,'G',NULL,1,'SII_CSV'),
('11302-00101-00014',1,'GE',3,1990,154,'L',NULL,1,'SII_CSV'),
('11302-00101-00014',2,'E',4,1989,52,'H',NULL,1,'SII_CSV'),
('11302-00101-00014',3,'E',4,1994,49,'H',NULL,1,'SII_CSV'),
('11302-00101-00015',1,'E',4,2019,60,'H',NULL,1,'SII_CSV'),
('11302-00102-00001',1,'E',5,1967,18,'V',NULL,1,'SII_CSV'),
('11302-00102-00002',1,'E',3,2011,283,'C',NULL,2,'SII_CSV'),
('11302-00102-00002',2,'E',3,2011,40,'G',NULL,1,'SII_CSV'),
('11302-00102-00002',3,'E',3,2011,50,'G',NULL,1,'SII_CSV'),
('11302-00102-00004',1,'E',4,1992,54,'H',NULL,1,'SII_CSV'),
('11302-00102-00005',1,'E',5,1984,33,'H',NULL,1,'SII_CSV'),
('11302-00102-00005',2,'E',4,2007,36,'H',NULL,1,'SII_CSV'),
('11302-00102-00006',1,'E',5,1995,28,'H',NULL,1,'SII_CSV'),
('11302-00102-00006',2,'E',4,2000,35,'H',NULL,1,'SII_CSV'),
('11302-00102-00006',3,'E',4,2000,63,'H',NULL,1,'SII_CSV'),
('11302-00102-00007',1,'E',3,2017,80,'V',NULL,1,'SII_CSV'),
('11302-00102-00008',1,'E',5,1995,27,'H',NULL,1,'SII_CSV'),
('11302-00102-00008',2,'E',5,1975,43,'H',NULL,1,'SII_CSV'),
('11302-00102-00008',3,'E',4,2024,13,'V',NULL,1,'SII_CSV'),
('11302-00102-00008',4,'E',4,2024,32,'H',NULL,1,'SII_CSV'),
('11302-00102-00008',5,'GE',3,2024,60,'V',NULL,1,'SII_CSV'),
('11302-00102-00010',1,'E',3,2019,90,'H',NULL,1,'SII_CSV'),
('11302-00103-00001',1,'E',5,1977,49,'H',NULL,1,'SII_CSV'),
('11302-00103-00002',1,'GE',1,1990,64,'V',NULL,1,'SII_CSV'),
('11302-00103-00002',2,'E',4,1990,33,'O','AL',2,'SII_CSV'),
('11302-00103-00003',1,'E',3,2017,80,'V',NULL,1,'SII_CSV'),
('11302-00103-00004',1,'E',5,1980,30,'H',NULL,1,'SII_CSV'),
('11302-00103-00005',1,'E',4,2015,14,'H',NULL,1,'SII_CSV'),
('11302-00103-00005',2,'E',4,2005,40,'H',NULL,1,'SII_CSV'),
('11302-00103-00005',3,'E',4,2005,8,'C',NULL,1,'SII_CSV'),
('11302-00103-00006',1,'E',4,2015,35,'H',NULL,1,'SII_CSV'),
('11302-00103-00006',2,'E',4,2015,70,'L',NULL,1,'SII_CSV'),
('11302-00103-00007',1,'E',5,1994,42,'H',NULL,1,'SII_CSV'),
('11302-00103-00007',2,'E',4,2009,62,'H',NULL,1,'SII_CSV'),
('11302-00103-00008',1,'E',5,1987,15,'H',NULL,1,'SII_CSV'),
('11302-00103-00008',2,'E',4,2000,20,'H',NULL,1,'SII_CSV'),
('11302-00103-00008',3,'E',5,2023,6,'H',NULL,1,'SII_CSV'),
('11302-00103-00009',1,'E',5,1987,30,'H',NULL,1,'SII_CSV'),
('11302-00103-00009',2,'E',4,1993,33,'H',NULL,1,'SII_CSV'),
('11302-00103-00010',1,'E',5,1993,30,'H',NULL,1,'SII_CSV'),
('11302-00103-00010',2,'E',5,2000,9,'H',NULL,1,'SII_CSV'),
('11302-00103-00010',3,'E',5,2003,16,'H',NULL,1,'SII_CSV'),
('11302-00103-00011',1,'E',4,1974,20,'H',NULL,1,'SII_CSV'),
('11302-00103-00012',1,'E',5,1980,15,'H',NULL,1,'SII_CSV'),
('11302-00103-00012',2,'E',4,1993,33,'H',NULL,1,'SII_CSV'),
('11302-00103-00013',1,'E',5,1980,50,'H',NULL,1,'SII_CSV'),
('11302-00103-00014',1,'E',4,2003,45,'H',NULL,1,'SII_CSV'),
('11302-00103-00014',2,'E',4,2008,44,'H',NULL,1,'SII_CSV'),
('11302-00104-00001',1,'E',3,1976,585,'E',NULL,1,'SII_CSV'),
('11302-00104-00001',2,'E',3,2015,91,'H',NULL,1,'SII_CSV'),
('11302-00104-00001',3,'G',3,2019,1844,'E',NULL,1,'SII_CSV'),
('11302-00106-00001',1,'E',3,2006,120,'E',NULL,1,'SII_CSV'),
('11302-00106-00002',1,'E',4,1980,37,'H',NULL,1,'SII_CSV'),
('11302-00106-00003',1,'E',4,2015,72,'H',NULL,1,'SII_CSV'),
('11302-00106-00004',1,'E',5,1996,35,'H',NULL,1,'SII_CSV'),
('11302-00106-00004',2,'E',4,2011,12,'H',NULL,1,'SII_CSV'),
('11302-00106-00005',1,'E',5,1977,30,'H',NULL,1,'SII_CSV'),
('11302-00106-00006',1,'E',5,1980,48,'H',NULL,1,'SII_CSV'),
('11302-00106-00006',2,'E',4,2003,60,'H',NULL,1,'SII_CSV'),
('11302-00106-00006',3,'E',4,2022,10,'H',NULL,1,'SII_CSV'),
('11302-00106-00007',1,'E',3,1996,149,'V',NULL,1,'SII_CSV'),
('11302-00106-00008',1,'E',3,1980,81,'H',NULL,1,'SII_CSV'),
('11302-00106-00009',1,'E',3,1980,101,'O',NULL,1,'SII_CSV'),
('11302-00106-00012',1,'E',4,2002,21,'C',NULL,1,'SII_CSV'),
('11302-00106-00012',2,'GE',2,2005,49,'L',NULL,1,'SII_CSV'),
('11302-00106-00012',3,'E',4,2015,120,'H',NULL,1,'SII_CSV'),
('11302-00106-00013',1,'E',4,1999,89,'Q',NULL,1,'SII_CSV'),
('11302-00106-00013',2,'E',4,1999,55,'H',NULL,2,'SII_CSV'),
('11302-00106-00015',1,'E',4,2002,63,'H',NULL,1,'SII_CSV'),
('11302-00106-00015',2,'E',4,2015,13,'V',NULL,1,'SII_CSV'),
('11302-00107-00001',1,'GA',2,1981,713,'D',NULL,1,'SII_CSV'),
('11302-00107-00001',2,'E',4,1995,121,'D',NULL,1,'SII_CSV'),
('11302-00107-00009',1,'E',3,1994,64,'H',NULL,1,'SII_CSV'),
('11302-00107-00010',1,'E',3,1994,64,'H',NULL,1,'SII_CSV'),
('11302-00107-00012',1,'E',4,2009,55,'V',NULL,1,'SII_CSV'),
('11302-00108-00002',1,'E',3,1970,60,'Q',NULL,1,'SII_CSV'),
('11302-00108-00002',2,'E',3,2000,60,'Q',NULL,1,'SII_CSV'),
('11302-00108-00002',3,'E',4,2000,24,'V',NULL,1,'SII_CSV'),
('11302-00108-00002',4,'E',4,2020,85,'V',NULL,1,'SII_CSV'),
('11302-00108-00002',5,'E',4,2020,30,'V',NULL,1,'SII_CSV'),
('11302-00108-00003',1,'E',4,2016,42,'G',NULL,1,'SII_CSV'),
('11302-00108-00003',2,'E',4,2016,67,'G',NULL,1,'SII_CSV'),
('11302-00108-00005',1,'E',4,1990,45,'O',NULL,1,'SII_CSV'),
('11302-00108-00005',2,'E',4,1990,32,'H',NULL,1,'SII_CSV'),
('11302-00108-00006',1,'E',3,1996,104,'H',NULL,1,'SII_CSV'),
('11302-00108-00009',1,'E',3,2009,77,'H',NULL,1,'SII_CSV'),
('11302-00108-00010',1,'E',3,2020,175,'C',NULL,1,'SII_CSV'),
('11302-00108-00010',2,'E',3,2020,12,'V','CA',1,'SII_CSV'),
('11302-00108-00011',1,'E',3,2018,63,'H',NULL,2,'SII_CSV'),
('11302-00108-00011',2,'E',3,2018,64,'H',NULL,2,'SII_CSV'),
('11302-00108-00012',1,'E',4,1996,35,'H',NULL,1,'SII_CSV'),
('11302-00108-00012',2,'E',4,2009,55,'H',NULL,1,'SII_CSV'),
('11302-00108-00013',1,'E',4,2000,143,'G',NULL,1,'SII_CSV'),
('11302-00108-00013',2,'E',4,2022,120,'V',NULL,2,'SII_CSV'),
('11302-00108-00014',1,'E',4,2005,32,'H',NULL,1,'SII_CSV'),
('11302-00108-00015',1,'E',4,2005,24,'H',NULL,1,'SII_CSV'),
('11302-00108-00016',1,'E',4,2005,21,'H',NULL,1,'SII_CSV'),
('11302-00108-00017',1,'E',3,2006,77,'H',NULL,1,'SII_CSV'),
('11302-00108-00018',1,'E',4,1990,81,'H',NULL,1,'SII_CSV'),
('11302-00108-00020',1,'E',3,2017,99,'C',NULL,1,'SII_CSV'),
('11302-00108-00021',1,'E',4,2017,42,'G',NULL,1,'SII_CSV'),
('11302-00108-00021',2,'E',3,2019,98,'G',NULL,2,'SII_CSV'),
('11302-00109-00001',1,'E',5,1989,29,'H',NULL,1,'SII_CSV'),
('11302-00109-00001',2,'E',4,2024,79,'H',NULL,1,'SII_CSV'),
('11302-00109-00002',1,'E',5,1982,30,'H',NULL,1,'SII_CSV'),
('11302-00109-00002',2,'E',3,2024,79,'H',NULL,1,'SII_CSV'),
('11302-00109-00002',3,'E',4,2024,13,'L',NULL,1,'SII_CSV'),
('11302-00109-00003',1,'E',5,1982,30,'H',NULL,1,'SII_CSV'),
('11302-00109-00004',1,'E',5,1982,30,'H',NULL,1,'SII_CSV'),
('11302-00109-00005',1,'E',5,1982,30,'H',NULL,1,'SII_CSV'),
('11302-00109-00006',1,'E',5,1982,30,'L',NULL,1,'SII_CSV'),
('11302-00109-00006',2,'E',3,2013,152,'H',NULL,1,'SII_CSV'),
('11302-00109-00007',1,'E',5,1982,30,'H',NULL,1,'SII_CSV'),
('11302-00109-00008',1,'E',3,2011,134,'C',NULL,1,'SII_CSV'),
('11302-00109-00009',1,'E',5,1983,30,'H',NULL,1,'SII_CSV'),
('11302-00109-00010',1,'E',5,1993,40,'H',NULL,1,'SII_CSV'),
('11302-00109-00011',1,'E',5,1982,30,'H',NULL,1,'SII_CSV'),
('11302-00109-00011',2,'E',4,2023,49,'H',NULL,1,'SII_CSV'),
('11302-00109-00012',1,'E',5,1995,32,'H',NULL,1,'SII_CSV'),
('11302-00109-00012',2,'E',4,2023,50,'H',NULL,1,'SII_CSV'),
('11302-00111-00001',1,'E',3,2011,117,'H',NULL,1,'SII_CSV'),
('11302-00111-00003',1,'E',3,2006,187,'C',NULL,2,'SII_CSV'),
('11302-00111-00003',2,'E',3,2006,56,'C',NULL,2,'SII_CSV'),
('11302-00111-00003',3,'E',3,2006,82,'C',NULL,2,'SII_CSV'),
('11302-00111-00004',1,'E',4,2000,84,'H',NULL,1,'SII_CSV'),
('11302-00111-00004',2,'GE',3,2000,24,'L',NULL,1,'SII_CSV'),
('11302-00111-00005',1,'E',4,2000,45,'H',NULL,2,'SII_CSV'),
('11302-00111-00005',2,'E',4,2000,112,'H',NULL,2,'SII_CSV'),
('11302-00111-00006',1,'E',4,2000,30,'H',NULL,1,'SII_CSV'),
('11302-00111-00007',1,'E',4,1993,45,'H',NULL,1,'SII_CSV'),
('11302-00111-00007',2,'E',3,2006,42,'O',NULL,1,'SII_CSV'),
('11302-00111-00008',1,'E',4,2000,47,'G',NULL,1,'SII_CSV'),
('11302-00111-00008',2,'E',4,2000,12,'L',NULL,1,'SII_CSV'),
('11302-00111-00008',3,'E',4,2017,30,'C',NULL,1,'SII_CSV'),
('11302-00111-00009',1,'E',3,2001,91,'G',NULL,2,'SII_CSV'),
('11302-00111-00009',2,'E',3,2004,36,'G',NULL,1,'SII_CSV'),
('11302-00111-00010',1,'E',4,1991,32,'H',NULL,1,'SII_CSV'),
('11302-00111-00010',2,'E',4,1991,6,'H',NULL,1,'SII_CSV'),
('11302-00112-00001',1,'E',4,2001,56,'C',NULL,1,'SII_CSV'),
('11302-00112-00001',2,'E',4,2008,46,'C',NULL,1,'SII_CSV'),
('11302-00112-00001',3,'E',4,2024,80,'V',NULL,1,'SII_CSV'),
('11302-00112-00002',1,'E',4,2001,20,'H',NULL,1,'SII_CSV'),
('11302-00112-00002',2,'E',4,2008,27,'V',NULL,1,'SII_CSV'),
('11302-00112-00003',1,'E',4,2011,113,'C',NULL,1,'SII_CSV'),
('11302-00112-00003',2,'E',4,2011,50,'H',NULL,2,'SII_CSV'),
('11302-00112-00004',1,'E',5,1998,72,'H',NULL,1,'SII_CSV'),
('11302-00112-00006',1,'E',4,1995,54,'H',NULL,1,'SII_CSV'),
('11302-00112-00006',2,'E',4,2000,60,'H',NULL,1,'SII_CSV'),
('11302-00112-00007',1,'E',5,1997,64,'H',NULL,1,'SII_CSV'),
('11302-00112-00008',1,'E',4,2005,36,'H',NULL,1,'SII_CSV'),
('11302-00112-00008',2,'E',4,2005,36,'H','MS',2,'SII_CSV'),
('11302-00112-00008',3,'GE',3,2005,10,'L',NULL,1,'SII_CSV'),
('11302-00112-00009',1,'E',5,2006,10,'L',NULL,1,'SII_CSV'),
('11302-00112-00009',2,'E',3,2018,195,'G',NULL,2,'SII_CSV'),
('11302-00112-00010',1,'E',4,1998,157,'H',NULL,2,'SII_CSV'),
('11302-00112-00010',2,'E',4,1998,54,'C',NULL,2,'SII_CSV'),
('11302-00113-00001',1,'E',4,1997,35,'H',NULL,1,'SII_CSV'),
('11302-00113-00001',2,'GE',2,1997,20,'L',NULL,1,'SII_CSV'),
('11302-00113-00003',1,'E',4,1990,117,'H',NULL,1,'SII_CSV'),
('11302-00113-00004',1,'E',4,1980,112,'H',NULL,1,'SII_CSV'),
('11302-00113-00004',2,'E',4,2008,91,'H',NULL,2,'SII_CSV'),
('11302-00113-00005',1,'E',4,2018,167,'C',NULL,2,'SII_CSV'),
('11302-00113-00006',1,'E',4,2001,47,'G',NULL,1,'SII_CSV'),
('11302-00113-00006',2,'GE',2,2001,11,'V',NULL,1,'SII_CSV'),
('11302-00113-00006',3,'E',4,2001,49,'G',NULL,1,'SII_CSV'),
('11302-00113-00006',4,'GE',2,2001,9,'L',NULL,1,'SII_CSV'),
('11302-00113-00006',5,'E',4,2013,61,'G',NULL,1,'SII_CSV'),
('11302-00113-00007',1,'E',3,2000,99,'H',NULL,1,'SII_CSV'),
('11302-00113-00007',2,'E',4,2016,31,'O',NULL,1,'SII_CSV'),
('11302-00114-00001',1,'E',3,2023,122,'H',NULL,1,'SII_CSV'),
('11302-00114-00001',2,'GE',3,2023,144,'V',NULL,1,'SII_CSV'),
('11302-00114-00003',1,'E',4,2017,42,'H',NULL,1,'SII_CSV'),
('11302-00114-00004',1,'E',4,1997,25,'H',NULL,1,'SII_CSV'),
('11302-00114-00005',1,'E',4,1997,25,'H',NULL,1,'SII_CSV'),
('11302-00114-00006',1,'E',4,1997,25,'H',NULL,1,'SII_CSV'),
('11302-00114-00007',1,'E',4,2022,73,'H',NULL,1,'SII_CSV'),
('11302-00114-00009',1,'E',4,1980,40,'H',NULL,1,'SII_CSV'),
('11302-00114-00010',1,'E',4,1987,20,'H',NULL,1,'SII_CSV'),
('11302-00114-00010',2,'E',4,2009,37,'H',NULL,1,'SII_CSV'),
('11302-00114-00011',1,'E',4,1977,19,'H',NULL,1,'SII_CSV'),
('11302-00114-00012',1,'E',4,2008,50,'H',NULL,1,'SII_CSV'),
('11302-00115-00001',1,'E',4,2017,35,'H',NULL,1,'SII_CSV'),
('11302-00115-00002',1,'E',4,1995,30,'H',NULL,1,'SII_CSV'),
('11302-00115-00003',1,'E',4,1997,40,'H',NULL,1,'SII_CSV'),
('11302-00115-00004',1,'E',4,1997,25,'H',NULL,1,'SII_CSV'),
('11302-00115-00005',1,'E',4,1980,28,'H',NULL,1,'SII_CSV'),
('11302-00115-00005',2,'E',4,2020,62,'H',NULL,2,'SII_CSV'),
('11302-00115-00006',1,'E',4,1997,60,'H',NULL,1,'SII_CSV'),
('11302-00115-00006',2,'E',4,2000,30,'H',NULL,1,'SII_CSV'),
('11302-00115-00007',1,'E',4,1997,25,'H',NULL,1,'SII_CSV'),
('11302-00115-00007',2,'E',4,2009,31,'H',NULL,1,'SII_CSV'),
('11302-00115-00008',1,'E',4,2009,41,'H',NULL,1,'SII_CSV'),
('11302-00115-00009',1,'E',3,2001,41,'H',NULL,1,'SII_CSV'),
('11302-00115-00009',2,'E',3,2010,76,'H',NULL,1,'SII_CSV'),
('11302-00116-00001',1,'E',4,1997,40,'H',NULL,1,'SII_CSV'),
('11302-00116-00002',1,'E',5,2005,24,'H',NULL,1,'SII_CSV'),
('11302-00116-00003',1,'E',4,1997,40,'H',NULL,1,'SII_CSV'),
('11302-00116-00004',1,'E',4,1997,45,'H',NULL,1,'SII_CSV'),
('11302-00116-00004',2,'E',4,2008,13,'H',NULL,1,'SII_CSV'),
('11302-00116-00005',1,'E',4,1997,25,'H',NULL,1,'SII_CSV'),
('11302-00116-00005',2,'E',4,2008,37,'H',NULL,1,'SII_CSV'),
('11302-00116-00006',1,'E',4,1997,86,'H',NULL,2,'SII_CSV'),
('11302-00116-00007',1,'E',4,1997,25,'H',NULL,1,'SII_CSV'),
('11302-00116-00008',1,'E',4,1997,25,'H',NULL,1,'SII_CSV'),
('11302-00116-00008',2,'E',3,2023,65,'H',NULL,2,'SII_CSV'),
('11302-00116-00008',3,'E',4,2023,13,'L',NULL,1,'SII_CSV'),
('11302-00116-00009',1,'E',4,1997,25,'H',NULL,1,'SII_CSV'),
('11302-00116-00009',2,'E',4,2002,15,'H',NULL,1,'SII_CSV'),
('11302-00116-00009',3,'E',4,2006,20,'H',NULL,1,'SII_CSV'),
('11302-00116-00010',1,'E',4,1997,25,'H',NULL,1,'SII_CSV'),
('11302-00116-00010',2,'E',4,2000,9,'H',NULL,1,'SII_CSV'),
('11302-00117-00001',1,'E',4,2001,48,'H',NULL,0,'SII_CSV'),
('11302-00117-00001',2,'E',4,2001,72,'L',NULL,0,'SII_CSV'),
('11302-00120-00001',1,'E',4,2007,32,'C',NULL,1,'SII_CSV'),
('11302-00120-00002',1,'E',5,2007,32,'H',NULL,1,'SII_CSV'),
('11302-00120-00002',2,'E',3,2018,105,'H',NULL,2,'SII_CSV'),
('11302-00120-00003',1,'E',5,2007,32,'H',NULL,1,'SII_CSV'),
('11302-00120-00003',2,'E',4,2009,13,'H',NULL,1,'SII_CSV'),
('11302-00120-00004',1,'E',5,2007,32,'H',NULL,1,'SII_CSV'),
('11302-00120-00005',1,'E',4,2007,32,'H',NULL,1,'SII_CSV'),
('11302-00120-00005',2,'E',4,2024,13,'H',NULL,1,'SII_CSV'),
('11302-00120-00006',1,'E',4,2007,32,'H',NULL,1,'SII_CSV'),
('11302-00120-00006',2,'E',4,2024,48,'H',NULL,1,'SII_CSV'),
('11302-00120-00006',3,'E',4,2024,45,'H',NULL,2,'SII_CSV'),
('11302-00120-00007',1,'E',5,2007,32,'H',NULL,1,'SII_CSV'),
('11302-00120-00007',2,'E',4,2009,13,'H',NULL,1,'SII_CSV'),
('11302-00120-00008',1,'E',5,2007,32,'H',NULL,1,'SII_CSV'),
('11302-00120-00008',2,'E',4,2009,13,'H',NULL,1,'SII_CSV'),
('11302-00120-00009',1,'E',4,2011,32,'H',NULL,1,'SII_CSV'),
('11302-00120-00010',1,'E',4,2011,32,'H',NULL,1,'SII_CSV'),
('11302-00120-00011',1,'E',4,2011,32,'H',NULL,1,'SII_CSV'),
('11302-00120-00012',1,'E',4,2011,32,'H',NULL,1,'SII_CSV'),
('11302-00120-00013',1,'E',4,2011,32,'H',NULL,1,'SII_CSV'),
('11302-00120-00013',2,'E',4,2023,20,'H',NULL,1,'SII_CSV'),
('11302-00120-00014',1,'E',4,2011,32,'H',NULL,1,'SII_CSV'),
('11302-00121-00001',1,'E',5,2007,32,'H',NULL,1,'SII_CSV'),
('11302-00121-00002',1,'E',5,2007,32,'H',NULL,1,'SII_CSV'),
('11302-00121-00003',1,'E',5,2007,32,'H',NULL,1,'SII_CSV'),
('11302-00121-00004',1,'E',5,2007,32,'H',NULL,1,'SII_CSV'),
('11302-00121-00005',1,'E',5,2007,32,'H',NULL,1,'SII_CSV'),
('11302-00121-00005',2,'E',4,2009,14,'H',NULL,1,'SII_CSV'),
('11302-00121-00006',1,'E',5,2007,32,'H',NULL,1,'SII_CSV'),
('11302-00121-00006',2,'E',4,2009,13,'H',NULL,1,'SII_CSV'),
('11302-00121-00007',1,'E',4,2007,32,'H',NULL,1,'SII_CSV'),
('11302-00121-00008',1,'E',4,2007,32,'H',NULL,1,'SII_CSV'),
('11302-00121-00010',1,'E',4,2007,49,'H',NULL,1,'SII_CSV'),
('11302-00121-00010',2,'E',4,2023,7,'L',NULL,1,'SII_CSV'),
('11302-00121-00010',3,'E',4,2023,12,'L',NULL,1,'SII_CSV'),
('11302-00121-00011',1,'E',4,2007,32,'H',NULL,1,'SII_CSV'),
('11302-00121-00012',1,'E',4,2007,32,'H',NULL,1,'SII_CSV'),
('11302-00121-00012',2,'E',4,2023,42,'H',NULL,1,'SII_CSV'),
('11302-00122-00001',1,'E',5,2007,32,'H',NULL,1,'SII_CSV'),
('11302-00122-00002',1,'E',5,2007,32,'H',NULL,1,'SII_CSV'),
('11302-00122-00002',2,'E',4,2023,46,'H',NULL,1,'SII_CSV'),
('11302-00122-00003',1,'E',4,2007,32,'H',NULL,1,'SII_CSV'),
('11302-00122-00004',1,'E',4,2007,32,'H',NULL,1,'SII_CSV'),
('11302-00122-00004',2,'E',4,2010,13,'H',NULL,1,'SII_CSV'),
('11302-00122-00005',1,'E',4,2007,32,'H',NULL,1,'SII_CSV'),
('11302-00122-00005',2,'E',4,2024,4,'H',NULL,1,'SII_CSV'),
('11302-00122-00006',1,'E',4,2007,32,'H',NULL,1,'SII_CSV'),
('11302-00122-00007',1,'E',4,2007,32,'H',NULL,1,'SII_CSV'),
('11302-00122-00008',1,'E',4,2007,32,'H',NULL,1,'SII_CSV'),
('11302-00122-00008',2,'E',4,2020,19,'H',NULL,1,'SII_CSV'),
('11302-00123-00001',1,'E',5,2007,32,'H',NULL,1,'SII_CSV'),
('11302-00123-00002',1,'E',5,2007,32,'H',NULL,1,'SII_CSV'),
('11302-00123-00003',1,'E',5,2007,35,'H',NULL,2,'SII_CSV'),
('11302-00123-00003',2,'E',4,2023,44,'H',NULL,2,'SII_CSV'),
('11302-00123-00004',1,'E',5,2007,67,'H',NULL,2,'SII_CSV'),
('11302-00123-00005',1,'E',4,2007,32,'H',NULL,1,'SII_CSV'),
('11302-00123-00005',2,'E',4,2023,4,'H',NULL,1,'SII_CSV'),
('11302-00123-00006',1,'E',4,2007,49,'H',NULL,2,'SII_CSV'),
('11302-00123-00006',2,'E',4,2020,15,'H',NULL,2,'SII_CSV'),
('11302-00124-00001',1,'E',4,2011,32,'H',NULL,1,'SII_CSV'),
('11302-00124-00002',1,'E',4,2011,32,'H',NULL,1,'SII_CSV'),
('11302-00124-00003',1,'E',4,2011,32,'H',NULL,1,'SII_CSV'),
('11302-00124-00003',2,'E',4,2023,17,'H',NULL,1,'SII_CSV'),
('11302-00124-00004',1,'E',4,2011,32,'H',NULL,1,'SII_CSV'),
('11302-00124-00005',1,'E',4,2011,32,'H',NULL,1,'SII_CSV'),
('11302-00124-00006',1,'E',4,2011,32,'H',NULL,1,'SII_CSV'),
('11302-00125-00001',1,'E',3,2011,32,'H',NULL,1,'SII_CSV'),
('11302-00125-00001',2,'E',3,2014,58,'H',NULL,1,'SII_CSV'),
('11302-00125-00002',1,'E',4,2011,32,'H',NULL,1,'SII_CSV'),
('11302-00125-00003',1,'E',4,2011,32,'H',NULL,1,'SII_CSV'),
('11302-00125-00004',1,'E',4,2011,32,'H',NULL,1,'SII_CSV'),
('11302-00125-00005',1,'E',4,2011,32,'H',NULL,1,'SII_CSV'),
('11302-00125-00005',2,'E',4,2020,25,'H',NULL,1,'SII_CSV'),
('11302-00125-00006',1,'E',4,2011,32,'H',NULL,1,'SII_CSV'),
('11302-00125-00006',2,'E',4,2024,220,'H',NULL,2,'SII_CSV'),
('11302-00125-00006',3,'E',4,2024,15,'L',NULL,1,'SII_CSV'),
('11302-00125-00007',1,'E',4,2011,32,'H',NULL,1,'SII_CSV'),
('11302-00125-00008',1,'E',4,2011,32,'H',NULL,1,'SII_CSV'),
('11302-00125-00009',1,'E',4,2011,32,'H',NULL,1,'SII_CSV'),
('11302-00125-00009',2,'E',4,2023,65,'H',NULL,1,'SII_CSV'),
('11302-00125-00010',1,'E',4,2011,32,'H',NULL,1,'SII_CSV'),
('11302-00126-00001',1,'E',3,2023,126,'H',NULL,1,'SII_CSV'),
('11302-00126-00001',2,'E',3,2023,26,'H','CA',1,'SII_CSV'),
('11302-00127-00004',1,'E',4,2014,24,'C',NULL,1,'SII_CSV'),
('11302-00127-00004',2,'E',4,2014,48,'L',NULL,1,'SII_CSV'),
('11302-00127-00004',3,'E',4,2014,70,'H',NULL,1,'SII_CSV'),
('11302-00127-00006',1,'E',3,2016,42,'G',NULL,1,'SII_CSV'),
('11302-00127-00006',2,'E',3,2016,42,'G',NULL,1,'SII_CSV'),
('11302-00127-00006',3,'E',3,2016,42,'G',NULL,1,'SII_CSV'),
('11302-00127-00006',4,'E',3,2016,42,'G',NULL,1,'SII_CSV'),
('11302-00128-00001',1,'E',3,2017,187,'C',NULL,1,'SII_CSV'),
('11302-00129-00001',1,'E',4,2022,60,'H',NULL,1,'SII_CSV'),
('11302-00129-00002',1,'E',4,2022,60,'H',NULL,1,'SII_CSV'),
('11302-00129-00003',1,'E',4,2022,60,'H',NULL,1,'SII_CSV'),
('11302-00129-00004',1,'E',4,2022,60,'H',NULL,1,'SII_CSV'),
('11302-00129-00005',1,'E',4,2022,60,'H',NULL,1,'SII_CSV'),
('11302-00129-00006',1,'E',4,2022,60,'H',NULL,1,'SII_CSV'),
('11302-00129-00007',1,'E',4,2022,60,'H',NULL,1,'SII_CSV'),
('11302-00129-00008',1,'E',4,2022,60,'H',NULL,1,'SII_CSV'),
('11302-00129-00009',1,'E',4,2022,60,'H',NULL,1,'SII_CSV'),
('11302-00129-00010',1,'E',4,2022,60,'H',NULL,1,'SII_CSV'),
('11302-00130-00001',1,'E',4,2022,60,'H',NULL,1,'SII_CSV'),
('11302-00130-00002',1,'E',4,2022,60,'H',NULL,1,'SII_CSV'),
('11302-00130-00003',1,'E',4,2022,60,'H',NULL,1,'SII_CSV'),
('11302-00130-00005',1,'E',4,2022,60,'H',NULL,1,'SII_CSV'),
('11302-00130-00006',1,'E',4,2022,60,'H',NULL,1,'SII_CSV'),
('11302-00130-00007',1,'E',4,2022,60,'H',NULL,1,'SII_CSV'),
('11302-00130-00008',1,'E',4,2022,60,'H',NULL,1,'SII_CSV'),
('11302-00130-00009',1,'E',4,2022,60,'H',NULL,1,'SII_CSV'),
('11302-00130-00010',1,'E',4,2022,60,'H',NULL,1,'SII_CSV'),
('11302-00130-00011',1,'E',4,2022,60,'H',NULL,1,'SII_CSV'),
('11302-00130-00012',1,'E',4,2022,60,'H',NULL,1,'SII_CSV'),
('11302-00221-00001',1,'E',3,1968,147,'P',NULL,1,'SII_CSV'),
('11302-00221-00001',2,'E',3,1976,122,'H','CA',1,'SII_CSV'),
('11302-00221-00001',3,'E',3,1968,46,'H','CA',1,'SII_CSV'),
('11302-00221-00001',4,'GE',3,1976,87,'V',NULL,1,'SII_CSV'),
('11302-00221-00076',1,'E',3,2003,277,'G',NULL,2,'SII_CSV'),
('11302-00221-00077',1,'E',4,2000,80,'H',NULL,1,'SII_CSV'),
('11302-00221-00077',2,'E',5,2000,36,'V',NULL,1,'SII_CSV'),
('11302-00221-00077',3,'E',5,2000,36,'L',NULL,1,'SII_CSV'),
('11302-00221-00078',1,'E',5,2002,54,'H',NULL,1,'SII_CSV'),
('11302-00221-00078',2,'E',3,2002,24,'Z',NULL,1,'SII_CSV'),
('11302-00221-00078',3,'GE',3,2007,42,'L',NULL,1,'SII_CSV'),
('11302-00221-00079',1,'E',4,2020,47,'H',NULL,1,'SII_CSV'),
('11302-00221-00079',2,'E',4,2020,51,'H',NULL,1,'SII_CSV'),
('11302-00221-00209',1,'E',4,2023,56,'H',NULL,1,'SII_CSV'),
('11302-09000-00001',1,'P',1,NULL,161,NULL,NULL,0,'SII_CSV'),
('11302-09000-00001',2,'E',3,2018,66,'V',NULL,1,'SII_CSV')
ON CONFLICT (rol, numero_construccion) DO UPDATE SET
  material_codigo       = EXCLUDED.material_codigo,
  calidad_codigo        = EXCLUDED.calidad_codigo,
  anio_construccion     = EXCLUDED.anio_construccion,
  sup_total_m2          = EXCLUDED.sup_total_m2,
  destino_construccion  = EXCLUDED.destino_construccion,
  condicion_especial    = EXCLUDED.condicion_especial,
  numero_pisos          = EXCLUDED.numero_pisos;

-- ─────────────────────────────────────────────────
-- A: BRTMPCATASA_2025_2_11302  |  CÓDIGO 11302
-- 173 filas
-- ─────────────────────────────────────────────────
INSERT INTO catastro.predios (
  rol, codigo_comuna, manzana, predio, direccion,
  avaluo_total_vigente, contribucion_semestre,
  destino_sii, avaluo_total_exento,
  cod_ubicacion, serie_predio, fuente_datos
) VALUES
('11302-00001-00004','11302','00001','00004','LOTE 10 V OHIGGINS',1247704,NULL,'A',1247704,'R','agricola','SII_CSV'),
('11302-00001-00082','11302','00001','00082','FDO LA ANGELITA LT R-A 1',809102,NULL,'A',809102,'R','agricola','SII_CSV'),
('11302-00001-00110','11302','00001','00110','LOTES A P- 1',1463402,NULL,'A',1463402,'R','agricola','SII_CSV'),
('11302-00221-00003','11302','00221','00003','RIO BRAVO',130778029,162294,'A',48089106,'R','agricola','SII_CSV'),
('11302-00221-00004','11302','00221','00004','LAGO CHRISTIE LT A B',40661357,NULL,'A',40661357,'R','agricola','SII_CSV'),
('11302-00221-00006','11302','00221','00006','FDO ENTRADA MAYER X',28981008,NULL,'A',28981008,'R','agricola','SII_CSV'),
('11302-00221-00007','11302','00221','00007','CHORRILLO ESCONDIDO',78893217,61608,'A',48089106,'R','agricola','SII_CSV'),
('11302-00221-00008','11302','00221','00008','LAGUNA CLARA',123877942,151578,'A',48089106,'R','agricola','SII_CSV'),
('11302-00221-00009','11302','00221','00009','EL AZUL',231330362,366484,'A',48089106,'R','agricola','SII_CSV'),
('11302-00221-00010','11302','00221','00010','LAS MARGARITAS LAGO CLARO',550000031,1003822,'A',48089106,'R','agricola','SII_CSV'),
('11302-00221-00012','11302','00221','00012','FUNDO LA ANGELITA',117177012,138176,'A',48089106,'R','agricola','SII_CSV'),
('11302-00221-00014','11302','00221','00014','LAS LAGUNITAS SECTOR LAGO CISNES',594546062,1092914,'A',48089106,'R','agricola','SII_CSV'),
('11302-00221-00015','11302','00221','00015','PAMPA CHICA',157667896,219158,'A',48089106,'R','agricola','SII_CSV'),
('11302-00221-00016','11302','00221','00016','EL TIGRE SECTOR EL COLORADO',68028053,39878,'A',48089106,'R','agricola','SII_CSV'),
('11302-00221-00017','11302','00221','00017','SANTA EVA SECTOR LAGO CISNES',91358460,86540,'A',48089106,'R','agricola','SII_CSV'),
('11302-00221-00020','11302','00221','00020','LAGO CISNES',24295987,NULL,'A',24295987,'R','agricola','SII_CSV'),
('11302-00221-00021','11302','00221','00021','RIO MAYER',17677195,NULL,'A',17677195,'R','agricola','SII_CSV'),
('11302-00221-00022','11302','00221','00022','FUNDO LAS TURVAS',116791034,137404,'A',48089106,'R','agricola','SII_CSV'),
('11302-00221-00023','11302','00221','00023','PAMPA GRANDE',116791034,137404,'A',48089106,'R','agricola','SII_CSV'),
('11302-00221-00024','11302','00221','00024','RIO BRICENO',201341224,306504,'A',48089106,'R','agricola','SII_CSV'),
('11302-00221-00025','11302','00221','00025','CERRO CAMPANA',116791034,137404,'A',48089106,'R','agricola','SII_CSV'),
('11302-00221-00027','11302','00221','00027','RIO VENTISQUERO LT B',4618317,NULL,'A',4618317,'R','agricola','SII_CSV'),
('11302-00221-00028','11302','00221','00028','A VENTISQUERO',21855067,NULL,'A',21855067,'R','agricola','SII_CSV'),
('11302-00221-00029','11302','00221','00029','LAGO CHRISTIE LT C',21251727,NULL,'A',21251727,'R','agricola','SII_CSV'),
('11302-00221-00030','11302','00221','00030','LAGO CHRISTIE LT A',3259241,NULL,'A',3259241,'R','agricola','SII_CSV'),
('11302-00221-00031','11302','00221','00031','SECTOR RIO BRAVO',28337173,NULL,'A',28337173,'R','agricola','SII_CSV'),
('11302-00221-00032','11302','00221','00032','NACIMIENTO SECTOR RIO BRAVO',33078084,NULL,'A',33078084,'R','agricola','SII_CSV'),
('11302-00221-00033','11302','00221','00033','LAGO ALEGRE',45667962,NULL,'A',45667962,'R','agricola','SII_CSV'),
('11302-00221-00034','11302','00221','00034','LAGO RINON',10393771,NULL,'A',10393771,'R','agricola','SII_CSV'),
('11302-00221-00035','11302','00221','00035','LAGO RINON',20429890,NULL,'A',20429890,'R','agricola','SII_CSV'),
('11302-00221-00036','11302','00221','00036','RIO SUCIO',528991,NULL,'A',528991,'R','agricola','SII_CSV'),
('11302-00221-00037','11302','00221','00037','RIO MOSCO',9109001,NULL,'A',9109001,'R','agricola','SII_CSV'),
('11302-00221-00039','11302','00221','00039','PASTOREO RIO MAYER',28333792,NULL,'A',28333792,'R','agricola','SII_CSV'),
('11302-00221-00040','11302','00221','00040','TENENCIA VILLA OHIGGINS',10743060,NULL,'A',10743060,'R','agricola','SII_CSV'),
('11302-00221-00042','11302','00221','00042','FUNDO EL RINCON RIO BRAVO',198523217,300868,'A',48089106,'R','agricola','SII_CSV'),
('11302-00221-00043','11302','00221','00043','RIO MAYER',1572840,NULL,'A',1572840,'R','agricola','SII_CSV'),
('11302-00221-00044','11302','00221','00044','VEGA PANTANOSA',161522554,226868,'A',48089106,'R','agricola','SII_CSV'),
('11302-00221-00045','11302','00221','00045','EL CENTINELA',172396106,248614,'A',48089106,'R','agricola','SII_CSV'),
('11302-00221-00046','11302','00221','00046','RETEN RIO MAYER',21554592,NULL,'A',21554592,'R','agricola','SII_CSV'),
('11302-00221-00047','11302','00221','00047','EL PARRILLAL',103704931,111232,'A',48089106,'R','agricola','SII_CSV'),
('11302-00221-00048','11302','00221','00048','MALA LENA RIO BRAVO',175697876,255218,'A',48089106,'R','agricola','SII_CSV'),
('11302-00221-00049','11302','00221','00049','FDO ANGELINO PARTE',61237,NULL,'A',61237,'R','agricola','SII_CSV'),
('11302-00221-00050','11302','00221','00050','RIO BRAVO',151539441,206902,'A',48089106,'R','agricola','SII_CSV'),
('11302-00221-00051','11302','00221','00051','ANO NUEVO RIO BRAVO',117357132,138536,'A',48089106,'R','agricola','SII_CSV'),
('11302-00221-00052','11302','00221','00052','EL VAQUILLAL RIO BRAVO',100941303,105704,'A',48089106,'R','agricola','SII_CSV'),
('11302-00221-00053','11302','00221','00053','RIO MOSCO',18867743,NULL,'A',18867743,'R','agricola','SII_CSV'),
('11302-00221-00054','11302','00221','00054','LAGO ALEGRE RIO BRAVO',459271659,822366,'A',48089106,'R','agricola','SII_CSV'),
('11302-00221-00056','11302','00221','00056','RIO COLORADO',123962186,151746,'A',48089106,'R','agricola','SII_CSV'),
('11302-00221-00057','11302','00221','00057','LAS MARGARITAS',105111931,114046,'A',48089106,'R','agricola','SII_CSV'),
('11302-00221-00063','11302','00221','00063','LAGO OHIGGINS',19942957,NULL,'A',19942957,'R','agricola','SII_CSV'),
('11302-00221-00066','11302','00221','00066','RIO ANO NUEVO',126141356,156106,'A',48089106,'R','agricola','SII_CSV'),
('11302-00221-00068','11302','00221','00068','LT B PREDIO EL TIGRE',3060509,NULL,'A',3060509,'R','agricola','SII_CSV'),
('11302-00221-00069','11302','00221','00069','LT C PREDIO EL TIGRE',1279018,NULL,'A',1279018,'R','agricola','SII_CSV'),
('11302-00221-00070','11302','00221','00070','LT B PREDIO LA CLARA',3153639,NULL,'A',3153639,'R','agricola','SII_CSV'),
('11302-00221-00071','11302','00221','00071','LT B FDO ANGELINO',1339262,NULL,'A',1339262,'R','agricola','SII_CSV'),
('11302-00221-00073','11302','00221','00073','LT 7 FDO ANGELINO',183711,NULL,'A',183711,'R','agricola','SII_CSV'),
('11302-00221-00084','11302','00221','00084','CHACRA 8',146969,NULL,'A',146969,'R','agricola','SII_CSV'),
('11302-00221-00085','11302','00221','00085','RIO MOSCO LOTE 9 V O HIGGINS',283673,NULL,'A',283673,'R','agricola','SII_CSV'),
('11302-00221-00086','11302','00221','00086','SECTOR RIO MOSCO LOTE 10 V',1011112,NULL,'A',1011112,'R','agricola','SII_CSV'),
('11302-00221-00088','11302','00221','00088','LOTE 2 RIO MOSCO',625622,NULL,'A',625622,'R','agricola','SII_CSV'),
('11302-00221-00089','11302','00221','00089','SECTOR RIO VENTISQUERO',11622548,NULL,'A',11622548,'R','agricola','SII_CSV'),
('11302-00221-00090','11302','00221','00090','FDO ENTRERIOS',24807545,NULL,'A',24807545,'R','agricola','SII_CSV'),
('11302-00221-00091','11302','00221','00091','SECTOR ARROYO SUCIO',14832750,NULL,'A',14832750,'R','agricola','SII_CSV'),
('11302-00221-00092','11302','00221','00092','LOTE A 2 LAGO CISNES',957196,NULL,'A',957196,'R','agricola','SII_CSV'),
('11302-00221-00094','11302','00221','00094','SECTOR RIO COLORADO LOTE 1',101154703,106132,'A',48089106,'R','agricola','SII_CSV'),
('11302-00221-00095','11302','00221','00095','SECTOR RIO MAYER',15273456,NULL,'A',15273456,'R','agricola','SII_CSV'),
('11302-00221-00096','11302','00221','00096','LUNA CAUTIVA',80576949,63764,'A',48089106,'R','agricola','SII_CSV'),
('11302-00221-00099','11302','00221','00099','SECTOR VILLA OHIGGINS',436313,NULL,'A',436313,'R','agricola','SII_CSV'),
('11302-00221-00121','11302','00221','00121','SECTOR RIO AZUL',2957747,NULL,'A',2957747,'R','agricola','SII_CSV'),
('11302-00221-00123','11302','00221','00123','LOTE 3 RIO MOSCO',700643,NULL,'A',700643,'R','agricola','SII_CSV'),
('11302-00221-00125','11302','00221','00125','RIO MOSCO LOTE 5',420698,NULL,'A',420698,'R','agricola','SII_CSV'),
('11302-00221-00126','11302','00221','00126','LOTE 6 RIO MOSCO',6514362,NULL,'A',6514362,'R','agricola','SII_CSV'),
('11302-00221-00129','11302','00221','00129','SECTOR RIO MOSCO LT 9',963870,NULL,'A',963870,'R','agricola','SII_CSV'),
('11302-00221-00131','11302','00221','00131','RIO ANO NUEVO LT 2',10287814,NULL,'A',10287814,'R','agricola','SII_CSV'),
('11302-00221-00132','11302','00221','00132','RIO ANO NUEVO LT 3',918555,NULL,'A',918555,'R','agricola','SII_CSV'),
('11302-00221-00133','11302','00221','00133','RIO ANO NUEVO LT 4',918555,NULL,'A',918555,'R','agricola','SII_CSV'),
('11302-00221-00134','11302','00221','00134','SECTOR RIO MOSCO',756367917,NULL,'A',756367917,'R','agricola','SII_CSV'),
('11302-00221-00139','11302','00221','00139','FDO ANGELINO LT AEROPUERTO',1725352,NULL,'A',1725352,'R','agricola','SII_CSV'),
('11302-00221-00141','11302','00221','00141','FUNDO EL ANGELINO LT 23',765462,NULL,'A',765462,'R','agricola','SII_CSV'),
('11302-00221-00142','11302','00221','00142','OHIGGINS LAGO CRISTIE',38325779,NULL,'A',38325779,'R','agricola','SII_CSV'),
('11302-00221-00143','11302','00221','00143','RIO MAYER 00 RIO MAYER',44228412,NULL,'A',44228412,'R','agricola','SII_CSV'),
('11302-00221-00144','11302','00221','00144','FUNDO ANGELINO 00 LT MAYER NORTE',105124966,114072,'A',48089106,'R','agricola','SII_CSV'),
('11302-00221-00145','11302','00221','00145','11302- 173 SR RIO MAYER',35938572,NULL,'A',35938572,'R','agricola','SII_CSV'),
('11302-00221-00146','11302','00221','00146','DESAGUE LAGO GUITARRA ESTERO GUITARRA',45834045,NULL,'A',45834045,'R','agricola','SII_CSV'),
('11302-00221-00147','11302','00221','00147','NAC. RIO VENTISQUERO',33516226,NULL,'A',33516226,'R','agricola','SII_CSV'),
('11302-00221-00148','11302','00221','00148','FDO EL BAGUAL LT 1 A',31321493,NULL,'A',31321493,'R','agricola','SII_CSV'),
('11302-00221-00149','11302','00221','00149','FDO EL BAGUAL LT 1 B',1203919,NULL,'A',1203919,'R','agricola','SII_CSV'),
('11302-00221-00150','11302','00221','00150','FDO EL BAGUAL LT 2 A',37371095,NULL,'A',37371095,'R','agricola','SII_CSV'),
('11302-00221-00151','11302','00221','00151','FDO EL BAGUAL LT 2 B',16208817,NULL,'A',16208817,'R','agricola','SII_CSV'),
('11302-00221-00152','11302','00221','00152','FDO EL BAGUAL LT 3',9448866,NULL,'A',9448866,'R','agricola','SII_CSV'),
('11302-00221-00153','11302','00221','00153','FDO EL BAGUAL LT 4',9571341,NULL,'A',9571341,'R','agricola','SII_CSV'),
('11302-00221-00154','11302','00221','00154','FDO EL BAGUAL LT 5',11595866,NULL,'A',11595866,'R','agricola','SII_CSV'),
('11302-00221-00156','11302','00221','00156','SECTOR RIO AZUL',1384786253,NULL,'A',1384786253,'R','agricola','SII_CSV'),
('11302-00221-00157','11302','00221','00157','CTRA AUSTRAL LT 41 -B FDO ANGELINO',3159724,NULL,'A',3159724,'R','agricola','SII_CSV'),
('11302-00221-00158','11302','00221','00158','SECTOR RIO VENTISQUERO LT A 1',1408451,NULL,'A',1408451,'R','agricola','SII_CSV'),
('11302-00221-00160','11302','00221','00160','LAGUNA ENCADENADAS LOTES A Y B',47156554,NULL,'A',47156554,'R','agricola','SII_CSV'),
('11302-00221-00161','11302','00221','00161','LAGO CHRISTIE LT B',6821801,NULL,'A',6821801,'R','agricola','SII_CSV'),
('11302-00221-00162','11302','00221','00162','SECTOR RIO BRAVO',7292021,NULL,'A',7292021,'R','agricola','SII_CSV'),
('11302-00221-00163','11302','00221','00163','RIO VENTISQUERO ARRIENDO FISCO',7624004,NULL,'A',7624004,'R','agricola','SII_CSV'),
('11302-00221-00165','11302','00221','00165','RUTA GLACIAR EL MOSCO',1696191,NULL,'A',1696191,'R','agricola','SII_CSV'),
('11302-00221-00169','11302','00221','00169','LOTE 24 - SECTOR RIO MOSCO',4443763,NULL,'A',4443763,'R','agricola','SII_CSV'),
('11302-00221-00170','11302','00221','00170','ARROYO LOS KUARZO',8394803,NULL,'A',8394803,'R','agricola','SII_CSV'),
('11302-00221-00171','11302','00221','00171','RIO MOSCO LT 26',5300452,NULL,'A',5300452,'R','agricola','SII_CSV'),
('11302-00221-00172','11302','00221','00172','RIO MOSCO LOTE 27',1505137,NULL,'A',1505137,'R','agricola','SII_CSV'),
('11302-00221-00173','11302','00221','00173','EL BAGUAL LT 5 -A',900184,NULL,'A',900184,'R','agricola','SII_CSV'),
('11302-00221-00174','11302','00221','00174','EL BAGUAL LT 5 -B',175536,NULL,'A',175536,'R','agricola','SII_CSV'),
('11302-00221-00175','11302','00221','00175','VILLA OHIGGINS LT 5 -C',600122,NULL,'A',600122,'R','agricola','SII_CSV'),
('11302-00221-00177','11302','00221','00177','EL BAGUAL LT 5 -D',450092,NULL,'A',450092,'R','agricola','SII_CSV'),
('11302-00221-00178','11302','00221','00178','EL BAGUAL LT 5 -E',300061,NULL,'A',300061,'R','agricola','SII_CSV'),
('11302-00221-00180','11302','00221','00180','EL BAGUAL LT 5 -G',450092,NULL,'A',450092,'R','agricola','SII_CSV'),
('11302-00221-00182','11302','00221','00182','RIO MOSCO LT 29 B',385794,NULL,'A',385794,'R','agricola','SII_CSV'),
('11302-00221-00184','11302','00221','00184','EL BAGUAL LT 5 -H',4350888,NULL,'A',4350888,'R','agricola','SII_CSV'),
('11302-00221-00186','11302','00221','00186','EL BAGUAL LT 5 -J',373577,NULL,'A',373577,'R','agricola','SII_CSV'),
('11302-00221-00187','11302','00221','00187','EL BAGUAL LT 5 -K',243049,NULL,'A',243049,'R','agricola','SII_CSV'),
('11302-00221-00188','11302','00221','00188','EL BAGUAL LT 5 -L',243049,NULL,'A',243049,'R','agricola','SII_CSV'),
('11302-00221-00194','11302','00221','00194','EL BAGUAL LT 5 -N',1050214,NULL,'A',1050214,'R','agricola','SII_CSV'),
('11302-00221-00198','11302','00221','00198','RIO MOSCO LT 32',612370,NULL,'A',612370,'R','agricola','SII_CSV'),
('11302-00221-00235','11302','00221','00235','FDO EL BAGUAL LT 5 -CH',722581,NULL,'A',722581,'R','agricola','SII_CSV'),
('11302-00221-00250','11302','00221','00250','RIO MAYER LT 1 VILLA OHIGGINS',15250543,NULL,'A',15250543,'R','agricola','SII_CSV'),
('11302-00221-00251','11302','00221','00251','RIO MAYER LT 2 VILLA OHIGGINS',14005923,NULL,'A',14005923,'R','agricola','SII_CSV'),
('11302-00221-00252','11302','00221','00252','RIO MAYER LT 4 VILLA OHIGGINS',7805800,NULL,'A',7805800,'R','agricola','SII_CSV'),
('11302-00221-00259','11302','00221','00259','SECTOR AERODRO ENTRADA MAYER - ARRIENDO',4101289,NULL,'A',4101289,'R','agricola','SII_CSV'),
('11302-00221-00260','11302','00221','00260','ARROYO SUCIO LT AS- 1 ENTRADA MAYER',2301880,NULL,'A',2301880,'R','agricola','SII_CSV'),
('11302-00231-00002','11302','00231','00002','LAGO OHIGGINS',24295987,NULL,'A',24295987,'R','agricola','SII_CSV'),
('11302-00231-00004','11302','00231','00004','LA MOROCHA',60739968,25302,'A',48089106,'R','agricola','SII_CSV'),
('11302-00231-00005','11302','00231','00005','EL MONTOSO',69988632,43800,'A',48089106,'R','agricola','SII_CSV'),
('11302-00231-00006','11302','00231','00006','EL PASCUA',61200242,26222,'A',48089106,'R','agricola','SII_CSV'),
('11302-00231-00007','11302','00231','00007','LA RAMONA',133971746,NULL,'A',133971746,'R','agricola','SII_CSV'),
('11302-00231-00008','11302','00231','00008','ISLA CENTRAL',32378433,NULL,'A',32378433,'R','agricola','SII_CSV'),
('11302-00231-00009','11302','00231','00009','LAGO OHIGGINS',21184436,NULL,'A',21184436,'R','agricola','SII_CSV'),
('11302-00231-00011','11302','00231','00011','LAGO OHIGGINS',21184436,NULL,'A',21184436,'R','agricola','SII_CSV'),
('11302-00231-00012','11302','00231','00012','VENDISQUERO CHICO',69802046,42616,'A',48089106,'R','agricola','SII_CSV'),
('11302-00231-00013','11302','00231','00013','LAGO OHIGGINS',21184436,NULL,'A',21184436,'R','agricola','SII_CSV'),
('11302-00231-00014','11302','00231','00014','LAGO OHIGGINS',21184436,NULL,'A',21184436,'R','agricola','SII_CSV'),
('11302-00231-00021','11302','00231','00021','VIEJO ROBLE',459973156,823768,'A',48089106,'R','agricola','SII_CSV'),
('11302-00231-00023','11302','00231','00023','ALTA VISTA',75329477,54482,'A',48089106,'R','agricola','SII_CSV'),
('11302-00231-00024','11302','00231','00024','LAS FLORES',148788071,201398,'A',48089106,'R','agricola','SII_CSV'),
('11302-00231-00025','11302','00231','00025','EL COIRON',100385742,104594,'A',48089106,'R','agricola','SII_CSV'),
('11302-00231-00028','11302','00231','00028','CERRO PALOMAR',136998314,177818,'A',48089106,'R','agricola','SII_CSV'),
('11302-00231-00029','11302','00231','00029','PASTOREO TCIA OHIGGINS',3530739,NULL,'A',3530739,'R','agricola','SII_CSV'),
('11302-00231-00030','11302','00231','00030','PENINSULA LA FLORIDA',71438701,45828,'A',48089106,'R','agricola','SII_CSV'),
('11302-00231-00031','11302','00231','00031','LA CARMELA',88178267,80178,'A',48089106,'R','agricola','SII_CSV'),
('11302-00231-00033','11302','00231','00033','LAGUNA VERDE',64683346,33008,'A',48089106,'R','agricola','SII_CSV'),
('11302-00231-00034','11302','00231','00034','ARROYO ARO',46492935,NULL,'A',46492935,'R','agricola','SII_CSV'),
('11302-00231-00035','11302','00231','00035','LA GO O HIGGINS',52646931,9116,'A',48089106,'R','agricola','SII_CSV'),
('11302-00231-00036','11302','00231','00036','EL MANSO',4344734,NULL,'A',4344734,'R','agricola','SII_CSV'),
('11302-00231-00037','11302','00231','00037','BRAZO PONTE LG OHIGGINS',628292,NULL,'A',628292,'R','agricola','SII_CSV'),
('11302-00231-00038','11302','00231','00038','EL ABUELO',21381432,NULL,'A',21381432,'R','agricola','SII_CSV'),
('11302-00231-00039','11302','00231','00039','LOTE 4',135021732,173866,'A',48089106,'R','agricola','SII_CSV'),
('11302-00231-00040','11302','00231','00040','SANTA TERESITA',121723767,147270,'A',48089106,'R','agricola','SII_CSV'),
('11302-00231-00041','11302','00231','00041','SECTOR LAGO NEGRO',13851001,NULL,'A',13851001,'R','agricola','SII_CSV'),
('11302-00231-00043','11302','00231','00043','LT B LAGO CIERVO',337037,NULL,'A',337037,'R','agricola','SII_CSV'),
('11302-00231-00046','11302','00231','00046','SECTOR LAGO OHIGGINS',100196400,NULL,'A',100196400,'R','agricola','SII_CSV'),
('11302-00231-00047','11302','00231','00047','VENTISQUERO CHICO LT A- 1',2449479,NULL,'A',2449479,'R','agricola','SII_CSV'),
('11302-00231-00049','11302','00231','00049','LOTE A- 2 LAGO CHICO',4592774,NULL,'A',4592774,'R','agricola','SII_CSV'),
('11302-00231-00050','11302','00231','00050','VENDISQUERO CHICO LT 2',557256,NULL,'A',557256,'R','agricola','SII_CSV'),
('11302-00231-00052','11302','00231','00052','VENTISQUERO CHICO LT 4 LAGO OHIGGINS',189835,NULL,'A',189835,'R','agricola','SII_CSV'),
('11302-00231-00058','11302','00231','00058','LT B B LAGO O HIGHGINS',244948,NULL,'A',244948,'R','agricola','SII_CSV'),
('11302-00231-00064','11302','00231','00064','RIO PASCUA',46775227,NULL,'A',46775227,'R','agricola','SII_CSV'),
('11302-00231-00065','11302','00231','00065','RIO PASCUA',31993935,NULL,'A',31993935,'R','agricola','SII_CSV'),
('11302-00231-00066','11302','00231','00066','RIO PASCUA',20019618,NULL,'A',20019618,'R','agricola','SII_CSV'),
('11302-00231-00067','11302','00231','00067','LAGO OHIGGINS SECTOR RIO TURBIO',7928329,NULL,'A',7928329,'R','agricola','SII_CSV'),
('11302-00231-00068','11302','00231','00068','DESEMBOCADURA RIO ENGANO',2250285,NULL,'A',2250285,'R','agricola','SII_CSV'),
('11302-00231-00070','11302','00231','00070','SECTOR RIO AROS',9185548,NULL,'A',9185548,'R','agricola','SII_CSV'),
('11302-00231-00074','11302','00231','00074','LAGO OHIGGINS BRAZO PONIENTE',7452536,NULL,'A',7452536,'R','agricola','SII_CSV'),
('11302-00231-00089','11302','00231','00089','LAGO OHIGGINSLOTE 1',9798536,NULL,'A',9798536,'R','agricola','SII_CSV'),
('11302-00231-00090','11302','00231','00090','LAGO OHIGGINSLOTE 2',10980408,NULL,'A',10980408,'R','agricola','SII_CSV'),
('11302-00231-00091','11302','00231','00091','LAGO OHIGGINSLOTE 3',8882185,NULL,'A',8882185,'R','agricola','SII_CSV'),
('11302-00231-00092','11302','00231','00092','LAGO OHIGGINSLOTE 4',8420638,NULL,'A',8420638,'R','agricola','SII_CSV'),
('11302-00231-00093','11302','00231','00093','LAGO OHIGGINSLOTE 5',8726608,NULL,'A',8726608,'R','agricola','SII_CSV'),
('11302-00231-00094','11302','00231','00094','LAGO OHIGGINSLOTE 6',9471824,NULL,'A',9471824,'R','agricola','SII_CSV'),
('11302-00231-00095','11302','00231','00095','LOTE 7',8519171,NULL,'A',8519171,'R','agricola','SII_CSV'),
('11302-00231-00096','11302','00231','00096','LAGO OHIGGINSLOTE 8',9504496,NULL,'A',9504496,'R','agricola','SII_CSV')
ON CONFLICT (rol) DO UPDATE SET
  avaluo_total_vigente = EXCLUDED.avaluo_total_vigente,
  contribucion_semestre = EXCLUDED.contribucion_semestre,
  destino_sii          = EXCLUDED.destino_sii,
  avaluo_total_exento  = EXCLUDED.avaluo_total_exento,
  cod_ubicacion        = EXCLUDED.cod_ubicacion,
  fuente_datos         = 'SII_CSV',
  fecha_actualizacion  = now();

-- ─────────────────────────────────────────────────
-- AL: BRTMPCATASAL_2025_2_11302  |  CÓDIGO 11302
-- 302 filas
-- ─────────────────────────────────────────────────
INSERT INTO catastro.suelos_agricolas (
  rol, cod_suelo, sup_ha, fuente_datos
) VALUES
('11302-00001-00004','7',8.15,'SII_CSV'),
('11302-00001-00082','5',2.49,'SII_CSV'),
('11302-00001-00110','6',5.00,'SII_CSV'),
('11302-00001-00110','8',2.52,'SII_CSV'),
('11302-00221-00003','7',1800.00,'SII_CSV'),
('11302-00221-00003','8',2191.50,'SII_CSV'),
('11302-00221-00004','7',664.00,'SII_CSV'),
('11302-00221-00006','7',163.60,'SII_CSV'),
('11302-00221-00006','8',246.75,'SII_CSV'),
('11302-00221-00007','7',1209.00,'SII_CSV'),
('11302-00221-00007','8',518.00,'SII_CSV'),
('11302-00221-00008','7',1950.40,'SII_CSV'),
('11302-00221-00008','8',473.60,'SII_CSV'),
('11302-00221-00009','7',1607.50,'SII_CSV'),
('11302-00221-00010','7',846.00,'SII_CSV'),
('11302-00221-00010','8',211.50,'SII_CSV'),
('11302-00221-00012','7',675.27,'SII_CSV'),
('11302-00221-00012','8',588.55,'SII_CSV'),
('11302-00221-00014','6',190.00,'SII_CSV'),
('11302-00221-00014','7',3535.00,'SII_CSV'),
('11302-00221-00015','7',1620.00,'SII_CSV'),
('11302-00221-00015','8',630.00,'SII_CSV'),
('11302-00221-00016','7',1042.48,'SII_CSV'),
('11302-00221-00016','8',446.77,'SII_CSV'),
('11302-00221-00017','7',1400.00,'SII_CSV'),
('11302-00221-00017','8',600.00,'SII_CSV'),
('11302-00221-00020','7',360.00,'SII_CSV'),
('11302-00221-00020','8',240.00,'SII_CSV'),
('11302-00221-00021','7',101.00,'SII_CSV'),
('11302-00221-00021','8',142.60,'SII_CSV'),
('11302-00221-00022','7',1800.00,'SII_CSV'),
('11302-00221-00022','8',700.00,'SII_CSV'),
('11302-00221-00023','7',1800.00,'SII_CSV'),
('11302-00221-00023','8',700.00,'SII_CSV'),
('11302-00221-00024','7',3000.00,'SII_CSV'),
('11302-00221-00024','8',1880.00,'SII_CSV'),
('11302-00221-00025','7',1800.00,'SII_CSV'),
('11302-00221-00025','8',700.00,'SII_CSV'),
('11302-00221-00027','5',15.12,'SII_CSV'),
('11302-00221-00028','7',197.50,'SII_CSV'),
('11302-00221-00028','8',264.00,'SII_CSV'),
('11302-00221-00029','6',163.00,'SII_CSV'),
('11302-00221-00029','7',48.00,'SII_CSV'),
('11302-00221-00030','6',5.30,'SII_CSV'),
('11302-00221-00030','7',43.50,'SII_CSV'),
('11302-00221-00031','6',10.00,'SII_CSV'),
('11302-00221-00031','7',444.40,'SII_CSV'),
('11302-00221-00032','6',25.00,'SII_CSV'),
('11302-00221-00032','7',494.30,'SII_CSV'),
('11302-00221-00033','6',60.00,'SII_CSV'),
('11302-00221-00033','7',600.00,'SII_CSV'),
('11302-00221-00033','8',233.00,'SII_CSV'),
('11302-00221-00034','6',50.00,'SII_CSV'),
('11302-00221-00034','7',78.00,'SII_CSV'),
('11302-00221-00035','6',28.00,'SII_CSV'),
('11302-00221-00035','7',270.00,'SII_CSV'),
('11302-00221-00035','8',80.00,'SII_CSV'),
('11302-00221-00036','6',4.00,'SII_CSV'),
('11302-00221-00036','7',1.30,'SII_CSV'),
('11302-00221-00037','7',148.75,'SII_CSV'),
('11302-00221-00039','6',100.00,'SII_CSV'),
('11302-00221-00039','7',125.00,'SII_CSV'),
('11302-00221-00040','6',63.75,'SII_CSV'),
('11302-00221-00042','5',50.00,'SII_CSV'),
('11302-00221-00042','7',1750.00,'SII_CSV'),
('11302-00221-00042','8',1992.50,'SII_CSV'),
('11302-00221-00043','6',14.00,'SII_CSV'),
('11302-00221-00044','6',732.00,'SII_CSV'),
('11302-00221-00044','7',1220.00,'SII_CSV'),
('11302-00221-00044','8',488.00,'SII_CSV'),
('11302-00221-00045','7',1080.01,'SII_CSV'),
('11302-00221-00045','8',450.98,'SII_CSV'),
('11302-00221-00046','6',36.83,'SII_CSV'),
('11302-00221-00046','7',159.57,'SII_CSV'),
('11302-00221-00046','8',49.10,'SII_CSV'),
('11302-00221-00047','7',622.33,'SII_CSV'),
('11302-00221-00047','8',543.92,'SII_CSV'),
('11302-00221-00048','7',1800.00,'SII_CSV'),
('11302-00221-00048','8',736.35,'SII_CSV'),
('11302-00221-00049','7',1.00,'SII_CSV'),
('11302-00221-00050','7',2245.40,'SII_CSV'),
('11302-00221-00050','8',1496.93,'SII_CSV'),
('11302-00221-00051','7',1147.00,'SII_CSV'),
('11302-00221-00051','8',853.00,'SII_CSV'),
('11302-00221-00052','7',997.00,'SII_CSV'),
('11302-00221-00052','8',665.50,'SII_CSV'),
('11302-00221-00053','7',282.66,'SII_CSV'),
('11302-00221-00053','8',166.19,'SII_CSV'),
('11302-00221-00054','6',450.00,'SII_CSV'),
('11302-00221-00054','7',3620.00,'SII_CSV'),
('11302-00221-00054','8',3620.00,'SII_CSV'),
('11302-00221-00056','6',250.00,'SII_CSV'),
('11302-00221-00056','7',1290.00,'SII_CSV'),
('11302-00221-00056','8',1800.00,'SII_CSV'),
('11302-00221-00057','7',1080.00,'SII_CSV'),
('11302-00221-00057','8',420.00,'SII_CSV'),
('11302-00221-00063','7',295.50,'SII_CSV'),
('11302-00221-00063','8',197.00,'SII_CSV'),
('11302-00221-00066','7',1246.00,'SII_CSV'),
('11302-00221-00066','8',831.00,'SII_CSV'),
('11302-00221-00068','7',46.90,'SII_CSV'),
('11302-00221-00068','8',20.10,'SII_CSV'),
('11302-00221-00069','7',19.60,'SII_CSV'),
('11302-00221-00069','8',8.40,'SII_CSV'),
('11302-00221-00070','7',49.60,'SII_CSV'),
('11302-00221-00070','8',12.40,'SII_CSV'),
('11302-00221-00071','7',8.16,'SII_CSV'),
('11302-00221-00071','8',3.84,'SII_CSV'),
('11302-00221-00073','7',3.00,'SII_CSV'),
('11302-00221-00084','7',0.96,'SII_CSV'),
('11302-00221-00085','6',1.01,'SII_CSV'),
('11302-00221-00086','6',3.60,'SII_CSV'),
('11302-00221-00088','7',6.18,'SII_CSV'),
('11302-00221-00088','8',4.12,'SII_CSV'),
('11302-00221-00089','6',23.00,'SII_CSV'),
('11302-00221-00089','7',126.66,'SII_CSV'),
('11302-00221-00089','8',136.74,'SII_CSV'),
('11302-00221-00090','7',391.34,'SII_CSV'),
('11302-00221-00090','8',89.90,'SII_CSV'),
('11302-00221-00091','6',27.23,'SII_CSV'),
('11302-00221-00091','7',100.65,'SII_CSV'),
('11302-00221-00091','8',71.00,'SII_CSV'),
('11302-00221-00092','7',6.38,'SII_CSV'),
('11302-00221-00094','7',601.84,'SII_CSV'),
('11302-00221-00094','8',564.41,'SII_CSV'),
('11302-00221-00095','6',55.49,'SII_CSV'),
('11302-00221-00096','6',222.00,'SII_CSV'),
('11302-00221-00096','7',792.00,'SII_CSV'),
('11302-00221-00096','8',761.00,'SII_CSV'),
('11302-00221-00099','7',3.00,'SII_CSV'),
('11302-00221-00121','7',48.30,'SII_CSV'),
('11302-00221-00123','7',4.67,'SII_CSV'),
('11302-00221-00125','7',4.58,'SII_CSV'),
('11302-00221-00126','7',39.00,'SII_CSV'),
('11302-00221-00126','8',26.00,'SII_CSV'),
('11302-00221-00129','7',15.74,'SII_CSV'),
('11302-00221-00131','7',112.00,'SII_CSV'),
('11302-00221-00132','7',10.00,'SII_CSV'),
('11302-00221-00133','7',10.00,'SII_CSV'),
('11302-00221-00134','6',800.52,'SII_CSV'),
('11302-00221-00134','7',2379.00,'SII_CSV'),
('11302-00221-00134','8',7137.00,'SII_CSV'),
('11302-00221-00139','7',11.27,'SII_CSV'),
('11302-00221-00141','7',5.00,'SII_CSV'),
('11302-00221-00142','7',417.24,'SII_CSV'),
('11302-00221-00143','7',481.50,'SII_CSV'),
('11302-00221-00144','6',150.00,'SII_CSV'),
('11302-00221-00144','7',400.00,'SII_CSV'),
('11302-00221-00144','8',75.00,'SII_CSV'),
('11302-00221-00145','6',97.00,'SII_CSV'),
('11302-00221-00145','7',187.10,'SII_CSV'),
('11302-00221-00145','8',171.05,'SII_CSV'),
('11302-00221-00146','7',498.98,'SII_CSV'),
('11302-00221-00147','7',547.32,'SII_CSV'),
('11302-00221-00148','7',511.48,'SII_CSV'),
('11302-00221-00149','7',19.66,'SII_CSV'),
('11302-00221-00150','7',610.27,'SII_CSV'),
('11302-00221-00151','7',264.69,'SII_CSV'),
('11302-00221-00152','7',154.30,'SII_CSV'),
('11302-00221-00153','7',156.30,'SII_CSV'),
('11302-00221-00154','7',77.29,'SII_CSV'),
('11302-00221-00156','6',575.00,'SII_CSV'),
('11302-00221-00156','7',7930.00,'SII_CSV'),
('11302-00221-00156','8',3504.00,'SII_CSV'),
('11302-00221-00157','6',11.25,'SII_CSV'),
('11302-00221-00158','7',23.00,'SII_CSV'),
('11302-00221-00160','6',279.83,'SII_CSV'),
('11302-00221-00161','7',111.40,'SII_CSV'),
('11302-00221-00162','7',50.00,'SII_CSV'),
('11302-00221-00162','8',11.58,'SII_CSV'),
('11302-00221-00163','7',83.00,'SII_CSV'),
('11302-00221-00165','5',5.22,'SII_CSV'),
('11302-00221-00169','7',66.34,'SII_CSV'),
('11302-00221-00169','8',40.66,'SII_CSV'),
('11302-00221-00170','6',15.97,'SII_CSV'),
('11302-00221-00170','7',56.86,'SII_CSV'),
('11302-00221-00170','8',34.17,'SII_CSV'),
('11302-00221-00171','7',48.79,'SII_CSV'),
('11302-00221-00171','8',58.21,'SII_CSV'),
('11302-00221-00172','8',107.00,'SII_CSV'),
('11302-00221-00173','7',6.00,'SII_CSV'),
('11302-00221-00174','7',1.17,'SII_CSV'),
('11302-00221-00175','7',4.00,'SII_CSV'),
('11302-00221-00177','7',3.00,'SII_CSV'),
('11302-00221-00178','7',2.00,'SII_CSV'),
('11302-00221-00180','7',3.00,'SII_CSV'),
('11302-00221-00182','7',4.20,'SII_CSV'),
('11302-00221-00184','7',29.00,'SII_CSV'),
('11302-00221-00186','7',2.49,'SII_CSV'),
('11302-00221-00187','7',1.62,'SII_CSV'),
('11302-00221-00188','7',1.62,'SII_CSV'),
('11302-00221-00194','7',7.00,'SII_CSV'),
('11302-00221-00198','7',4.00,'SII_CSV'),
('11302-00221-00235','6',2.50,'SII_CSV'),
('11302-00221-00235','8',1.50,'SII_CSV'),
('11302-00221-00250','7',152.00,'SII_CSV'),
('11302-00221-00250','8',91.60,'SII_CSV'),
('11302-00221-00251','7',136.00,'SII_CSV'),
('11302-00221-00251','8',107.60,'SII_CSV'),
('11302-00221-00252','7',20.00,'SII_CSV'),
('11302-00221-00252','8',223.60,'SII_CSV'),
('11302-00221-00259','6',12.75,'SII_CSV'),
('11302-00221-00259','7',3.89,'SII_CSV'),
('11302-00221-00259','8',0.36,'SII_CSV'),
('11302-00221-00260','5',7.70,'SII_CSV'),
('11302-00231-00002','7',360.00,'SII_CSV'),
('11302-00231-00002','8',240.00,'SII_CSV'),
('11302-00231-00004','7',900.00,'SII_CSV'),
('11302-00231-00004','8',600.00,'SII_CSV'),
('11302-00231-00005','7',1055.85,'SII_CSV'),
('11302-00231-00005','8',568.53,'SII_CSV'),
('11302-00231-00006','7',999.40,'SII_CSV'),
('11302-00231-00007','7',2021.10,'SII_CSV'),
('11302-00231-00007','8',1088.28,'SII_CSV'),
('11302-00231-00008','7',400.00,'SII_CSV'),
('11302-00231-00008','8',840.67,'SII_CSV'),
('11302-00231-00009','7',300.00,'SII_CSV'),
('11302-00231-00009','8',300.00,'SII_CSV'),
('11302-00231-00011','7',300.00,'SII_CSV'),
('11302-00231-00011','8',300.00,'SII_CSV'),
('11302-00231-00012','7',956.10,'SII_CSV'),
('11302-00231-00012','8',1200.00,'SII_CSV'),
('11302-00231-00013','7',300.00,'SII_CSV'),
('11302-00231-00013','8',300.00,'SII_CSV'),
('11302-00231-00014','7',300.00,'SII_CSV'),
('11302-00231-00014','8',300.00,'SII_CSV'),
('11302-00231-00021','6',3.00,'SII_CSV'),
('11302-00231-00021','7',7000.00,'SII_CSV'),
('11302-00231-00021','8',3303.25,'SII_CSV'),
('11302-00231-00023','7',300.47,'SII_CSV'),
('11302-00231-00023','8',1251.03,'SII_CSV'),
('11302-00231-00024','7',2200.00,'SII_CSV'),
('11302-00231-00024','8',1500.00,'SII_CSV'),
('11302-00231-00025','6',100.00,'SII_CSV'),
('11302-00231-00025','7',1262.50,'SII_CSV'),
('11302-00231-00025','8',1262.50,'SII_CSV'),
('11302-00231-00028','7',1960.00,'SII_CSV'),
('11302-00231-00028','8',1810.00,'SII_CSV'),
('11302-00231-00029','7',50.00,'SII_CSV'),
('11302-00231-00029','8',50.00,'SII_CSV'),
('11302-00231-00030','6',57.00,'SII_CSV'),
('11302-00231-00030','7',1000.00,'SII_CSV'),
('11302-00231-00030','8',405.00,'SII_CSV'),
('11302-00231-00031','7',1296.00,'SII_CSV'),
('11302-00231-00031','8',940.00,'SII_CSV'),
('11302-00231-00033','7',750.00,'SII_CSV'),
('11302-00231-00033','8',2000.00,'SII_CSV'),
('11302-00231-00034','6',85.10,'SII_CSV'),
('11302-00231-00034','7',546.78,'SII_CSV'),
('11302-00231-00034','8',367.80,'SII_CSV'),
('11302-00231-00035','7',800.00,'SII_CSV'),
('11302-00231-00035','8',390.00,'SII_CSV'),
('11302-00231-00036','7',40.00,'SII_CSV'),
('11302-00231-00036','8',202.10,'SII_CSV'),
('11302-00231-00037','7',10.26,'SII_CSV'),
('11302-00231-00038','7',322.56,'SII_CSV'),
('11302-00231-00038','8',173.69,'SII_CSV'),
('11302-00231-00039','7',2036.94,'SII_CSV'),
('11302-00231-00039','8',1096.81,'SII_CSV'),
('11302-00231-00040','7',1700.00,'SII_CSV'),
('11302-00231-00040','8',1879.00,'SII_CSV'),
('11302-00231-00041','7',200.00,'SII_CSV'),
('11302-00231-00041','8',171.00,'SII_CSV'),
('11302-00231-00043','6',3.00,'SII_CSV'),
('11302-00231-00046','6',267.00,'SII_CSV'),
('11302-00231-00046','7',178.00,'SII_CSV'),
('11302-00231-00047','7',40.00,'SII_CSV'),
('11302-00231-00049','7',50.00,'SII_CSV'),
('11302-00231-00050','7',9.10,'SII_CSV'),
('11302-00231-00052','7',3.10,'SII_CSV'),
('11302-00231-00058','7',4.00,'SII_CSV'),
('11302-00231-00064','6',113.27,'SII_CSV'),
('11302-00231-00064','7',530.00,'SII_CSV'),
('11302-00231-00064','8',170.00,'SII_CSV'),
('11302-00231-00065','7',505.00,'SII_CSV'),
('11302-00231-00065','8',114.02,'SII_CSV'),
('11302-00231-00066','7',310.00,'SII_CSV'),
('11302-00231-00066','8',110.49,'SII_CSV'),
('11302-00231-00067','7',62.14,'SII_CSV'),
('11302-00231-00067','8',157.85,'SII_CSV'),
('11302-00231-00068','6',20.03,'SII_CSV'),
('11302-00231-00070','7',150.00,'SII_CSV'),
('11302-00231-00074','7',60.00,'SII_CSV'),
('11302-00231-00074','8',402.90,'SII_CSV'),
('11302-00231-00089','7',47.67,'SII_CSV'),
('11302-00231-00089','8',733.58,'SII_CSV'),
('11302-00231-00090','7',70.46,'SII_CSV'),
('11302-00231-00090','8',710.79,'SII_CSV'),
('11302-00231-00091','7',30.00,'SII_CSV'),
('11302-00231-00091','8',751.25,'SII_CSV'),
('11302-00231-00092','7',21.10,'SII_CSV'),
('11302-00231-00092','8',760.15,'SII_CSV'),
('11302-00231-00093','7',27.00,'SII_CSV'),
('11302-00231-00093','8',754.25,'SII_CSV'),
('11302-00231-00094','7',41.37,'SII_CSV'),
('11302-00231-00094','8',739.88,'SII_CSV'),
('11302-00231-00095','7',23.00,'SII_CSV'),
('11302-00231-00095','8',758.25,'SII_CSV'),
('11302-00231-00096','7',42.00,'SII_CSV'),
('11302-00231-00096','8',739.25,'SII_CSV')
ON CONFLICT (rol, cod_suelo) DO UPDATE SET
  sup_ha = EXCLUDED.sup_ha;

INSERT INTO catastro.construcciones (
  rol, numero_construccion, material_codigo,
  calidad_codigo, sup_total_m2,
  destino_construccion, condicion_especial, fuente_datos
) VALUES
('11302-00221-00010',1,'E',2,761,'P',NULL,'SII_CSV'),
('11302-00221-00010',2,'E',2,509,'P',NULL,'SII_CSV')
ON CONFLICT (rol, numero_construccion) DO NOTHING;

-- ─────────────────────────────────────────────────
-- Registro en catastro.importaciones
-- ─────────────────────────────────────────────────
INSERT INTO catastro.importaciones
  (codigo_comuna, nombre_comuna, archivo_fuente, tipo_archivo,
   total_registros, fecha_importacion, estado, error_msg)
VALUES
('11302', 'CÓDIGO 11302', 'BRTMPCATASN_2025_2_11302', 'N', 365, '2026-03-19T19:51:48.413755', 'completado', NULL),
('11302', 'CÓDIGO 11302', 'BRTMPCATASNL_2025_2_11302', 'NL', 420, '2026-03-19T19:51:48.413755', 'completado', NULL),
('11302', 'CÓDIGO 11302', 'BRTMPCATASA_2025_2_11302', 'A', 173, '2026-03-19T19:51:48.413755', 'completado', NULL),
('11302', 'CÓDIGO 11302', 'BRTMPCATASAL_2025_2_11302', 'AL', 302, '2026-03-19T19:51:48.413755', 'completado', NULL);

COMMIT;
-- ══ FIN DE INGESTIÓN ══
