-- ══════════════════════════════════════════════════════════════
-- SNRI — Ingestión Catastral SII
-- Generado : 2026-03-19 16:35:22
-- Comuna(s): 02302 CÓDIGO 02302
-- Archivos :
--   BRTMPCATASN_2025_2_02302
--   BRTMPCATASNL_2025_2_02302
--   BRTMPCATASA_2025_2_02302
--   BRTMPCATASAL_2025_2_02302
-- ══════════════════════════════════════════════════════════════

SET search_path TO catastro, public;
BEGIN;

-- DDL auxiliar

-- Tabla auxiliar para suelos agrícolas (si no existe)
CREATE TABLE IF NOT EXISTS catastro.suelos_agricolas (
    id          uuid PRIMARY KEY DEFAULT gen_random_uuid(),
    rol         text NOT NULL,
    cod_suelo   text NOT NULL,
    sup_ha      numeric(12,2),
    fuente_datos text,
    created_at  timestamptz DEFAULT now(),
    CONSTRAINT fk_suelos_predio FOREIGN KEY (rol)
        REFERENCES catastro.predios(rol) ON DELETE CASCADE
);
CREATE UNIQUE INDEX IF NOT EXISTS uq_suelos_rol_cod
    ON catastro.suelos_agricolas(rol, cod_suelo);


-- ─────────────────────────────────────────────────
-- N: BRTMPCATASN_2025_2_02302  |  CÓDIGO 02302
-- 170 filas
-- ─────────────────────────────────────────────────
INSERT INTO catastro.predios (
  rol, codigo_comuna, manzana, predio, direccion,
  avaluo_total_vigente, contribucion_semestre, destino_sii,
  avaluo_total_exento, bc1_rol, bc2_rol,
  sup_terreno_m2, cod_ubicacion, rol_padre,
  serie_predio, fuente_datos
) VALUES
('02302-03411-00001','02302','03411','00001','FREIRE 389',8868932,NULL,'H',8868932,NULL,NULL,420,'U',NULL,'no_agricola','SII_CSV'),
('02302-03411-00002','02302','03411','00002','FREIRE 375',6167754,NULL,'H',6167754,NULL,NULL,286,'U',NULL,'no_agricola','SII_CSV'),
('02302-03411-00003','02302','03411','00003','FREIRE',8465771,NULL,'H',8465771,NULL,NULL,400,'U',NULL,'no_agricola','SII_CSV'),
('02302-03411-00004','02302','03411','00004','FREIRE 357',9905383,NULL,'H',9905383,NULL,NULL,416,'U',NULL,'no_agricola','SII_CSV'),
('02302-03411-00005','02302','03411','00005','FREIRE 329',4544134,NULL,'H',4544134,NULL,NULL,176,'U',NULL,'no_agricola','SII_CSV'),
('02302-03411-00006','02302','03411','00006','SITIO 4 MZ L OLLAGUE',7044614,NULL,'H',7044614,NULL,NULL,329,'U',NULL,'no_agricola','SII_CSV'),
('02302-03411-00007','02302','03411','00007','CALLE O HIGGINS MZ-L ST- 11',19328116,NULL,'H',19328116,NULL,NULL,890,'U',NULL,'no_agricola','SII_CSV'),
('02302-03411-00008','02302','03411','00008','B OHIGGINS 420',17574837,NULL,'H',17574837,NULL,NULL,900,'U',NULL,'no_agricola','SII_CSV'),
('02302-03411-00009','02302','03411','00009','O HIGGINS MZ-L ST- 6 OLLAGUE',4041308,NULL,'H',4041308,NULL,NULL,235,'U',NULL,'no_agricola','SII_CSV'),
('02302-03411-00010','02302','03411','00010','SITIO 7 MZ L PUEBLO DE OLLAGUE',16934233,NULL,'E',16934233,NULL,NULL,755,'U',NULL,'no_agricola','SII_CSV'),
('02302-03411-00011','02302','03411','00011','B OHIGGINS 452',17551242,NULL,'H',17551242,NULL,NULL,660,'U',NULL,'no_agricola','SII_CSV'),
('02302-03411-00012','02302','03411','00012','B OHIGGINS 466',11487957,NULL,'H',11487957,NULL,NULL,500,'U',NULL,'no_agricola','SII_CSV'),
('02302-03411-00013','02302','03411','00013','B.OHIGGINS 478 MZ.L',11948277,NULL,'H',11948277,NULL,NULL,607,'U',NULL,'no_agricola','SII_CSV'),
('02302-03412-00001','02302','03412','00001','FREIRE 390',8506210,NULL,'H',8506210,NULL,NULL,406,'U',NULL,'no_agricola','SII_CSV'),
('02302-03412-00002','02302','03412','00002','FREIRE',10177745,NULL,'H',10177745,NULL,NULL,437,'U',NULL,'no_agricola','SII_CSV'),
('02302-03412-00003','02302','03412','00003','FREIRE 366',6491158,NULL,'H',6491158,NULL,NULL,294,'U',NULL,'no_agricola','SII_CSV'),
('02302-03412-00004','02302','03412','00004','FREIRE 100',5000755,NULL,'H',5000755,NULL,NULL,259,'U',NULL,'no_agricola','SII_CSV'),
('02302-03412-00005','02302','03412','00005','FREIRE',6367387,NULL,'H',6367387,NULL,NULL,232,'U',NULL,'no_agricola','SII_CSV'),
('02302-03412-00006','02302','03412','00006','FREIRE 346',2478983,NULL,'H',2478983,NULL,NULL,120,'U',NULL,'no_agricola','SII_CSV'),
('02302-03412-00007','02302','03412','00007','FREIRE',3697861,NULL,'H',3697861,NULL,NULL,146,'U',NULL,'no_agricola','SII_CSV'),
('02302-03412-00008','02302','03412','00008','FREIRE',3949942,NULL,'H',3949942,NULL,NULL,162,'U',NULL,'no_agricola','SII_CSV'),
('02302-03412-00009','02302','03412','00009','FREIRE',4252161,NULL,'H',4252161,NULL,NULL,172,'U',NULL,'no_agricola','SII_CSV'),
('02302-03412-00010','02302','03412','00010','B OHIGGINS',11558769,NULL,'H',11558769,NULL,NULL,512,'U',NULL,'no_agricola','SII_CSV'),
('02302-03412-00011','02302','03412','00011','B OHIGGINS 376',22981526,NULL,'H',22981526,NULL,NULL,972,'U',NULL,'no_agricola','SII_CSV'),
('02302-03412-00012','02302','03412','00012','B OHIGGINS',8292862,NULL,'H',8292862,NULL,NULL,425,'U',NULL,'no_agricola','SII_CSV'),
('02302-03412-00013','02302','03412','00013','B OHIGGINS 354',11064441,NULL,'H',11064441,NULL,NULL,525,'U',NULL,'no_agricola','SII_CSV'),
('02302-03412-00014','02302','03412','00014','B OHIGGINS 346',10792445,NULL,'H',10792445,NULL,NULL,515,'U',NULL,'no_agricola','SII_CSV'),
('02302-03412-00015','02302','03412','00015','B OHIGGINS 338',35464241,NULL,'H',35464241,NULL,NULL,1555,'U',NULL,'no_agricola','SII_CSV'),
('02302-03412-00016','02302','03412','00016','O HIGGINS 23',23751196,NULL,'H',23751196,NULL,NULL,1100,'U',NULL,'no_agricola','SII_CSV'),
('02302-03413-00001','02302','03413','00001','B.OHIGGINS 232 MZ-N_',20279580,NULL,'H',20279580,NULL,NULL,905,'U',NULL,'no_agricola','SII_CSV'),
('02302-03413-00002','02302','03413','00002','OHIGGINS MZ.N_ST. 1 OLLAGUE',49251813,NULL,'I',49251813,NULL,NULL,1313,'U',NULL,'no_agricola','SII_CSV'),
('02302-03414-00001','02302','03414','00001','FFCC',9051727,NULL,'O',9051727,NULL,NULL,400,'U',NULL,'no_agricola','SII_CSV'),
('02302-03414-00002','02302','03414','00002','AVANZADA POLICIAL LT-A',21452823,NULL,'P',21452823,NULL,NULL,800,'U',NULL,'no_agricola','SII_CSV'),
('02302-03414-00003','02302','03414','00003','AVANZADA POLICIAL LT-B',46936653,NULL,'P',46936653,NULL,NULL,800,'U',NULL,'no_agricola','SII_CSV'),
('02302-03414-00004','02302','03414','00004','AVANZADA POLICIAL LT-C',33777938,NULL,'P',33777938,NULL,NULL,800,'U',NULL,'no_agricola','SII_CSV'),
('02302-03415-00002','02302','03415','00002','ESQ.OHIGGINS MZ-K ST- 1',85836532,NULL,'E',85836532,NULL,NULL,3482,'U',NULL,'no_agricola','SII_CSV'),
('02302-03416-00001','02302','03416','00001','FERROCARRIL',57198239,NULL,'H',57198239,NULL,NULL,2226,'U',NULL,'no_agricola','SII_CSV'),
('02302-03416-00002','02302','03416','00002','MANUEL RODRIGUEZ SN MZ-J SITIO 1',3628449,NULL,'W',3628449,NULL,NULL,180,'U',NULL,'no_agricola','SII_CSV'),
('02302-03416-00003','02302','03416','00003','MANUEL RODRIGUEZ SN MZ-J SITIO- 2',4031610,NULL,'W',4031610,NULL,NULL,200,'U',NULL,'no_agricola','SII_CSV'),
('02302-03416-00004','02302','03416','00004','MANUEL RODRIGUEZ SN MZ-J SITIO- 3',3628449,NULL,'W',3628449,NULL,NULL,180,'U',NULL,'no_agricola','SII_CSV'),
('02302-03416-00005','02302','03416','00005','CALLE OHIGGINS SN MZ-J SITIO- 5',5644254,NULL,'W',5644254,NULL,NULL,280,'U',NULL,'no_agricola','SII_CSV'),
('02302-03416-00006','02302','03416','00006','CALLE OHIGGINS SN MZ-J SITIO 6',5644254,NULL,'W',5644254,NULL,NULL,280,'U',NULL,'no_agricola','SII_CSV'),
('02302-03416-00007','02302','03416','00007','CALLE OHIGGINS SN MZ-J SITIO 7',5644254,NULL,'W',5644254,NULL,NULL,280,'U',NULL,'no_agricola','SII_CSV'),
('02302-03417-00001','02302','03417','00001','TTE MERINO X FERROCARRIL',7651147,NULL,'T',7651147,NULL,NULL,56,'U',NULL,'no_agricola','SII_CSV'),
('02302-03417-00002','02302','03417','00002','FERROCARRIL',7077247,NULL,'P',7077247,NULL,NULL,200,'U',NULL,'no_agricola','SII_CSV'),
('02302-03418-00001','02302','03418','00001','COBIJA',2869897,NULL,'H',2869897,NULL,NULL,136,'U',NULL,'no_agricola','SII_CSV'),
('02302-03418-00002','02302','03418','00002','COBIJA',7255437,NULL,'H',7255437,NULL,NULL,312,'U',NULL,'no_agricola','SII_CSV'),
('02302-03418-00003','02302','03418','00003','COBIJA',5048541,NULL,'H',5048541,NULL,NULL,216,'U',NULL,'no_agricola','SII_CSV'),
('02302-03418-00004','02302','03418','00004','FFCC',19838123,NULL,'H',19838123,NULL,NULL,417,'U',NULL,'no_agricola','SII_CSV'),
('02302-03418-00005','02302','03418','00005','FFCC',15704450,NULL,'H',15704450,NULL,NULL,780,'U',NULL,'no_agricola','SII_CSV'),
('02302-03418-00006','02302','03418','00006','FFCC',7629255,NULL,'H',7629255,NULL,NULL,294,'U',NULL,'no_agricola','SII_CSV'),
('02302-03418-00007','02302','03418','00007','TTE.MERINO MZ O ST 6',6527899,NULL,'H',6527899,NULL,NULL,182,'U',NULL,'no_agricola','SII_CSV'),
('02302-03418-00008','02302','03418','00008','MZ.O ST. 3',16091137,NULL,'H',16091137,NULL,NULL,632,'U',NULL,'no_agricola','SII_CSV'),
('02302-03418-00009','02302','03418','00009','MERINO ESQ OHIGGINS_MZ O_ ST 7 _',12232444,NULL,'H',12232444,NULL,NULL,445,'U',NULL,'no_agricola','SII_CSV'),
('02302-03419-00001','02302','03419','00001','FFCC',15092506,NULL,'H',15092506,NULL,NULL,752,'U',NULL,'no_agricola','SII_CSV'),
('02302-03419-00002','02302','03419','00002','MZC ST 1 MERC MUNICIPAL',37808157,NULL,'C',37808157,NULL,NULL,390,'U',NULL,'no_agricola','SII_CSV'),
('02302-03419-00003','02302','03419','00003','MZC ST 2 CEMA CHILE',15730479,NULL,'O',15730479,NULL,NULL,225,'U',NULL,'no_agricola','SII_CSV'),
('02302-03419-00004','02302','03419','00004','MZC ST 3 POSTA',21722928,NULL,'S',21722928,NULL,NULL,760,'U',NULL,'no_agricola','SII_CSV'),
('02302-03419-00010','02302','03419','00010','MZ C ST 4 PL 2202 7338 CUPUEBLO DE OLLAG',55355352,NULL,'W',55355352,NULL,NULL,3851,'U',NULL,'no_agricola','SII_CSV'),
('02302-03419-00011','02302','03419','00011','MZ C ST 5 PL 2202 7338 CUPUEBLO DE OLLAG',22323941,NULL,'W',22323941,NULL,NULL,1418,'U',NULL,'no_agricola','SII_CSV'),
('02302-03420-00001','02302','03420','00001','FFCC 489',16378918,NULL,'H',16378918,NULL,NULL,627,'U',NULL,'no_agricola','SII_CSV'),
('02302-03420-00002','02302','03420','00002','FFCC 471',4047737,NULL,'W',4047737,NULL,NULL,251,'U',NULL,'no_agricola','SII_CSV'),
('02302-03420-00003','02302','03420','00003','FFCC 453',32486736,NULL,'H',32486736,NULL,NULL,1440,'U',NULL,'no_agricola','SII_CSV'),
('02302-03420-00004','02302','03420','00004','M RODRIGUEZ',830484,NULL,'W',830484,NULL,NULL,754,'U',NULL,'no_agricola','SII_CSV'),
('02302-03420-00005','02302','03420','00005','M RODRIGUEZ 112',2062750,NULL,'H',2062750,NULL,NULL,420,'U',NULL,'no_agricola','SII_CSV'),
('02302-03421-00001','02302','03421','00001','MZ-G SITIO- 9 OLLAGUE',8727887,NULL,'H',8727887,NULL,NULL,415,'U',NULL,'no_agricola','SII_CSV'),
('02302-03421-00002','02302','03421','00002','MZ-G SITIO- 8 OLLAGUE',6903446,NULL,'H',6903446,NULL,NULL,320,'U',NULL,'no_agricola','SII_CSV'),
('02302-03421-00003','02302','03421','00003','COVADONGA 395 MZ-G ST- 7',9018460,NULL,'H',9018460,NULL,NULL,373,'U',NULL,'no_agricola','SII_CSV'),
('02302-03421-00005','02302','03421','00005','ANTOFAGASTA MZG ST 5',6601609,NULL,'H',6601609,NULL,NULL,250,'U',NULL,'no_agricola','SII_CSV'),
('02302-03421-00006','02302','03421','00006','COVADONGA 373 MZ-G ST- 6',7345646,NULL,'H',7345646,NULL,NULL,300,'U',NULL,'no_agricola','SII_CSV'),
('02302-03421-00008','02302','03421','00008','COVADONGA 351',7033668,NULL,'H',7033668,NULL,NULL,300,'U',NULL,'no_agricola','SII_CSV'),
('02302-03421-00009','02302','03421','00009','COVADONGA 335',5592412,NULL,'H',5592412,NULL,NULL,230,'U',NULL,'no_agricola','SII_CSV'),
('02302-03421-00010','02302','03421','00010','ANTOFAGASTA 10',19247895,NULL,'H',19247895,NULL,NULL,900,'U',NULL,'no_agricola','SII_CSV'),
('02302-03421-00011','02302','03421','00011','MANUEL RODRIGUEZ 6 -ST. 11 MZ.G',12938546,NULL,'H',12938546,NULL,NULL,546,'U',NULL,'no_agricola','SII_CSV'),
('02302-03421-00012','02302','03421','00012','MZ-G SITIO- 12 OLLAGUE',10600395,NULL,'H',10600395,NULL,NULL,436,'U',NULL,'no_agricola','SII_CSV'),
('02302-03421-00014','02302','03421','00014','MZ-G ST- 10 OLLAGUE',7689610,NULL,'H',7689610,NULL,NULL,359,'U',NULL,'no_agricola','SII_CSV'),
('02302-03421-00015','02302','03421','00015','SITIO 2 MZ G PUEBLO OLLAGUE',6165898,NULL,'H',6165898,NULL,NULL,225,'U',NULL,'no_agricola','SII_CSV'),
('02302-03422-00001','02302','03422','00001','COVADONGA',8634453,NULL,'H',8634453,NULL,NULL,321,'U',NULL,'no_agricola','SII_CSV'),
('02302-03422-00002','02302','03422','00002','COVADONGA',12474820,NULL,'H',12474820,NULL,NULL,520,'U',NULL,'no_agricola','SII_CSV'),
('02302-03423-00001','02302','03423','00001','MZ E ST 2 PUEBLO DE OLLAGUE',12444416,NULL,'H',12444416,NULL,NULL,513,'U',NULL,'no_agricola','SII_CSV'),
('02302-03423-00002','02302','03423','00002','MZ E ST 1 OLLAGUE PL 2202 7317 CU',9796812,NULL,'H',9796812,NULL,NULL,486,'U',NULL,'no_agricola','SII_CSV'),
('02302-03423-00003','02302','03423','00003','MZE ST 3 OLLAGUE',10551384,NULL,'H',10551384,NULL,NULL,475,'U',NULL,'no_agricola','SII_CSV'),
('02302-03423-00004','02302','03423','00004','MZ-E ST- 4 PL:II- 3 - 3549 -C.R.',27929709,NULL,'H',27929709,NULL,NULL,475,'U',NULL,'no_agricola','SII_CSV'),
('02302-03423-00005','02302','03423','00005','ANTOFAGASTA MZE ST 5',16662763,NULL,'H',16662763,NULL,NULL,602,'U',NULL,'no_agricola','SII_CSV'),
('02302-03424-00001','02302','03424','00001','AMINCHA',6085600,NULL,'H',6085600,NULL,NULL,232,'U',NULL,'no_agricola','SII_CSV'),
('02302-03424-00002','02302','03424','00002','AMINCHA',4797067,NULL,'H',4797067,NULL,NULL,220,'U',NULL,'no_agricola','SII_CSV'),
('02302-03425-00001','02302','03425','00001','ESTACION OLLAGUE',732650179,3908690,'T',NULL,NULL,NULL,38100,'U',NULL,'no_agricola','SII_CSV'),
('02302-03425-00003','02302','03425','00003','SAN PEDRO',45272440,NULL,'W',45272440,NULL,NULL,2000,'R',NULL,'no_agricola','SII_CSV'),
('02302-03425-00004','02302','03425','00004','AV CHILE 30 A',15940698,NULL,'P',15940698,NULL,NULL,350,'U',NULL,'no_agricola','SII_CSV'),
('02302-03426-00002','02302','03426','00002','AV ANTOFAGASTA CON AV LOS HEROESPL 2202',81390481,NULL,'W',81390481,NULL,NULL,3724,'U',NULL,'no_agricola','SII_CSV'),
('02302-03426-00003','02302','03426','00003','CALLE ANTOFAGASTA S.N',84114373,NULL,'W',84114373,NULL,NULL,3895,'U',NULL,'no_agricola','SII_CSV'),
('02302-03427-00002','02302','03427','00002','MZ-D LOTE-A ESCUELA ESCUELAOLLAGUE',383403921,NULL,'E',383403921,NULL,NULL,8001,'U',NULL,'no_agricola','SII_CSV'),
('02302-03427-00003','02302','03427','00003','MZ-D LOTE-B OLLAGUE',65318013,NULL,'H',65318013,NULL,NULL,449,'U',NULL,'no_agricola','SII_CSV'),
('02302-03427-00004','02302','03427','00004','MZ-D LOTE-C OLLAGUE',48122571,NULL,'H',48122571,NULL,NULL,846,'U',NULL,'no_agricola','SII_CSV'),
('02302-03428-00001','02302','03428','00001','CANCHA FUTBOL MZN',95210496,NULL,'W',95210496,NULL,NULL,5760,'U',NULL,'no_agricola','SII_CSV'),
('02302-03428-00002','02302','03428','00002','CALLE 2 ESQ. 3 ACCESO SUR',56369161,NULL,'W',56369161,NULL,NULL,3329,'U',NULL,'no_agricola','SII_CSV'),
('02302-03429-00001','02302','03429','00001','CAMPO DEPORTIVO PL 2202 7315 CU',289235494,NULL,'W',289235494,NULL,NULL,23806,'U',NULL,'no_agricola','SII_CSV'),
('02302-03429-00004','02302','03429','00004','MZ.P ST. 3 OLLAGUE',40352710,NULL,'W',40352710,NULL,NULL,2742,'U',NULL,'no_agricola','SII_CSV'),
('02302-03430-00001','02302','03430','00001','LOTE IRREGULAR OLLAGUE',52261630,NULL,'W',52261630,NULL,NULL,3593,'U',NULL,'no_agricola','SII_CSV'),
('02302-03431-00001','02302','03431','00001','LOTE IRREGULAR S.N. OLLAGUE',207561510,NULL,'H',207561510,NULL,NULL,4308,'U',NULL,'no_agricola','SII_CSV'),
('02302-03431-00002','02302','03431','00002','APROX A 320 M AL NE DE PLAZA DE OLLAGUEP',135870894,NULL,'W',135870894,NULL,NULL,8532,'U',NULL,'no_agricola','SII_CSV'),
('02302-03431-00003','02302','03431','00003','CALLE 6 ENTR CALLE 9 CALLE 5 OLLAGUE',76779388,NULL,'W',76779388,NULL,NULL,4589,'U',NULL,'no_agricola','SII_CSV'),
('02302-03433-00001','02302','03433','00001','SUROESTE DE ADUANA P. DE OLLAGUE',246638685,NULL,'W',246638685,NULL,NULL,14413,'R',NULL,'no_agricola','SII_CSV'),
('02302-03434-00001','02302','03434','00001','A 350 M AL NE DEL CEMENTERIO',22801373,NULL,'W',22801373,NULL,NULL,1243,'U',NULL,'no_agricola','SII_CSV'),
('02302-03450-00001','02302','03450','00001','OESTE DE LOCALIDAD DE OLLAGUE',37889439,NULL,'W',37889439,NULL,NULL,34400,'R',NULL,'no_agricola','SII_CSV'),
('02302-03451-00001','02302','03451','00001','AMINCHA-PLANTA AZUFRERA P. 2202 - 6731 C',158692867,846628,'W',NULL,NULL,NULL,194700,'R',NULL,'no_agricola','SII_CSV'),
('02302-03451-00002','02302','03451','00002','SERVIDUMBRE AL N.O.PUEBLO OLLAGUE',25666791,NULL,'W',25666791,NULL,NULL,23303,'R',NULL,'no_agricola','SII_CSV'),
('02302-03451-00005','02302','03451','00005','CEBOLLAR',10259049,NULL,'H',10259049,NULL,NULL,605,'R',NULL,'no_agricola','SII_CSV'),
('02302-03451-00006','02302','03451','00006','AMINCHA',49501701,NULL,'V',49501701,NULL,NULL,30000,'R',NULL,'no_agricola','SII_CSV'),
('02302-03451-00007','02302','03451','00007','AMINCHA',10882087,58056,'M',NULL,NULL,NULL,2320,'R',NULL,'no_agricola','SII_CSV'),
('02302-03451-00009','02302','03451','00009','46 KM S-O DE OLLAGUE RUTA- 21',8260779,NULL,'W',8260779,NULL,NULL,7500,'R',NULL,'no_agricola','SII_CSV'),
('02302-03451-00010','02302','03451','00010','46 KM AL S-O OLLAGUE RUTA- 21',45048781,NULL,'W',45048781,NULL,NULL,40900,'R',NULL,'no_agricola','SII_CSV'),
('02302-03451-00011','02302','03451','00011','SERVIDUMBRE ELECTRICA',1386962664,NULL,'W',1386962664,NULL,NULL,2031016,'R',NULL,'no_agricola','SII_CSV'),
('02302-03451-00012','02302','03451','00012','LOTE ABCD S.ASCOTAN RUTA- 21',2753593,NULL,'W',2753593,NULL,NULL,2500,'R',NULL,'no_agricola','SII_CSV'),
('02302-03451-00013','02302','03451','00013','RT.21 ESTACION ASCOTAN',318315,NULL,'W',NULL,NULL,NULL,289,'R',NULL,'no_agricola','SII_CSV'),
('02302-03451-00014','02302','03451','00014','CEBOLLAR A 3 KM AL O RUTA. 21 _',678485,NULL,'W',678485,NULL,NULL,616,'R',NULL,'no_agricola','SII_CSV'),
('02302-03451-00015','02302','03451','00015','APACHETA-GEOTERMICA',975683068,5205270,'I',NULL,NULL,NULL,584800,'R',NULL,'no_agricola','SII_CSV'),
('02302-03451-00016','02302','03451','00016','APROX 45 KM AL SE R 21 Y B 125',1762300,NULL,'W',1762300,NULL,NULL,1600,'R',NULL,'no_agricola','SII_CSV'),
('02302-03452-00002','02302','03452','00002','MZ-A ST- 1 PL.II- 3 - 3549 -C.R.',241386804,NULL,'O',241386804,NULL,NULL,3850,'U',NULL,'no_agricola','SII_CSV'),
('02302-03453-00001','02302','03453','00001','CAMPAMENTO ASCOTAN',258479388,931146,'H',59143557,NULL,NULL,5000,'R',NULL,'no_agricola','SII_CSV'),
('02302-03453-00002','02302','03453','00002','POZO ASB 30 PL II 3 5880 CR',169180752,NULL,'W',169180752,NULL,NULL,160000,'R',NULL,'no_agricola','SII_CSV'),
('02302-03453-00003','02302','03453','00003','POZO ASB 62 PLII 3 5882 CR',169180752,NULL,'W',169180752,NULL,NULL,160000,'R',NULL,'no_agricola','SII_CSV'),
('02302-03453-00004','02302','03453','00004','POZO ASB 63 PL II 3 5881 CR',169180752,NULL,'W',169180752,NULL,NULL,160000,'R',NULL,'no_agricola','SII_CSV'),
('02302-03453-00005','02302','03453','00005','ASCOTAN AL ESTE DE RUTA 21',1187349,NULL,'W',1187349,NULL,NULL,1078,'R',NULL,'no_agricola','SII_CSV'),
('02302-03454-00001','02302','03454','00001','MZ-B ST- 1 PL.II- 3 - 3549 -C.R.',21166127,NULL,'W',21166127,NULL,NULL,1330,'U',NULL,'no_agricola','SII_CSV'),
('02302-03454-00002','02302','03454','00002','LOS HEROES SN MZB ST 1',38930392,NULL,'L',38930392,NULL,NULL,1330,'U',NULL,'no_agricola','SII_CSV'),
('02302-03454-00003','02302','03454','00003','ADYACENTE A ADUANA LOTE C',13689790,NULL,'W',13689790,NULL,NULL,800,'R',NULL,'no_agricola','SII_CSV'),
('02302-03455-00001','02302','03455','00001','LOTE.ABCD -RUTA. 21 ESTE DE OLLAGUE',946918769,NULL,'W',946918769,NULL,NULL,1131200,'R',NULL,'no_agricola','SII_CSV'),
('02302-03456-00001','02302','03456','00001','APROX 170 M-NE PLAZA OLLAGUE',7409599,NULL,'W',7409599,NULL,NULL,433,'U',NULL,'no_agricola','SII_CSV'),
('02302-04100-00001','02302','04100','00001','QUEB PASTOS GRANDES II 3 5655 CR',169180752,NULL,'W',169180752,NULL,NULL,160000,'R',NULL,'no_agricola','SII_CSV'),
('02302-04100-00002','02302','04100','00002','QUEBRADA PASTOS GRANDES II 3 5653',169180752,NULL,'W',169180752,NULL,NULL,160000,'R',NULL,'no_agricola','SII_CSV'),
('02302-04100-00003','02302','04100','00003','QUEB PASTOS GRANDES II 3 5654',169180752,NULL,'W',169180752,NULL,NULL,160000,'R',NULL,'no_agricola','SII_CSV'),
('02302-04100-00004','02302','04100','00004','SALAR SAN MARTIN II 3 5656 CR',169180752,NULL,'W',169180752,NULL,NULL,160000,'R',NULL,'no_agricola','SII_CSV'),
('02302-04100-00014','02302','04100','00014','SALAR ASCOTAN CHU 46 B PLII 3 5901 CR',169180752,NULL,'W',169180752,NULL,NULL,160000,'R',NULL,'no_agricola','SII_CSV'),
('02302-04100-00015','02302','04100','00015','SUR PONIENTE SALAR ASCOTAN 5905 CR',169180752,NULL,'W',169180752,NULL,NULL,160000,'R',NULL,'no_agricola','SII_CSV'),
('02302-04100-00016','02302','04100','00016','PAMPA LA PERDIZ CHU 44 B PLII 3 5902 CR',169180752,NULL,'W',169180752,NULL,NULL,160000,'R',NULL,'no_agricola','SII_CSV'),
('02302-04100-00017','02302','04100','00017','ESTE SALAR DE ASCOTAN ASB 64 5904 CR',169180752,885752,'W',NULL,NULL,NULL,160000,'R',NULL,'no_agricola','SII_CSV'),
('02302-04100-00018','02302','04100','00018','C INDIGENA OLLAGUE OLLAE 8 B 5907 CR',168123373,NULL,'W',168123373,NULL,NULL,159000,'R',NULL,'no_agricola','SII_CSV'),
('02302-04100-00019','02302','04100','00019','SUR CO CANCHA JAPICHINA ASBG 3 5903 CR',169180752,NULL,'W',169180752,NULL,NULL,160000,'R',NULL,'no_agricola','SII_CSV'),
('02302-04100-00020','02302','04100','00020','SUR CO CANCHA JAPICHINA ASB 61 5906 CR',169180752,NULL,'W',169180752,NULL,NULL,160000,'R',NULL,'no_agricola','SII_CSV'),
('02302-04100-00022','02302','04100','00022','POZO OLLAGUE 10 -B- 5974 -CR',169180752,NULL,'W',169180752,NULL,NULL,160000,'R',NULL,'no_agricola','SII_CSV'),
('02302-04100-00023','02302','04100','00023','POZO OLLAGUE 7 -B- 5973 -CR',128881368,NULL,'W',128881368,NULL,NULL,119400,'R',NULL,'no_agricola','SII_CSV'),
('02302-04100-00051','02302','04100','00051','SALAR ASCOTAN (II- 3 - 6344 -C-R)ASB- 2',169180752,902580,'W',NULL,NULL,NULL,160000,'R',NULL,'no_agricola','SII_CSV'),
('02302-04100-00052','02302','04100','00052','SALAR ASCOTAN (II- 3 - 6345 -C-R)ASB- 5',169180752,902580,'W',NULL,NULL,NULL,160000,'R',NULL,'no_agricola','SII_CSV'),
('02302-04100-00053','02302','04100','00053','SALAR ASCOTAN (II- 3 - 6346 -C-R)ASB- 6',169180752,902580,'W',NULL,NULL,NULL,160000,'R',NULL,'no_agricola','SII_CSV'),
('02302-04100-00054','02302','04100','00054','SALAR ASCOTAN (II- 3 - 6347 -C-R)ASB- 8',169180752,902580,'W',NULL,NULL,NULL,160000,'R',NULL,'no_agricola','SII_CSV'),
('02302-04100-00055','02302','04100','00055','SALAR ASCOTAN (II- 3 - 6348 -C-R)ASB- 10',169180752,902580,'W',NULL,NULL,NULL,160000,'R',NULL,'no_agricola','SII_CSV'),
('02302-04100-00056','02302','04100','00056','CO.SAN MARTIN PL II 3 6421 CR',991293,5290,'W',NULL,NULL,NULL,900,'R',NULL,'no_agricola','SII_CSV'),
('02302-04100-00057','02302','04100','00057','ESTACION ASCOTAN -C 0 CARASILLA',7269485,NULL,'W',7269485,NULL,NULL,6600,'R',NULL,'no_agricola','SII_CSV'),
('02302-04100-00058','02302','04100','00058','CEMENTERIO LOTE B',129048652,NULL,'W',129048652,NULL,NULL,10028,'R',NULL,'no_agricola','SII_CSV'),
('02302-04100-00059','02302','04100','00059','CEMNETERIO DE OLLAGUE',222602204,NULL,'W',222602204,NULL,NULL,15568,'R',NULL,'no_agricola','SII_CSV'),
('02302-04100-00060','02302','04100','00060','SALAR ASCOTAN(II 3 5260 CR)',52869,NULL,'W',52869,NULL,NULL,48,'R',NULL,'no_agricola','SII_CSV'),
('02302-04100-00062','02302','04100','00062','POZO OLLAGUE 11 -B- 5960 -CR',169180752,NULL,'W',169180752,NULL,NULL,160000,'R',NULL,'no_agricola','SII_CSV'),
('02302-04100-00063','02302','04100','00063','CERRO PABELLONCITO',223592,NULL,'W',223592,NULL,NULL,203,'R',NULL,'no_agricola','SII_CSV'),
('02302-04100-00064','02302','04100','00064','COSCA ST- 163',826222,NULL,'H',826222,NULL,NULL,21,'R',NULL,'no_agricola','SII_CSV'),
('02302-04100-00065','02302','04100','00065','LT.ABCDEFGHA-OLLAGUE',16356342,NULL,'W',16356342,NULL,NULL,16500,'R',NULL,'no_agricola','SII_CSV'),
('02302-04100-00066','02302','04100','00066','SERVIDUMBRE-ELECTRICA-OLLAGUE',9431607,NULL,'W',9431607,NULL,NULL,8563,'R',NULL,'no_agricola','SII_CSV'),
('02302-04100-00067','02302','04100','00067','RUTA.21 CERRO SAN MARTIN',1349261,NULL,'W',1349261,NULL,NULL,1225,'R',NULL,'no_agricola','SII_CSV'),
('02302-04100-00068','02302','04100','00068','RUTA 21 -CH KM. 178000',25443199,NULL,'W',25443199,NULL,NULL,23100,'R',NULL,'no_agricola','SII_CSV'),
('02302-04100-00069','02302','04100','00069','A 265 M AL ESTE DEL CEMENTER',3099444,NULL,'W',3099444,NULL,NULL,2814,'R',NULL,'no_agricola','SII_CSV'),
('02302-04100-00070','02302','04100','00070','APROX. 255 M AL ESTE DECEMENT.',524284,NULL,'W',524284,NULL,NULL,595,'R',NULL,'no_agricola','SII_CSV'),
('02302-04100-00075','02302','04100','00075','RELLENO SANITARIO A 2,1 KM S-E OLLA',19385295,NULL,'W',19385295,NULL,NULL,17600,'R',NULL,'no_agricola','SII_CSV'),
('02302-04100-00076','02302','04100','00076','APROX.23 KM SUROESTE .DE OLLAGUE',1542012,8228,'W',NULL,NULL,NULL,1400,'R',NULL,'no_agricola','SII_CSV'),
('02302-04100-00077','02302','04100','00077','A 52 KM S-E DE OLLAG Y 20 M AL S-E R',77101,NULL,'W',77101,NULL,NULL,70,'R',NULL,'no_agricola','SII_CSV'),
('02302-04100-00078','02302','04100','00078','SALA LLAMERO S.N SANTUARI',41075154,NULL,'Q',41075154,NULL,NULL,95,'R',NULL,'no_agricola','SII_CSV'),
('02302-04100-00079','02302','04100','00079','A 4,2 KM AL S-O DE OLLAGUE RT- 21',1982587,NULL,'W',1982587,NULL,NULL,1800,'R',NULL,'no_agricola','SII_CSV'),
('02302-04100-00080','02302','04100','00080','A 36 KM AL S-O DE OLLAGUE R 21 CH R-',1762300,NULL,'W',1762300,NULL,NULL,1600,'R',NULL,'no_agricola','SII_CSV'),
('02302-04100-00081','02302','04100','00081','A 51 KM AL SUR DE OLLAGUE R- 21 CH Y',1762300,NULL,'W',1762300,NULL,NULL,1600,'R',NULL,'no_agricola','SII_CSV'),
('02302-04100-00082','02302','04100','00082','A 500 M AL S-E DE LA RT- 21 CH Y RT B 15',220287,NULL,'W',220287,NULL,NULL,200,'R',NULL,'no_agricola','SII_CSV'),
('02302-04100-00083','02302','04100','00083','VOLCAN AUCANQUILCHA . PL',44057488,NULL,'W',44057488,NULL,NULL,40000,'R',NULL,'no_agricola','SII_CSV')
ON CONFLICT (rol) DO UPDATE SET
  avaluo_total_vigente = EXCLUDED.avaluo_total_vigente,
  contribucion_semestre = EXCLUDED.contribucion_semestre,
  destino_sii          = EXCLUDED.destino_sii,
  avaluo_total_exento  = EXCLUDED.avaluo_total_exento,
  sup_terreno_m2       = EXCLUDED.sup_terreno_m2,
  cod_ubicacion        = EXCLUDED.cod_ubicacion,
  fuente_datos         = 'SII_CSV',
  fecha_actualizacion  = now();

-- ─────────────────────────────────────────────────
-- NL: BRTMPCATASNL_2025_2_02302  |  CÓDIGO 02302
-- 109 filas
-- ─────────────────────────────────────────────────
INSERT INTO catastro.construcciones (
  rol, numero_construccion, material_codigo,
  calidad_codigo, anio_construccion,
  sup_total_m2, destino_construccion, condicion_especial,
  numero_pisos, fuente_datos
) VALUES
('02302-03411-00001',1,'F',5,1933,40,'H',NULL,1,'SII_CSV'),
('02302-03411-00002',1,'F',5,1933,40,'H',NULL,1,'SII_CSV'),
('02302-03411-00003',1,'F',5,1933,40,'H',NULL,1,'SII_CSV'),
('02302-03411-00004',1,'F',5,1943,151,'H',NULL,1,'SII_CSV'),
('02302-03411-00005',1,'F',5,1930,99,'H',NULL,1,'SII_CSV'),
('02302-03411-00006',1,'F',5,1930,41,'H',NULL,1,'SII_CSV'),
('02302-03411-00007',1,'F',5,1930,227,'H',NULL,1,'SII_CSV'),
('02302-03411-00008',1,'F',5,1930,196,'H',NULL,1,'SII_CSV'),
('02302-03411-00009',1,'F',5,1930,25,'H',NULL,1,'SII_CSV'),
('02302-03411-00010',1,'F',5,1930,367,'E',NULL,1,'SII_CSV'),
('02302-03411-00011',1,'F',5,1930,422,'H',NULL,1,'SII_CSV'),
('02302-03411-00012',1,'F',5,1930,140,'H',NULL,1,'SII_CSV'),
('02302-03411-00013',1,'F',5,1930,93,'H',NULL,1,'SII_CSV'),
('02302-03412-00001',1,'F',5,1930,32,'H',NULL,1,'SII_CSV'),
('02302-03412-00002',1,'F',5,1930,136,'H',NULL,1,'SII_CSV'),
('02302-03412-00003',1,'F',5,1930,115,'H',NULL,1,'SII_CSV'),
('02302-03412-00004',1,'F',5,1930,30,'H',NULL,1,'SII_CSV'),
('02302-03412-00005',1,'F',5,1930,168,'H',NULL,1,'SII_CSV'),
('02302-03412-00006',1,'F',5,1930,30,'H',NULL,1,'SII_CSV'),
('02302-03412-00007',1,'F',5,1930,75,'H',NULL,1,'SII_CSV'),
('02302-03412-00008',1,'F',5,1930,68,'H',NULL,1,'SII_CSV'),
('02302-03412-00009',1,'F',5,1930,78,'H',NULL,1,'SII_CSV'),
('02302-03412-00010',1,'F',5,1930,123,'H',NULL,1,'SII_CSV'),
('02302-03412-00011',1,'E',5,1935,201,'H',NULL,1,'SII_CSV'),
('02302-03412-00011',2,'F',5,1935,117,'H',NULL,1,'SII_CSV'),
('02302-03412-00012',1,'F',5,1930,143,'H',NULL,1,'SII_CSV'),
('02302-03412-00013',1,'F',5,1930,153,'H',NULL,1,'SII_CSV'),
('02302-03412-00014',1,'F',5,1930,144,'H',NULL,1,'SII_CSV'),
('02302-03412-00015',1,'F',5,1932,783,'H',NULL,1,'SII_CSV'),
('02302-03412-00016',1,'F',5,1930,333,'H',NULL,1,'SII_CSV'),
('02302-03413-00001',1,'F',5,1930,293,'H',NULL,1,'SII_CSV'),
('02302-03413-00002',1,'C',3,1960,117,'I',NULL,1,'SII_CSV'),
('02302-03414-00001',1,'E',5,1930,131,'O',NULL,1,'SII_CSV'),
('02302-03414-00002',1,'K',3,2019,50,'V',NULL,1,'SII_CSV'),
('02302-03414-00003',1,'GA',3,2019,350,'O',NULL,1,'SII_CSV'),
('02302-03414-00004',1,'GA',3,2019,250,'O',NULL,1,'SII_CSV'),
('02302-03415-00002',1,'C',3,1979,95,'E',NULL,1,'SII_CSV'),
('02302-03416-00001',1,'F',4,1928,953,'H',NULL,1,'SII_CSV'),
('02302-03417-00001',1,'K',4,1976,56,'T',NULL,1,'SII_CSV'),
('02302-03417-00002',1,'E',4,1970,45,'O',NULL,1,'SII_CSV'),
('02302-03418-00001',1,'F',5,1930,40,'H',NULL,1,'SII_CSV'),
('02302-03418-00002',1,'F',5,1930,96,'H',NULL,1,'SII_CSV'),
('02302-03418-00003',1,'F',5,1930,69,'H',NULL,1,'SII_CSV'),
('02302-03418-00004',1,'E',4,1955,178,'H',NULL,1,'SII_CSV'),
('02302-03418-00004',2,'F',5,1955,65,'H',NULL,1,'SII_CSV'),
('02302-03418-00004',3,'GE',3,1955,100,'H',NULL,1,'SII_CSV'),
('02302-03418-00005',1,'F',5,1930,45,'H',NULL,1,'SII_CSV'),
('02302-03418-00006',1,'F',5,1930,74,'H',NULL,1,'SII_CSV'),
('02302-03418-00007',1,'F',4,1990,51,'H',NULL,1,'SII_CSV'),
('02302-03418-00008',1,'F',5,2009,90,'H',NULL,1,'SII_CSV'),
('02302-03418-00009',1,'F',5,1930,65,'H',NULL,1,'SII_CSV'),
('02302-03419-00001',1,'F',5,1930,221,'H',NULL,1,'SII_CSV'),
('02302-03419-00002',1,'G',4,1998,200,'C',NULL,1,'SII_CSV'),
('02302-03419-00003',1,'G',4,1980,100,'O',NULL,1,'SII_CSV'),
('02302-03419-00004',1,'G',4,1998,56,'S',NULL,1,'SII_CSV'),
('02302-03420-00001',1,'E',5,1930,222,'H',NULL,1,'SII_CSV'),
('02302-03420-00003',1,'F',5,1930,661,'H',NULL,1,'SII_CSV'),
('02302-03420-00005',1,'F',5,1930,159,'H',NULL,1,'SII_CSV'),
('02302-03421-00001',1,'F',5,1930,36,'H',NULL,1,'SII_CSV'),
('02302-03421-00002',1,'F',5,1930,45,'H',NULL,1,'SII_CSV'),
('02302-03421-00003',1,'F',5,1930,149,'H',NULL,1,'SII_CSV'),
('02302-03421-00005',1,'F',4,1930,80,'H',NULL,1,'SII_CSV'),
('02302-03421-00006',1,'F',5,1960,129,'H',NULL,1,'SII_CSV'),
('02302-03421-00008',1,'F',5,1960,98,'H',NULL,1,'SII_CSV'),
('02302-03421-00009',1,'F',5,1962,95,'H',NULL,1,'SII_CSV'),
('02302-03421-00010',1,'F',5,1962,200,'H',NULL,1,'SII_CSV'),
('02302-03421-00011',1,'F',5,1960,192,'H',NULL,1,'SII_CSV'),
('02302-03421-00012',1,'F',5,1960,180,'H',NULL,1,'SII_CSV'),
('02302-03421-00014',1,'F',5,1960,45,'H',NULL,1,'SII_CSV'),
('02302-03421-00015',1,'F',5,2017,36,'H',NULL,1,'SII_CSV'),
('02302-03422-00001',1,'F',5,1953,215,'H',NULL,1,'SII_CSV'),
('02302-03422-00002',1,'F',5,1953,198,'H',NULL,1,'SII_CSV'),
('02302-03423-00001',1,'F',5,1950,209,'H',NULL,1,'SII_CSV'),
('02302-03423-00003',1,'F',4,1980,50,'H',NULL,1,'SII_CSV'),
('02302-03423-00004',1,'F',4,2019,200,'H',NULL,1,'SII_CSV'),
('02302-03423-00005',1,'C',4,1996,24,'H',NULL,1,'SII_CSV'),
('02302-03424-00001',1,'F',5,1930,140,'H',NULL,1,'SII_CSV'),
('02302-03424-00002',1,'F',5,1960,36,'H',NULL,1,'SII_CSV'),
('02302-03425-00001',1,'F',4,1915,192,'O',NULL,1,'SII_CSV'),
('02302-03425-00001',2,'C',4,1960,240,'H',NULL,1,'SII_CSV'),
('02302-03425-00001',3,'E',4,1960,19,'L',NULL,1,'SII_CSV'),
('02302-03425-00001',4,'GE',2,1930,45,'L',NULL,1,'SII_CSV'),
('02302-03425-00001',5,'E',4,1960,30,'V',NULL,1,'SII_CSV'),
('02302-03425-00001',6,'E',4,1930,405,'V',NULL,1,'SII_CSV'),
('02302-03425-00001',7,'GA',2,1915,720,'T',NULL,1,'SII_CSV'),
('02302-03425-00001',8,'GA',2,1915,120,'L',NULL,1,'SII_CSV'),
('02302-03425-00004',1,'F',4,1929,350,'P',NULL,1,'SII_CSV'),
('02302-03427-00002',1,'G',4,2008,1111,'E',NULL,1,'SII_CSV'),
('02302-03427-00002',2,'GA',3,2008,630,'E',NULL,1,'SII_CSV'),
('02302-03427-00003',1,'G',3,2008,158,'H',NULL,1,'SII_CSV'),
('02302-03427-00004',1,'G',4,2008,191,'H',NULL,1,'SII_CSV'),
('02302-03431-00001',1,'E',3,2019,360,'H',NULL,1,'SII_CSV'),
('02302-03451-00005',1,'F',5,1924,281,'H',NULL,1,'SII_CSV'),
('02302-03451-00005',2,'C',4,1924,71,'Z',NULL,1,'SII_CSV'),
('02302-03451-00006',1,'E',5,1930,977,'H',NULL,1,'SII_CSV'),
('02302-03451-00007',1,'E',4,1945,220,'H',NULL,1,'SII_CSV'),
('02302-03451-00015',1,'G',2,2017,216,'I',NULL,1,'SII_CSV'),
('02302-03451-00015',2,'GA',3,2017,125,'I',NULL,1,'SII_CSV'),
('02302-03451-00015',3,'GA',3,2020,135,'I',NULL,1,'SII_CSV'),
('02302-03451-00015',4,'G',3,2020,70,'I',NULL,1,'SII_CSV'),
('02302-03451-00015',5,'G',3,2020,70,'I',NULL,1,'SII_CSV'),
('02302-03451-00015',6,'G',3,2020,20,'I',NULL,1,'SII_CSV'),
('02302-03451-00015',7,'G',3,2020,183,'I',NULL,1,'SII_CSV'),
('02302-03451-00015',8,'G',3,2020,350,'I',NULL,1,'SII_CSV'),
('02302-03452-00002',1,'C',3,2019,442,'O',NULL,1,'SII_CSV'),
('02302-03453-00001',1,'G',3,1995,817,'H',NULL,1,'SII_CSV'),
('02302-03454-00002',1,'GA',3,2019,135,'L',NULL,1,'SII_CSV'),
('02302-04100-00064',1,'F',5,2010,21,'H',NULL,1,'SII_CSV'),
('02302-04100-00078',1,'C',3,2022,95,'Q',NULL,1,'SII_CSV')
ON CONFLICT (rol, numero_construccion) DO UPDATE SET
  material_codigo       = EXCLUDED.material_codigo,
  calidad_codigo        = EXCLUDED.calidad_codigo,
  anio_construccion     = EXCLUDED.anio_construccion,
  sup_total_m2          = EXCLUDED.sup_total_m2,
  destino_construccion  = EXCLUDED.destino_construccion,
  condicion_especial    = EXCLUDED.condicion_especial,
  numero_pisos          = EXCLUDED.numero_pisos;

-- ─────────────────────────────────────────────────
-- A: BRTMPCATASA_2025_2_02302  |  CÓDIGO 02302
-- 29 filas
-- ─────────────────────────────────────────────────
INSERT INTO catastro.predios (
  rol, codigo_comuna, manzana, predio, direccion,
  avaluo_total_vigente, contribucion_semestre,
  destino_sii, avaluo_total_exento,
  cod_ubicacion, serie_predio, fuente_datos
) VALUES
('02302-03425-00002','02302','03425','00002','EX POLVORIN SECTOR ASCOTAN',9781891,NULL,'A',9781891,'R','agricola','SII_CSV'),
('02302-04100-00024','02302','04100','00024','SALAR ALCONCHA Y VEGAS ASOC.',113145208,NULL,'A',113145208,'R','agricola','SII_CSV'),
('02302-04100-00025','02302','04100','00025','LT A PUEBLO PUQUIOS',93406738,NULL,'A',93406738,'R','agricola','SII_CSV'),
('02302-04100-00026','02302','04100','00026','LT B PUEBLO PUQUIOS',2075284,NULL,'A',2075284,'R','agricola','SII_CSV'),
('02302-04100-00027','02302','04100','00027','QUEBRADA EL QUINCE LT A PL II 3 6068 CR',4962261,NULL,'A',4962261,'R','agricola','SII_CSV'),
('02302-04100-00028','02302','04100','00028','QUEBRADA EL QUINCE LT B PL II 3 6068 CR',79997,NULL,'A',79997,'R','agricola','SII_CSV'),
('02302-04100-00029','02302','04100','00029','SECTOR COSCA LOTE A',1167424,NULL,'A',1167424,'R','agricola','SII_CSV'),
('02302-04100-00030','02302','04100','00030','QUEBRADA COASA',5065571,NULL,'A',5065571,'R','agricola','SII_CSV'),
('02302-04100-00031','02302','04100','00031','LT A ARENAL DE AMINCHA',511676,NULL,'A',511676,'R','agricola','SII_CSV'),
('02302-04100-00032','02302','04100','00032','LT B ARENAL DE AMINCHA',957631,NULL,'A',957631,'R','agricola','SII_CSV'),
('02302-04100-00033','02302','04100','00033','LT C ARENAL DE AMINCHA',20467,NULL,'A',20467,'R','agricola','SII_CSV'),
('02302-04100-00034','02302','04100','00034','QBDA.PALPANA HORNITO Y VEGAS LOTE A',15763226,NULL,'A',15763226,'R','agricola','SII_CSV'),
('02302-04100-00035','02302','04100','00035','LT A CEMENTERIO COSCA ANTIGUO',19201,NULL,'A',19201,'R','agricola','SII_CSV'),
('02302-04100-00036','02302','04100','00036','LT B CEMENTERIO COSCA ANTIGUO',5760,NULL,'A',5760,'R','agricola','SII_CSV'),
('02302-04100-00037','02302','04100','00037','LT A CANTERA DE OLLAGUE',70271,NULL,'A',70271,'R','agricola','SII_CSV'),
('02302-04100-00038','02302','04100','00038','LT B CANTERA DE OLLAGUE',197848,NULL,'A',197848,'R','agricola','SII_CSV'),
('02302-04100-00039','02302','04100','00039','LT C CANTERA DE OLLAGUE',7278,NULL,'A',7278,'R','agricola','SII_CSV'),
('02302-04100-00040','02302','04100','00040','SECTOR QBDA.COSCA Y VEGAS ASOCIADAS',91795498,NULL,'A',91795498,'R','agricola','SII_CSV'),
('02302-04100-00041','02302','04100','00041','SECTOR QBDA.DEL INCA LOTE A',8030589,NULL,'A',8030589,'R','agricola','SII_CSV'),
('02302-04100-00042','02302','04100','00042','PUQUIOS Y VEGAS LT.A PL:II- 3 - 6238 -CR',1458947,NULL,'A',1458947,'R','agricola','SII_CSV'),
('02302-04100-00043','02302','04100','00043','PUQUIOS Y VEGAS LT.B PL:II- 3 - 6238 -CR',46524,NULL,'A',46524,'R','agricola','SII_CSV'),
('02302-04100-00044','02302','04100','00044','PUQUIOS Y VEGAS LT.C PL:II- 3 - 6238 -CR',14669638,NULL,'A',14669638,'R','agricola','SII_CSV'),
('02302-04100-00045','02302','04100','00045','PUQUIOS Y VEGAS LT.D PL:II- 3 - 6238 -CR',10257423,NULL,'A',10257423,'R','agricola','SII_CSV'),
('02302-04100-00046','02302','04100','00046','PUQUIOS Y VEGAS LT.E PL:II- 3 - 6238 -CR',12068894,NULL,'A',12068894,'R','agricola','SII_CSV'),
('02302-04100-00047','02302','04100','00047','QBDA.PALPANA HORNITO Y VEGAS LOTE B',382577,NULL,'A',382577,'R','agricola','SII_CSV'),
('02302-04100-00048','02302','04100','00048','SECTOR COSCA LOTE B',1113448,NULL,'A',1113448,'R','agricola','SII_CSV'),
('02302-04100-00049','02302','04100','00049','SECTOR QBDA. DEL INCA LOTE B',6316927,NULL,'A',6316927,'R','agricola','SII_CSV'),
('02302-04100-00050','02302','04100','00050','OLLAGUE CAMPOS DE PASTOREO',4194349167,NULL,'A',4194349167,'R','agricola','SII_CSV'),
('02302-04100-00061','02302','04100','00061','SALAR DE CARCOTE PL. 2202 . 6647 .CR',277356570,NULL,'A',277356570,'R','agricola','SII_CSV')
ON CONFLICT (rol) DO UPDATE SET
  avaluo_total_vigente = EXCLUDED.avaluo_total_vigente,
  contribucion_semestre = EXCLUDED.contribucion_semestre,
  destino_sii          = EXCLUDED.destino_sii,
  avaluo_total_exento  = EXCLUDED.avaluo_total_exento,
  cod_ubicacion        = EXCLUDED.cod_ubicacion,
  fuente_datos         = 'SII_CSV',
  fecha_actualizacion  = now();

-- ─────────────────────────────────────────────────
-- AL: BRTMPCATASAL_2025_2_02302  |  CÓDIGO 02302
-- 31 filas
-- ─────────────────────────────────────────────────
INSERT INTO catastro.suelos_agricolas (
  rol, cod_suelo, sup_ha, fuente_datos
) VALUES
('02302-03425-00002','6',22.29,'SII_CSV'),
('02302-03425-00002','7',33.43,'SII_CSV'),
('02302-03425-00002','8',55.72,'SII_CSV'),
('02302-04100-00024','8',5885.47,'SII_CSV'),
('02302-04100-00025','8',4687.25,'SII_CSV'),
('02302-04100-00026','8',104.14,'SII_CSV'),
('02302-04100-00027','8',225.17,'SII_CSV'),
('02302-04100-00028','8',3.63,'SII_CSV'),
('02302-04100-00029','8',54.72,'SII_CSV'),
('02302-04100-00030','8',245.53,'SII_CSV'),
('02302-04100-00031','8',22.50,'SII_CSV'),
('02302-04100-00032','8',42.11,'SII_CSV'),
('02302-04100-00033','8',0.90,'SII_CSV'),
('02302-04100-00034','8',715.28,'SII_CSV'),
('02302-04100-00035','8',0.90,'SII_CSV'),
('02302-04100-00036','8',0.27,'SII_CSV'),
('02302-04100-00037','8',3.09,'SII_CSV'),
('02302-04100-00038','8',8.70,'SII_CSV'),
('02302-04100-00039','8',0.32,'SII_CSV'),
('02302-04100-00040','8',4449.36,'SII_CSV'),
('02302-04100-00041','8',364.40,'SII_CSV'),
('02302-04100-00042','8',75.89,'SII_CSV'),
('02302-04100-00043','8',2.42,'SII_CSV'),
('02302-04100-00044','8',763.07,'SII_CSV'),
('02302-04100-00045','8',533.56,'SII_CSV'),
('02302-04100-00046','8',605.63,'SII_CSV'),
('02302-04100-00047','8',17.36,'SII_CSV'),
('02302-04100-00048','8',52.19,'SII_CSV'),
('02302-04100-00049','8',286.64,'SII_CSV'),
('02302-04100-00050','6',19979.61,'SII_CSV'),
('02302-04100-00061','8',12585.47,'SII_CSV')
ON CONFLICT (rol, cod_suelo) DO UPDATE SET
  sup_ha = EXCLUDED.sup_ha;

-- ─────────────────────────────────────────────────
-- Registro en catastro.importaciones
-- ─────────────────────────────────────────────────
INSERT INTO catastro.importaciones
  (codigo_comuna, nombre_comuna, archivo_fuente, tipo_archivo,
   total_registros, fecha_importacion, estado, error_msg)
VALUES
('02302', 'CÓDIGO 02302', 'BRTMPCATASN_2025_2_02302', 'N', 170, '2026-03-19T19:35:22.731445', 'completado', NULL),
('02302', 'CÓDIGO 02302', 'BRTMPCATASNL_2025_2_02302', 'NL', 109, '2026-03-19T19:35:22.731445', 'completado', NULL),
('02302', 'CÓDIGO 02302', 'BRTMPCATASA_2025_2_02302', 'A', 29, '2026-03-19T19:35:22.731445', 'completado', NULL),
('02302', 'CÓDIGO 02302', 'BRTMPCATASAL_2025_2_02302', 'AL', 31, '2026-03-19T19:35:22.731445', 'completado', NULL);

COMMIT;
-- ══ FIN DE INGESTIÓN ══
