-- ══════════════════════════════════════════════════════════════
-- SNRI — Ingestión Catastral SII
-- Generado : 2026-03-19 16:51:55
-- Comuna(s): 12302 CÓDIGO 12302
-- Archivos :
--   BRTMPCATASN_2025_2_12302
--   BRTMPCATASNL_2025_2_12302
--   BRTMPCATASA_2025_2_12302
--   BRTMPCATASAL_2025_2_12302
-- ══════════════════════════════════════════════════════════════

SET search_path TO catastro, public;
BEGIN;

-- DDL auxiliar

-- Tabla auxiliar para suelos agrícolas (si no existe)
CREATE TABLE IF NOT EXISTS catastro.suelos_agricolas (
    id          uuid PRIMARY KEY DEFAULT gen_random_uuid(),
    rol         text NOT NULL,
    cod_suelo   text NOT NULL,
    sup_ha      numeric(12,2),
    fuente_datos text,
    created_at  timestamptz DEFAULT now(),
    CONSTRAINT fk_suelos_predio FOREIGN KEY (rol)
        REFERENCES catastro.predios(rol) ON DELETE CASCADE
);
CREATE UNIQUE INDEX IF NOT EXISTS uq_suelos_rol_cod
    ON catastro.suelos_agricolas(rol, cod_suelo);


-- ─────────────────────────────────────────────────
-- N: BRTMPCATASN_2025_2_12302  |  CÓDIGO 12302
-- 261 filas
-- ─────────────────────────────────────────────────
INSERT INTO catastro.predios (
  rol, codigo_comuna, manzana, predio, direccion,
  avaluo_total_vigente, contribucion_semestre, destino_sii,
  avaluo_total_exento, bc1_rol, bc2_rol,
  sup_terreno_m2, cod_ubicacion, rol_padre,
  serie_predio, fuente_datos
) VALUES
('12302-00112-00007','12302','00112','00007','HERNANDO DE MAGALLANES 1045 A',25696438,NULL,'H',25696438,NULL,NULL,475,'U',NULL,'no_agricola','SII_CSV'),
('12302-00112-00008','12302','00112','00008','HERNANDO DE MAGALLANES 1045 B',22771044,NULL,'H',22771044,NULL,NULL,397,'U',NULL,'no_agricola','SII_CSV'),
('12302-00621-00001','12302','00621','00001','PB CAPTO Y TERMINAL PERCY',1559741014,NULL,'I',1559741014,NULL,NULL,560800,'R',NULL,'no_agricola','SII_CSV'),
('12302-00621-00003','12302','00621','00003','TERM Y PB B FELIPE CLARENCIA',1400358941,NULL,'I',1400358941,NULL,NULL,2064000,'R',NULL,'no_agricola','SII_CSV'),
('12302-00621-00019','12302','00621','00019','PTO PERCY PL 98172',1155564960,NULL,'W',1155564960,NULL,NULL,2100000,'U',NULL,'no_agricola','SII_CSV'),
('12302-00621-00021','12302','00621','00021','BAHIA GENTE GRANDE EST SARITA',37521874,NULL,'W',37521874,NULL,NULL,37800,'R',NULL,'no_agricola','SII_CSV'),
('12302-00621-00022','12302','00621','00022','CONC MART CALETA CLARENCIA',134218823,NULL,'I',134218823,NULL,NULL,135000,'R',NULL,'no_agricola','SII_CSV'),
('12302-00621-00023','12302','00621','00023','CONCESION MARITIMA DS 493',7941137,NULL,'V',7941137,NULL,NULL,9200,'R',NULL,'no_agricola','SII_CSV'),
('12302-00621-70001','12302','00621','70001','PB PERCY MZ 1',117575181,NULL,'V',NULL,NULL,NULL,2870,'U','12302-00621-00001','no_agricola','SII_CSV'),
('12302-00621-70002','12302','00621','70002','PB PERCY MZ 2',175794315,NULL,'V',NULL,NULL,NULL,4696,'U','12302-00621-00001','no_agricola','SII_CSV'),
('12302-00621-70003','12302','00621','70003','PB PERCY MZ 3',307164021,NULL,'V',NULL,NULL,NULL,6895,'U','12302-00621-00001','no_agricola','SII_CSV'),
('12302-00621-70004','12302','00621','70004','CENTRO COMUNITARIO MZ 4',152454105,NULL,'V',NULL,NULL,NULL,1212,'U','12302-00621-00001','no_agricola','SII_CSV'),
('12302-00621-70005','12302','00621','70005','PB Y CAPTO PERCY',135799986,NULL,'V',135799986,NULL,NULL,2545,'U','12302-00621-00001','no_agricola','SII_CSV'),
('12302-00621-70006','12302','00621','70006','AREA INDUSTRIAL PTO PERCY',271264711,NULL,'V',NULL,NULL,NULL,35131,'U','12302-00621-00001','no_agricola','SII_CSV'),
('12302-00621-70007','12302','00621','70007','CAMINOS CALLES VEREDAS AREAS VER',62357457,NULL,'V',62357457,NULL,NULL,79170,'U','12302-00621-00001','no_agricola','SII_CSV'),
('12302-00621-70008','12302','00621','70008','PAMPA COIRON',337331239,NULL,'V',NULL,NULL,NULL,428281,'U','12302-00621-00001','no_agricola','SII_CSV'),
('12302-00621-70009','12302','00621','70009','PB B CLARENCIA',126962853,NULL,'V',NULL,NULL,NULL,2891,'U','12302-00621-00003','no_agricola','SII_CSV'),
('12302-00621-70010','12302','00621','70010','SC INDUSTRIAL CLARENCIA',72249369,NULL,'V',NULL,NULL,NULL,436,'U','12302-00621-00003','no_agricola','SII_CSV'),
('12302-00621-70011','12302','00621','70011','EX PB OPERARIOS CLARENCIA',41954593,NULL,'V',NULL,NULL,NULL,884,'U','12302-00621-00003','no_agricola','SII_CSV'),
('12302-00621-70012','12302','00621','70012','BAHIA FELIPE',3551077,NULL,'V',NULL,NULL,NULL,38,'U','12302-00621-00003','no_agricola','SII_CSV'),
('12302-00621-70013','12302','00621','70013','CAMINOS CALLES PUBLICAS Y VEREDA',59120429,NULL,'V',59120429,NULL,NULL,105373,'U','12302-00621-00003','no_agricola','SII_CSV'),
('12302-00621-70014','12302','00621','70014','PAMPA COIRON',1096520619,NULL,'V',NULL,NULL,NULL,1954378,'U','12302-00621-00003','no_agricola','SII_CSV'),
('12302-00635-00001','12302','00635','00001','PUNTA ESPORA',10789589,NULL,'W',10789589,NULL,NULL,10000,'R',NULL,'no_agricola','SII_CSV'),
('12302-00635-00002','12302','00635','00002','MANANTIALES LT',252907961,NULL,'W',252907961,NULL,NULL,293000,'R',NULL,'no_agricola','SII_CSV'),
('12302-00635-00004','12302','00635','00004','PB CO SOMBRERO',13272014280,NULL,'I',13272014280,NULL,NULL,439179,'U',NULL,'no_agricola','SII_CSV'),
('12302-00635-00006','12302','00635','00006','COMPRESORES Y PLANTA ELECT SARA',215502172,NULL,'I',215502172,NULL,NULL,40000,'R',NULL,'no_agricola','SII_CSV'),
('12302-00635-00038','12302','00635','00038','PLAYA ESPORA',5394794,NULL,'I',5394794,NULL,NULL,5000,'R',NULL,'no_agricola','SII_CSV'),
('12302-00635-00039','12302','00635','00039','PLAYA ESPORA',5394794,NULL,'V',5394794,NULL,NULL,5000,'R',NULL,'no_agricola','SII_CSV'),
('12302-00635-00044','12302','00635','00044','LOS FLAMENCOS MZ 12 ST 6',29418367,NULL,'H',29418367,NULL,NULL,415,'U',NULL,'no_agricola','SII_CSV'),
('12302-00635-00046','12302','00635','00046','AERODROMO CO SOMBRERO KM 7 NORTE',18309500,NULL,'G',NULL,NULL,NULL,500,'R',NULL,'no_agricola','SII_CSV'),
('12302-00635-00047','12302','00635','00047','CERRO SOMBRERO XII 3 271 CR',779778763,NULL,'V',779778763,NULL,NULL,1137000,'R',NULL,'no_agricola','SII_CSV'),
('12302-00635-00048','12302','00635','00048','LT S/N PL XII- 3 - 147 CU',8026083,NULL,'W',8026083,NULL,NULL,214,'U',NULL,'no_agricola','SII_CSV'),
('12302-00635-00049','12302','00635','00049','PL XII 3 148 CR',5286899,NULL,'W',5286899,NULL,NULL,4900,'R',NULL,'no_agricola','SII_CSV'),
('12302-00635-00050','12302','00635','00050','PARADOR BAHIA AZUL',20584451,NULL,'C',20584451,NULL,NULL,6950,'R',NULL,'no_agricola','SII_CSV'),
('12302-00635-00052','12302','00635','00052','C SOMBRERO PL XII 3 238',660558081,NULL,'G',660558081,NULL,NULL,21700,'R',NULL,'no_agricola','SII_CSV'),
('12302-00635-00053','12302','00635','00053','LOS FLAMENCOS 1006 LT 26',74129279,NULL,'H',74129279,NULL,NULL,880,'U',NULL,'no_agricola','SII_CSV'),
('12302-00635-00054','12302','00635','00054','ALEJO MARCOU 1059 LT 12',18940055,NULL,'W',18940055,NULL,NULL,505,'U',NULL,'no_agricola','SII_CSV'),
('12302-00635-00056','12302','00635','00056','EX CAMP MANATIALES',2335015002,NULL,'P',2335015002,NULL,NULL,3707000,'R',NULL,'no_agricola','SII_CSV'),
('12302-00635-00057','12302','00635','00057','C SOMBRERO XII 3 281 CR',44108596,NULL,'V',44108596,NULL,NULL,1300,'R',NULL,'no_agricola','SII_CSV'),
('12302-00635-00058','12302','00635','00058','C SOMBRERO TENENCIA',244226065,NULL,'O',244226065,NULL,NULL,6850,'U',NULL,'no_agricola','SII_CSV'),
('12302-00635-00059','12302','00635','00059','C SOMBRERO LAS GAVIOTAS',80363790,NULL,'H',80363790,NULL,NULL,957,'U',NULL,'no_agricola','SII_CSV'),
('12302-00635-00060','12302','00635','00060','BAT SOMBR P BAJA VICT CH',43619705,NULL,'I',43619705,NULL,NULL,1000,'R',NULL,'no_agricola','SII_CSV'),
('12302-00635-00061','12302','00635','00061','ESTACION SERVICIOS CAMINOC SOMB',30728458,NULL,'I',30728458,NULL,NULL,6720,'R',NULL,'no_agricola','SII_CSV'),
('12302-00635-00062','12302','00635','00062','LT 1 DEL LT 54 A',11719941,NULL,'W',11719941,NULL,NULL,5000,'R',NULL,'no_agricola','SII_CSV'),
('12302-00635-00063','12302','00635','00063','SERVICENTRO CAMINO C SOMBRERO L 2',11719941,NULL,'C',11719941,NULL,NULL,5000,'R',NULL,'no_agricola','SII_CSV'),
('12302-00635-00064','12302','00635','00064','LT 3 DEL LT 54 A',11719941,NULL,'W',11719941,NULL,NULL,5000,'R',NULL,'no_agricola','SII_CSV'),
('12302-00635-00065','12302','00635','00065','POSADA CAMINO C SOMBRERO LT 4',19207399,NULL,'G',19207399,NULL,NULL,5000,'R',NULL,'no_agricola','SII_CSV'),
('12302-00635-00066','12302','00635','00066','LT 4 LT 54 A',11719941,NULL,'W',11719941,NULL,NULL,5000,'R',NULL,'no_agricola','SII_CSV'),
('12302-00635-00067','12302','00635','00067','LT 6 DEL LT 54 A',11719941,NULL,'W',11719941,NULL,NULL,5000,'R',NULL,'no_agricola','SII_CSV'),
('12302-00635-00069','12302','00635','00069','DESEMBARCADERO B AZUL',3549775,NULL,'W',3549775,NULL,NULL,3290,'R',NULL,'no_agricola','SII_CSV'),
('12302-00635-00070','12302','00635','00070','LTA1 A 2 B DESTINACI',4170823,NULL,'W',4170823,NULL,NULL,4832,'R',NULL,'no_agricola','SII_CSV'),
('12302-00635-00071','12302','00635','00071','LOTE FISCAL S/N PL XII- 3 - 597 -CR',26451386,NULL,'C',26451386,NULL,NULL,1250,'R',NULL,'no_agricola','SII_CSV'),
('12302-00635-00072','12302','00635','00072','LT 56 PC 1',15864112,NULL,'W',15864112,NULL,NULL,7200,'R',NULL,'no_agricola','SII_CSV'),
('12302-00635-00073','12302','00635','00073','LT 56 PC 2',11719941,NULL,'W',11719941,NULL,NULL,5000,'R',NULL,'no_agricola','SII_CSV'),
('12302-00635-00074','12302','00635','00074','LT 56 PC 3',11719941,NULL,'W',11719941,NULL,NULL,5000,'R',NULL,'no_agricola','SII_CSV'),
('12302-00635-00075','12302','00635','00075','LT 6 PC 4',11719941,NULL,'W',11719941,NULL,NULL,5000,'R',NULL,'no_agricola','SII_CSV'),
('12302-00635-00076','12302','00635','00076','LT 56 PC 8',11954340,NULL,'W',11954340,NULL,NULL,5100,'R',NULL,'no_agricola','SII_CSV'),
('12302-00635-00077','12302','00635','00077','LT 56 PC 9',11719941,NULL,'W',11719941,NULL,NULL,5000,'R',NULL,'no_agricola','SII_CSV'),
('12302-00635-00078','12302','00635','00078','LT 56 PC 10',12298906,NULL,'W',12298906,NULL,NULL,5300,'R',NULL,'no_agricola','SII_CSV'),
('12302-00635-00079','12302','00635','00079','LT 56 ESTAC MILAGRO LT 122',11056592,NULL,'W',11056592,NULL,NULL,5300,'R',NULL,'no_agricola','SII_CSV'),
('12302-00635-00080','12302','00635','00080','LT 56 EST MILAGRO LT 131',11056592,NULL,'W',11056592,NULL,NULL,5300,'R',NULL,'no_agricola','SII_CSV'),
('12302-00635-00081','12302','00635','00081','EST MARIA ANGELICA',11719941,NULL,'W',11719941,NULL,NULL,5000,'R',NULL,'no_agricola','SII_CSV'),
('12302-00635-00082','12302','00635','00082','EST MARIA ANGELICA',11719941,NULL,'W',11719941,NULL,NULL,5000,'R',NULL,'no_agricola','SII_CSV'),
('12302-00635-00083','12302','00635','00083','EST MARIA ANGELICA',9375953,NULL,'W',9375953,NULL,NULL,5000,'R',NULL,'no_agricola','SII_CSV'),
('12302-00635-00084','12302','00635','00084','EST MARIA ANGELICA',11719941,NULL,'W',11719941,NULL,NULL,5000,'R',NULL,'no_agricola','SII_CSV'),
('12302-00635-00085','12302','00635','00085','EST MARIA ANGELICA',11719941,NULL,'W',11719941,NULL,NULL,5000,'R',NULL,'no_agricola','SII_CSV'),
('12302-00635-00086','12302','00635','00086','EST MARIA ANGELICA',11719941,NULL,'W',11719941,NULL,NULL,5000,'R',NULL,'no_agricola','SII_CSV'),
('12302-00635-00087','12302','00635','00087','EST MARIA ANGELICA',11719941,NULL,'W',11719941,NULL,NULL,5000,'R',NULL,'no_agricola','SII_CSV'),
('12302-00635-00088','12302','00635','00088','EST MARIA ANGELICA',21376469,NULL,'W',21376469,NULL,NULL,10133,'R',NULL,'no_agricola','SII_CSV'),
('12302-00635-00090','12302','00635','00090','EST MARIA ANGELICA PC 34',13414645,NULL,'W',13414645,NULL,NULL,5900,'R',NULL,'no_agricola','SII_CSV'),
('12302-00635-00091','12302','00635','00091','EST MARIA ANGELICA PC 35',11954340,NULL,'W',11954340,NULL,NULL,5100,'R',NULL,'no_agricola','SII_CSV'),
('12302-00635-00094','12302','00635','00094','EST MARIA ANGELICA',11719941,NULL,'W',11719941,NULL,NULL,5000,'R',NULL,'no_agricola','SII_CSV'),
('12302-00635-00096','12302','00635','00096','EST MARIA ANGELICA',11719941,NULL,'W',11719941,NULL,NULL,5000,'R',NULL,'no_agricola','SII_CSV'),
('12302-00635-00097','12302','00635','00097','EST MARIA ANGELICA',11719941,NULL,'W',11719941,NULL,NULL,5000,'R',NULL,'no_agricola','SII_CSV'),
('12302-00635-00100','12302','00635','00100','PARADOR BAHIA AZUL-CONCESION',2961742,NULL,'W',2961742,NULL,NULL,3050,'R',NULL,'no_agricola','SII_CSV'),
('12302-00635-00101','12302','00635','00101','EST. MARIA ANGELA',11954340,NULL,'W',11954340,NULL,NULL,5100,'R',NULL,'no_agricola','SII_CSV'),
('12302-00635-00102','12302','00635','00102','EST. MARIA ANGELA',13187278,NULL,'W',13187278,NULL,NULL,5800,'R',NULL,'no_agricola','SII_CSV'),
('12302-00635-00103','12302','00635','00103','EST. MARIA ANGELA',12863807,NULL,'W',12863807,NULL,NULL,5600,'R',NULL,'no_agricola','SII_CSV'),
('12302-00635-00104','12302','00635','00104','EST. MARIA ANGELA',13093518,NULL,'W',13093518,NULL,NULL,5700,'R',NULL,'no_agricola','SII_CSV'),
('12302-00635-00105','12302','00635','00105','EST. MARIA ANGELA',11719941,NULL,'W',11719941,NULL,NULL,5000,'R',NULL,'no_agricola','SII_CSV'),
('12302-00635-00106','12302','00635','00106','EST. MARIA ANGELA',11719941,NULL,'W',11719941,NULL,NULL,5000,'R',NULL,'no_agricola','SII_CSV'),
('12302-00635-00107','12302','00635','00107','EST. MARIA ANGELA',11719941,NULL,'W',11719941,NULL,NULL,5000,'R',NULL,'no_agricola','SII_CSV'),
('12302-00635-00108','12302','00635','00108','EST. MARIA ANGELA',11719941,NULL,'W',11719941,NULL,NULL,5000,'R',NULL,'no_agricola','SII_CSV'),
('12302-00635-00109','12302','00635','00109','EST. MARIA ANGELA',11719941,NULL,'W',11719941,NULL,NULL,5000,'R',NULL,'no_agricola','SII_CSV'),
('12302-00635-00110','12302','00635','00110','EST. MARIA ANGELA',11954340,NULL,'W',11954340,NULL,NULL,5100,'R',NULL,'no_agricola','SII_CSV'),
('12302-00635-00111','12302','00635','00111','EST. MARIA ANGELA',11719941,NULL,'W',11719941,NULL,NULL,5000,'R',NULL,'no_agricola','SII_CSV'),
('12302-00635-00113','12302','00635','00113','BAHIA AZUL CCMM',2094906,NULL,'W',NULL,NULL,NULL,2427,'R',NULL,'no_agricola','SII_CSV'),
('12302-00635-00114','12302','00635','00114','EST. MARIA ANGELA PC 28',11719941,NULL,'W',11719941,NULL,NULL,5000,'R',NULL,'no_agricola','SII_CSV'),
('12302-00635-00115','12302','00635','00115','EST. MARIA ANGELA',11719941,NULL,'W',11719941,NULL,NULL,5000,'R',NULL,'no_agricola','SII_CSV'),
('12302-00635-00119','12302','00635','00119','EST. MARIA ANGELA',11719941,NULL,'W',11719941,NULL,NULL,5000,'R',NULL,'no_agricola','SII_CSV'),
('12302-00635-00129','12302','00635','00129','EST. MARIA ANGELA',11719941,NULL,'W',11719941,NULL,NULL,5000,'R',NULL,'no_agricola','SII_CSV'),
('12302-00635-00130','12302','00635','00130','EST. MARIA ANGELA PC 572',11719941,NULL,'W',11719941,NULL,NULL,5000,'R',NULL,'no_agricola','SII_CSV'),
('12302-00635-00131','12302','00635','00131','EST. MARIA ANGELA',11719941,NULL,'W',11719941,NULL,NULL,5000,'R',NULL,'no_agricola','SII_CSV'),
('12302-00635-00132','12302','00635','00132','EST. MARIA ANGELA',11719941,NULL,'W',11719941,NULL,NULL,5000,'R',NULL,'no_agricola','SII_CSV'),
('12302-00635-00138','12302','00635','00138','EST. MARIA ANGELA',11719941,NULL,'W',11719941,NULL,NULL,5000,'R',NULL,'no_agricola','SII_CSV'),
('12302-00635-00139','12302','00635','00139','EST. MARIA ANGELA',13726395,NULL,'W',13726395,NULL,NULL,6100,'R',NULL,'no_agricola','SII_CSV'),
('12302-00635-00140','12302','00635','00140','EST. MARIA ANGELA',12634096,NULL,'W',12634096,NULL,NULL,5500,'R',NULL,'no_agricola','SII_CSV'),
('12302-00635-00141','12302','00635','00141','EST. MARIA ANGELA',12066851,NULL,'W',12066851,NULL,NULL,5200,'R',NULL,'no_agricola','SII_CSV'),
('12302-00635-00143','12302','00635','00143','EST. MARIA ANGELA',11719941,NULL,'W',11719941,NULL,NULL,5000,'R',NULL,'no_agricola','SII_CSV'),
('12302-00635-00144','12302','00635','00144','EST. MARIA ANGELA',11954340,NULL,'W',11954340,NULL,NULL,5100,'R',NULL,'no_agricola','SII_CSV'),
('12302-00635-00145','12302','00635','00145','EST. MARIA ANGELA',11954340,NULL,'W',11954340,NULL,NULL,5100,'R',NULL,'no_agricola','SII_CSV'),
('12302-00635-00146','12302','00635','00146','EST. MARIA ANGELA',11954340,NULL,'W',11954340,NULL,NULL,5100,'R',NULL,'no_agricola','SII_CSV'),
('12302-00635-00147','12302','00635','00147','PLATAFORMA AERO SOMBRERO',25355534,NULL,'W',25355534,NULL,NULL,23500,'R',NULL,'no_agricola','SII_CSV'),
('12302-00635-00148','12302','00635','00148','PLATAFORMA A.DE CHILE',25787117,NULL,'W',25787117,NULL,NULL,23900,'R',NULL,'no_agricola','SII_CSV'),
('12302-00635-00149','12302','00635','00149','PLATAFORMA EX CAMPTO ENAP',26063331,NULL,'W',26063331,NULL,NULL,24400,'R',NULL,'no_agricola','SII_CSV'),
('12302-00635-00150','12302','00635','00150','EST. MARIA ANGELA',11719941,NULL,'W',11719941,NULL,NULL,5000,'R',NULL,'no_agricola','SII_CSV'),
('12302-00635-00151','12302','00635','00151','EST MARIA ANGELA LT 56',11719941,NULL,'W',11719941,NULL,NULL,5000,'R',NULL,'no_agricola','SII_CSV'),
('12302-00635-00152','12302','00635','00152','EST MARIA ANGELA LT 56',10547947,NULL,'W',10547947,NULL,NULL,5000,'R',NULL,'no_agricola','SII_CSV'),
('12302-00635-00154','12302','00635','00154','EST MARIA ANGELA LT 56',14401464,NULL,'W',14401464,NULL,NULL,6400,'R',NULL,'no_agricola','SII_CSV'),
('12302-00635-00163','12302','00635','00163','EST MARIA ANGELA PC 32',5394794,NULL,'W',5394794,NULL,NULL,5000,'R',NULL,'no_agricola','SII_CSV'),
('12302-00635-00164','12302','00635','00164','EST MARIA ANGELA PC 33',5394794,NULL,'W',5394794,NULL,NULL,5000,'R',NULL,'no_agricola','SII_CSV'),
('12302-00635-00165','12302','00635','00165','EST MARIA ANGELA PC 36',5394794,NULL,'W',5394794,NULL,NULL,5000,'R',NULL,'no_agricola','SII_CSV'),
('12302-00635-00166','12302','00635','00166','EST MARIA ANGELA PC 37',5394794,NULL,'W',5394794,NULL,NULL,5000,'R',NULL,'no_agricola','SII_CSV'),
('12302-00635-00169','12302','00635','00169','EST MARIA ANGELA PC 40',5394794,NULL,'W',5394794,NULL,NULL,5000,'R',NULL,'no_agricola','SII_CSV'),
('12302-00635-00170','12302','00635','00170','EST MARIA ANGELA PC 41',5394794,NULL,'W',5394794,NULL,NULL,5000,'R',NULL,'no_agricola','SII_CSV'),
('12302-00635-00179','12302','00635','00179','PARCELA 87',12298906,NULL,'W',12298906,NULL,NULL,5300,'R',NULL,'no_agricola','SII_CSV'),
('12302-00635-00180','12302','00635','00180','EST MARIA ANGELA PC 25',13951418,NULL,'W',13951418,NULL,NULL,6200,'R',NULL,'no_agricola','SII_CSV'),
('12302-00635-00183','12302','00635','00183','EST MARIA ANGELA PC 29',9375953,NULL,'W',9375953,NULL,NULL,5000,'R',NULL,'no_agricola','SII_CSV'),
('12302-00635-00206','12302','00635','00206','EST MARIA ANGELA PC 88',11056592,NULL,'W',11056592,NULL,NULL,5300,'R',NULL,'no_agricola','SII_CSV'),
('12302-00635-00215','12302','00635','00215','EST MARIA ANGELA PC 97',11344903,NULL,'W',11344903,NULL,NULL,5500,'R',NULL,'no_agricola','SII_CSV'),
('12302-00635-00217','12302','00635','00217','EST MARIA ANGELA PC 99',11344903,NULL,'W',11344903,NULL,NULL,5500,'R',NULL,'no_agricola','SII_CSV'),
('12302-00635-00237','12302','00635','00237','EST MARIA ANGELA PC 119',11265207,NULL,'W',11265207,NULL,NULL,5400,'R',NULL,'no_agricola','SII_CSV'),
('12302-00635-00238','12302','00635','00238','EST MARIA ANGELA PC 120',11265207,NULL,'W',11265207,NULL,NULL,5400,'R',NULL,'no_agricola','SII_CSV'),
('12302-00635-00465','12302','00635','00465','EST MARIA ANGELA PC 351',11719941,NULL,'W',11719941,NULL,NULL,5000,'R',NULL,'no_agricola','SII_CSV'),
('12302-00635-00647','12302','00635','00647','EST MARIA ANGELA PC 545',12634096,NULL,'W',12634096,NULL,NULL,5500,'R',NULL,'no_agricola','SII_CSV'),
('12302-00635-00648','12302','00635','00648','EST MARIA ANGELA PC 546',12863807,NULL,'W',12863807,NULL,NULL,5600,'R',NULL,'no_agricola','SII_CSV'),
('12302-00635-00663','12302','00635','00663','EST MARIA ANGELA PC 20',11719941,NULL,'W',11719941,NULL,NULL,5000,'R',NULL,'no_agricola','SII_CSV'),
('12302-00635-00667','12302','00635','00667','LOTE 55 -A 1',29631059,NULL,'W',29631059,NULL,NULL,28312,'U',NULL,'no_agricola','SII_CSV'),
('12302-00635-00671','12302','00635','00671','LOTE BAZ- 2',3425694,NULL,'W',3425694,NULL,NULL,3175,'R',NULL,'no_agricola','SII_CSV'),
('12302-00635-00685','12302','00635','00685','LOTE A- 1',352175415,NULL,'W',352175415,NULL,NULL,423900,'R',NULL,'no_agricola','SII_CSV'),
('12302-00635-00686','12302','00635','00686','LOTE A- 2',826841598,NULL,'I',826841598,NULL,NULL,24100,'R',NULL,'no_agricola','SII_CSV'),
('12302-00635-70001','12302','00635','70001','PB CO SOMBRERO',228200491,NULL,'V',NULL,NULL,NULL,3140,'U','12302-00635-00004','no_agricola','SII_CSV'),
('12302-00635-70002','12302','00635','70002','PB CO SOMBRERO',528731158,NULL,'V',NULL,NULL,NULL,7700,'U','12302-00635-00004','no_agricola','SII_CSV'),
('12302-00635-70003','12302','00635','70003','PB CO SOMBRERO',479001236,NULL,'V',NULL,NULL,NULL,7012,'U','12302-00635-00004','no_agricola','SII_CSV'),
('12302-00635-70004','12302','00635','70004','PB CO SOMBRERO',368938826,NULL,'V',NULL,NULL,NULL,7593,'U','12302-00635-00004','no_agricola','SII_CSV'),
('12302-00635-70005','12302','00635','70005','PB CO SOMBRERO',308005383,NULL,'V',NULL,NULL,NULL,10805,'U','12302-00635-00004','no_agricola','SII_CSV'),
('12302-00635-70006','12302','00635','70006','PB CO SOMBRERO',421292334,NULL,'V',NULL,NULL,NULL,8989,'U','12302-00635-00004','no_agricola','SII_CSV'),
('12302-00635-70007','12302','00635','70007','PB CO SOMBRERO',375365626,NULL,'V',NULL,NULL,NULL,9042,'U','12302-00635-00004','no_agricola','SII_CSV'),
('12302-00635-70008','12302','00635','70008','PB CO SOMBRERO',214671967,NULL,'V',NULL,NULL,NULL,4428,'U','12302-00635-00004','no_agricola','SII_CSV'),
('12302-00635-70009','12302','00635','70009','POB C SOMBRERO',332793378,NULL,'V',NULL,NULL,NULL,7787,'U','12302-00635-00004','no_agricola','SII_CSV'),
('12302-00635-70010','12302','00635','70010','POBL C SOMBRERO',945221710,NULL,'V',NULL,NULL,NULL,3480,'U','12302-00635-00004','no_agricola','SII_CSV'),
('12302-00635-70011','12302','00635','70011','POBL C SOMBRERO',220845137,NULL,'V',NULL,NULL,NULL,1950,'U','12302-00635-00004','no_agricola','SII_CSV'),
('12302-00635-70012','12302','00635','70012','POB C SOMBRERO',1046155304,NULL,'V',NULL,NULL,NULL,33030,'U','12302-00635-00004','no_agricola','SII_CSV'),
('12302-00635-70013','12302','00635','70013','POBL CERRO SOMBRERO',904644655,NULL,'V',NULL,NULL,NULL,19278,'U','12302-00635-00004','no_agricola','SII_CSV'),
('12302-00635-70014','12302','00635','70014','POBL CERRO SOMBRERO',484455866,NULL,'V',NULL,NULL,NULL,11713,'U','12302-00635-00004','no_agricola','SII_CSV'),
('12302-00635-70015','12302','00635','70015','POBL C SOMBRERO',524337575,NULL,'V',NULL,NULL,NULL,9627,'U','12302-00635-00004','no_agricola','SII_CSV'),
('12302-00635-70016','12302','00635','70016','CALLES PUBLICAS VEREDAS',1779281313,NULL,'V',1779281313,NULL,NULL,115710,'U','12302-00635-00004','no_agricola','SII_CSV'),
('12302-00635-70017','12302','00635','70017','SUPERFICIE RESTANTE',2444462810,NULL,'V',NULL,NULL,NULL,158968,'U','12302-00635-00004','no_agricola','SII_CSV'),
('12302-00635-70018','12302','00635','70018','HOSPITAL-IGLESIA-COLEGIO-GIMNA',1665609513,NULL,'D',1665609513,NULL,NULL,18927,'U','12302-00635-00004','no_agricola','SII_CSV'),
('12302-00635-70019','12302','00635','70019','SECTOR INDUSTRIAL',180973114,NULL,'V',NULL,NULL,NULL,5215,'U','12302-00635-00006','no_agricola','SII_CSV'),
('12302-00635-70020','12302','00635','70020','POBLACION SARA',168750,NULL,'V',NULL,NULL,NULL,170,'U','12302-00635-00006','no_agricola','SII_CSV'),
('12302-00635-70021','12302','00635','70021','CAMINOS-CALLES PUBLICAS Y VEREDA',12904348,NULL,'V',NULL,NULL,NULL,13000,'U','12302-00635-00006','no_agricola','SII_CSV'),
('12302-00635-70022','12302','00635','70022','PAMPA',21455960,NULL,'V',NULL,NULL,NULL,21615,'U','12302-00635-00006','no_agricola','SII_CSV'),
('12302-00640-00057','12302','00640','00057','PUNTA PIEDRAS BAHIA FELIPE',103580,NULL,'W',103580,NULL,NULL,96,'R',NULL,'no_agricola','SII_CSV'),
('12302-00641-00024','12302','00641','00024','LOTE 33',19205468,NULL,'W',19205468,NULL,NULL,17800,'R',NULL,'no_agricola','SII_CSV'),
('12302-00641-00025','12302','00641','00025','LOTE 33 B- 1',8092192,NULL,'W',NULL,NULL,NULL,7500,'R',NULL,'no_agricola','SII_CSV'),
('12302-00641-00027','12302','00641','00027','LOTE 33 -D- 1 PL- 12302 - 818 -CR',12300131,NULL,'W',12300131,NULL,NULL,11400,'R',NULL,'no_agricola','SII_CSV'),
('12302-00645-00018','12302','00645','00018','SECCION MILAGRO IBERICO',11719941,NULL,'W',11719941,NULL,NULL,5000,'R',NULL,'no_agricola','SII_CSV'),
('12302-00645-00019','12302','00645','00019','SECCION MILAGRO IBERICO',11719941,NULL,'W',11719941,NULL,NULL,5000,'R',NULL,'no_agricola','SII_CSV'),
('12302-00645-00020','12302','00645','00020','SECCION MILAGRO IBERICO',11719941,NULL,'W',11719941,NULL,NULL,5000,'R',NULL,'no_agricola','SII_CSV'),
('12302-00645-00028','12302','00645','00028','SECCION MILAGRO IBERICO PC 15',11719941,NULL,'W',11719941,NULL,NULL,5000,'R',NULL,'no_agricola','SII_CSV'),
('12302-00645-00030','12302','00645','00030','SECCION MILAGRO IBERICO PC 17',11719941,NULL,'W',11719941,NULL,NULL,5000,'R',NULL,'no_agricola','SII_CSV'),
('12302-00646-00001','12302','00646','00001','PB CAPTO Y PLANTA CULLEN',4333546107,NULL,'I',4333546107,NULL,NULL,2200000,'U',NULL,'no_agricola','SII_CSV'),
('12302-00646-00036','12302','00646','00036','CAMPTO Y BATERIA PTA CATALINA',310880879,NULL,'I',310880879,NULL,NULL,101336,'R',NULL,'no_agricola','SII_CSV'),
('12302-00646-00037','12302','00646','00037','BAT COMPR CALAF CULLEN C',149962266,NULL,'I',149962266,NULL,NULL,2000,'R',NULL,'no_agricola','SII_CSV'),
('12302-00646-00038','12302','00646','00038','FARO CABO ESP STO LT 7 B',109537297,NULL,'P',109537297,NULL,NULL,103000,'R',NULL,'no_agricola','SII_CSV'),
('12302-00646-00044','12302','00646','00044','LOTE SERVIDUMBRE',35207507,NULL,'W',35207507,NULL,NULL,44700,'R',NULL,'no_agricola','SII_CSV'),
('12302-00646-70001','12302','00646','70001','CONCON',118604132,NULL,'V',NULL,NULL,NULL,6804,'U','12302-00646-00001','no_agricola','SII_CSV'),
('12302-00646-70002','12302','00646','70002','RENACA',67110913,NULL,'V',NULL,NULL,NULL,2557,'U','12302-00646-00001','no_agricola','SII_CSV'),
('12302-00646-70003','12302','00646','70003','VINA DEL MAR',69585291,NULL,'V',NULL,NULL,NULL,2486,'U','12302-00646-00001','no_agricola','SII_CSV'),
('12302-00646-70004','12302','00646','70004','QUINTERO',103146326,NULL,'V',NULL,NULL,NULL,5770,'U','12302-00646-00001','no_agricola','SII_CSV'),
('12302-00646-70005','12302','00646','70005','QUILLOTA',44493599,NULL,'V',NULL,NULL,NULL,5415,'U','12302-00646-00001','no_agricola','SII_CSV'),
('12302-00646-70006','12302','00646','70006','VALPARAISO',132199765,NULL,'V',NULL,NULL,NULL,4865,'U','12302-00646-00001','no_agricola','SII_CSV'),
('12302-00646-70007','12302','00646','70007','LAS SALINAS',68400657,NULL,'V',NULL,NULL,NULL,2483,'U','12302-00646-00001','no_agricola','SII_CSV'),
('12302-00646-70008','12302','00646','70008','PYA ANCHA',32556497,NULL,'V',NULL,NULL,NULL,1586,'U','12302-00646-00001','no_agricola','SII_CSV'),
('12302-00646-70009','12302','00646','70009','DICHATO',66029384,NULL,'V',NULL,NULL,NULL,3050,'U','12302-00646-00001','no_agricola','SII_CSV'),
('12302-00646-70010','12302','00646','70010','LONCURA',32489364,NULL,'V',NULL,NULL,NULL,1464,'U','12302-00646-00001','no_agricola','SII_CSV'),
('12302-00646-70011','12302','00646','70011','AREA INDUSTRIAL CULLEN',274654264,NULL,'V',NULL,NULL,NULL,11949,'U','12302-00646-00001','no_agricola','SII_CSV'),
('12302-00646-70012','12302','00646','70012','AREA INDUSTRIAL CULLEN',107871482,NULL,'V',NULL,NULL,NULL,6306,'U','12302-00646-00001','no_agricola','SII_CSV'),
('12302-00646-70013','12302','00646','70013','SC PERFORACIONES Y ENTEL',66722825,NULL,'V',NULL,NULL,NULL,1069,'U','12302-00646-00001','no_agricola','SII_CSV'),
('12302-00646-70014','12302','00646','70014','AREA OFICINAS Y PLANTAS CULLEN',1013170941,NULL,'V',NULL,NULL,NULL,66873,'U','12302-00646-00001','no_agricola','SII_CSV'),
('12302-00646-70015','12302','00646','70015','SERVICIOS COMUNITARIOS',527867121,NULL,'V',527867121,NULL,NULL,4209,'U','12302-00646-00001','no_agricola','SII_CSV'),
('12302-00646-70016','12302','00646','70016','SERVICIOS COMUNITARIOS',369984172,NULL,'V',NULL,NULL,NULL,3215,'U','12302-00646-00001','no_agricola','SII_CSV'),
('12302-00646-70017','12302','00646','70017','VIVIENDAS SUPERVISORES',101315473,NULL,'V',NULL,NULL,NULL,3012,'U','12302-00646-00001','no_agricola','SII_CSV'),
('12302-00646-70018','12302','00646','70018','CALLES PUBL VEREDAS PLAZAS A VER',85127169,NULL,'V',NULL,NULL,NULL,154701,'U','12302-00646-00001','no_agricola','SII_CSV'),
('12302-00646-70019','12302','00646','70019','PAMPA COIRON',1052216733,NULL,'V',NULL,NULL,NULL,1912186,'U','12302-00646-00001','no_agricola','SII_CSV'),
('12302-00646-70020','12302','00646','70020','SECTOR INDUSTRIAL PTA CATALINA',99930809,NULL,'V',NULL,NULL,NULL,464,'U','12302-00646-00036','no_agricola','SII_CSV'),
('12302-00646-70021','12302','00646','70021','CAMPAMENTO Y HELIPUERTO',119238566,NULL,'V',NULL,NULL,NULL,872,'U','12302-00646-00036','no_agricola','SII_CSV'),
('12302-00646-70022','12302','00646','70022','CAMINOS ACCESO BATERIA PTA CATAL',69837394,NULL,'V',NULL,NULL,NULL,76149,'U','12302-00646-00036','no_agricola','SII_CSV'),
('12302-00646-70023','12302','00646','70023','PAMPA COIRON',21874111,NULL,'V',NULL,NULL,NULL,23851,'U','12302-00646-00036','no_agricola','SII_CSV'),
('12302-01000-00001','12302','01000','00001','EDUARDO FREI MONTALB 250 ST 1 MZA',26671570,NULL,'H',26671570,NULL,NULL,501,'U',NULL,'no_agricola','SII_CSV'),
('12302-01000-00002','12302','01000','00002','EDUARDO FREI MONTALB 299 ST 2 MA',27421671,NULL,'H',27421671,NULL,NULL,521,'U',NULL,'no_agricola','SII_CSV'),
('12302-01000-00003','12302','01000','00003','EDUARDO FREI MONTALB 1052 A ST 3 MA',27046621,NULL,'H',27046621,NULL,NULL,511,'U',NULL,'no_agricola','SII_CSV'),
('12302-01000-00004','12302','01000','00004','EDUARDO FREI MONTALB 1052 B ST 4 MZ A',25433903,NULL,'H',25433903,NULL,NULL,468,'U',NULL,'no_agricola','SII_CSV'),
('12302-01000-00005','12302','01000','00005','EDUARDO FREI MONTALB 1051 A ST 5 MZ A',28584328,NULL,'H',28584328,NULL,NULL,552,'U',NULL,'no_agricola','SII_CSV'),
('12302-01000-00006','12302','01000','00006','EDUARDO FREI MONTALB 1051 B ST 6 MZ A',28246783,NULL,'H',28246783,NULL,NULL,543,'U',NULL,'no_agricola','SII_CSV'),
('12302-01000-00007','12302','01000','00007','EDUARDO FREI MONTALB ST 7 MZ A',51546426,NULL,'H',51546426,NULL,NULL,1323,'U',NULL,'no_agricola','SII_CSV'),
('12302-01000-00008','12302','01000','00008','EDUARDO FREI MONTALB 1205 A ST 8 MZ A',29379811,NULL,'H',29379811,NULL,NULL,579,'U',NULL,'no_agricola','SII_CSV'),
('12302-01000-00009','12302','01000','00009','EDUARDO FREI MONTALB 1205 B ST 9 MZ A',29379811,NULL,'H',29379811,NULL,NULL,579,'U',NULL,'no_agricola','SII_CSV'),
('12302-01000-00010','12302','01000','00010','EDUARDO FREI MONTALB 1206 ST 10 MZA',34745659,NULL,'H',34745659,NULL,NULL,762,'U',NULL,'no_agricola','SII_CSV'),
('12302-01000-00011','12302','01000','00011','EDUARDO FREI MONTALB 1206 B ST 11 MZA',29936761,NULL,'H',29936761,NULL,NULL,594,'U',NULL,'no_agricola','SII_CSV'),
('12302-01000-00012','12302','01000','00012','EDUARDO FREI MONTALB 411 ST 12 MZA',19170558,NULL,'H',19170558,NULL,NULL,301,'U',NULL,'no_agricola','SII_CSV'),
('12302-01000-00013','12302','01000','00013','EDUARDO FREI MONTALB ST 13 MZA',15939953,NULL,'H',15939953,NULL,NULL,270,'U',NULL,'no_agricola','SII_CSV'),
('12302-01000-00014','12302','01000','00014','EDUARDO FREI MONTALB ST 14 MZA',15939953,NULL,'H',15939953,NULL,NULL,270,'U',NULL,'no_agricola','SII_CSV'),
('12302-01000-00015','12302','01000','00015','EDUARDO FREI MONTALB ST 15 MZA',15939953,NULL,'H',15939953,NULL,NULL,270,'U',NULL,'no_agricola','SII_CSV'),
('12302-01000-00017','12302','01000','00017','EDUARDO FREI MONTALB ST 17 MZA',29899630,NULL,'H',29899630,NULL,NULL,593,'U',NULL,'no_agricola','SII_CSV'),
('12302-01000-00018','12302','01000','00018','EDUARDO FREI MONTALB 491 ST 18 MZA',23853521,NULL,'H',23853521,NULL,NULL,481,'U',NULL,'no_agricola','SII_CSV'),
('12302-01000-00019','12302','01000','00019','EDUARDO FREI MONTALB 491 ST 19 MZA',14692986,NULL,'H',14692986,NULL,NULL,198,'U',NULL,'no_agricola','SII_CSV'),
('12302-01000-00020','12302','01000','00020','ODILA SIGMAN 420',50222632,NULL,'H',50222632,NULL,NULL,400,'U',NULL,'no_agricola','SII_CSV'),
('12302-01000-00021','12302','01000','00021','EUGENIO VELSQUEZ 371',20716385,NULL,'H',20716385,NULL,NULL,142,'U',NULL,'no_agricola','SII_CSV'),
('12302-01000-00022','12302','01000','00022','EUGENIO VELAZQUEZ 351 ST 22 MZA',21406392,NULL,'H',21406392,NULL,NULL,377,'U',NULL,'no_agricola','SII_CSV'),
('12302-01000-00023','12302','01000','00023','EUGENIO VELAZQUEZ 331 ST 23 MZA',18132450,NULL,'H',18132450,NULL,NULL,322,'U',NULL,'no_agricola','SII_CSV'),
('12302-01000-00024','12302','01000','00024','EUGENIO VELAZQUEZ 311 ST 24 MZ',16928850,NULL,'H',16928850,NULL,NULL,300,'U',NULL,'no_agricola','SII_CSV'),
('12302-01000-00025','12302','01000','00025','EUGENIO VELAZQUEZ , ST 25 MZA',60863962,NULL,'W',60863962,NULL,NULL,1887,'U',NULL,'no_agricola','SII_CSV'),
('12302-01000-00026','12302','01000','00026','EUGENIO VELAZQUEZ , ST 26 MZA',77594969,NULL,'W',77594969,NULL,NULL,2463,'U',NULL,'no_agricola','SII_CSV'),
('12302-01000-00027','12302','01000','00027','RAMON FAGNANO , ST 27 MZA',134571532,NULL,'W',134571532,NULL,NULL,4323,'U',NULL,'no_agricola','SII_CSV'),
('12302-01000-00028','12302','01000','00028','EUGENIO VELAZQUEZ ST 38 MZA',13481822,NULL,'H',13481822,NULL,NULL,198,'U',NULL,'no_agricola','SII_CSV'),
('12302-01002-00001','12302','01002','00001','MZ C SITIO 14',46041212,NULL,'W',46041212,NULL,NULL,1395,'U',NULL,'no_agricola','SII_CSV'),
('12302-01005-00010','12302','01005','00010','PSJE SPRINGHILL S/N',46838087,NULL,'C',46838087,NULL,NULL,750,'R',NULL,'no_agricola','SII_CSV'),
('12302-01005-00013','12302','01005','00013','FDO SALAS MZ F ST 13',21164106,NULL,'W',21164106,NULL,NULL,570,'R',NULL,'no_agricola','SII_CSV'),
('12302-01006-00001','12302','01006','00001','ODILA SIGMAN 486 ST 1 MZJ',5945998,NULL,'H',5945998,NULL,NULL,120,'U',NULL,'no_agricola','SII_CSV'),
('12302-01006-00002','12302','01006','00002','ODILA SIGMAN 480 ST 2 MZJ',10396092,NULL,'H',10396092,NULL,NULL,146,'U',NULL,'no_agricola','SII_CSV'),
('12302-01006-00003','12302','01006','00003','ODILA SIGMAN 476 ST 3 MZJ',11401227,NULL,'H',11401227,NULL,NULL,192,'U',NULL,'no_agricola','SII_CSV'),
('12302-01006-00004','12302','01006','00004','ODILA SIGMAN ST 4 MZJ',11637509,NULL,'H',11637509,NULL,NULL,199,'U',NULL,'no_agricola','SII_CSV'),
('12302-01006-00005','12302','01006','00005','ODILA SIGNAM 466',5289001,NULL,'H',5289001,NULL,NULL,120,'R',NULL,'no_agricola','SII_CSV'),
('12302-01006-00006','12302','01006','00006','ODILA SIGMAN 466 ST 5 MZJ',31465286,NULL,'H',31465286,NULL,NULL,120,'R',NULL,'no_agricola','SII_CSV'),
('12302-01006-00007','12302','01006','00007','ODILA SIGMAN ST 7 MZJ',9420961,NULL,'H',9420961,NULL,NULL,120,'U',NULL,'no_agricola','SII_CSV'),
('12302-01006-00008','12302','01006','00008','ODILA SIGMAN S 8 MZJ',9420961,NULL,'H',9420961,NULL,NULL,120,'U',NULL,'no_agricola','SII_CSV'),
('12302-01006-00009','12302','01006','00009','EUGENIO VELASQUEZ 370',12344645,NULL,'H',12344645,NULL,NULL,236,'U',NULL,'no_agricola','SII_CSV'),
('12302-01006-00010','12302','01006','00010','EUGENIO VELASQUEZ 350 ST 10 MZJ',20646620,NULL,'H',20646620,NULL,NULL,220,'U',NULL,'no_agricola','SII_CSV'),
('12302-01006-00011','12302','01006','00011','EUGENIO VELASQUEZ 330',11333719,NULL,'H',11333719,NULL,NULL,171,'U',NULL,'no_agricola','SII_CSV'),
('12302-01006-00012','12302','01006','00012','EUGENIO VELASQUEZ ST 12 MZJ',14296619,NULL,'H',14296619,NULL,NULL,250,'U',NULL,'no_agricola','SII_CSV'),
('12302-01008-00001','12302','01008','00001','OHIGGINS 1040',371141243,NULL,'E',371141243,NULL,NULL,3214,'U',NULL,'no_agricola','SII_CSV'),
('12302-01009-00001','12302','01009','00001','ODILA SIGMAN 431 ST 5 MZ 1',21623500,NULL,'Q',21623500,NULL,NULL,351,'U',NULL,'no_agricola','SII_CSV'),
('12302-01009-00002','12302','01009','00002','ODILA SIGMAN 481 ST 2 MZ 1',25443526,NULL,'H',25443526,NULL,NULL,513,'U',NULL,'no_agricola','SII_CSV'),
('12302-01009-00003','12302','01009','00003','MANANTIALES MZI ST 3',23335338,NULL,'H',23335338,NULL,NULL,491,'U',NULL,'no_agricola','SII_CSV'),
('12302-01009-00004','12302','01009','00004','ODILA SIGMAN 441 ST 4 MZ I',27116834,NULL,'H',27116834,NULL,NULL,648,'U',NULL,'no_agricola','SII_CSV'),
('12302-01009-00005','12302','01009','00005','ODILA SIGMAN 499 ST 1 MZI',25889670,NULL,'H',25889670,NULL,NULL,608,'U',NULL,'no_agricola','SII_CSV'),
('12302-01009-00006','12302','01009','00006','ODILA SIGMAN S/N MZ B 1',17259862,NULL,'H',17259862,NULL,NULL,328,'U',NULL,'no_agricola','SII_CSV'),
('12302-01009-00007','12302','01009','00007','ODILIA SIGNAM 411',13923796,NULL,'H',13923796,NULL,NULL,206,'U',NULL,'no_agricola','SII_CSV'),
('12302-01009-00008','12302','01009','00008','ODILIA SIGNAM 401',18338535,NULL,'G',18338535,NULL,NULL,251,'U',NULL,'no_agricola','SII_CSV'),
('12302-01009-00009','12302','01009','00009','JUAN FIERRO 410 ST 8 MZB 1',9946375,NULL,'H',9946375,NULL,NULL,133,'U',NULL,'no_agricola','SII_CSV'),
('12302-01009-00010','12302','01009','00010','JUAN FIERRO 420 ST 7 MZB 1',10696476,NULL,'H',10696476,NULL,NULL,153,'U',NULL,'no_agricola','SII_CSV'),
('12302-01009-00011','12302','01009','00011','JUAN FIERRO 430 ST 6 MZB 1',9796355,NULL,'H',9796355,NULL,NULL,129,'U',NULL,'no_agricola','SII_CSV'),
('12302-01009-00012','12302','01009','00012','JUAN FIERRO 440',11446577,NULL,'H',11446577,NULL,NULL,173,'U',NULL,'no_agricola','SII_CSV'),
('12302-01009-00013','12302','01009','00013','JUAN FIERRO 450 ST 4 MZB 1',10471446,NULL,'H',10471446,NULL,NULL,147,'U',NULL,'no_agricola','SII_CSV'),
('12302-01009-00014','12302','01009','00014','JUAN FIERRO 470 ST 3 MZB 1',13471851,NULL,'H',13471851,NULL,NULL,227,'U',NULL,'no_agricola','SII_CSV'),
('12302-01009-00015','12302','01009','00015','JUAN FIERRO 480 ST 2 MZB 1',13134305,NULL,'H',13134305,NULL,NULL,218,'U',NULL,'no_agricola','SII_CSV'),
('12302-01009-00016','12302','01009','00016','JUAN FIERRO 490 ST 1 MZB 1',15347104,NULL,'H',15347104,NULL,NULL,277,'U',NULL,'no_agricola','SII_CSV'),
('12302-01009-00017','12302','01009','00017','JUAN FIERRO 421 ST 5 MZB 3',10583961,NULL,'H',10583961,NULL,NULL,150,'U',NULL,'no_agricola','SII_CSV'),
('12302-01009-00018','12302','01009','00018','JUAN FIERRO 431 ST 4 MZB 3',10583961,NULL,'H',10583961,NULL,NULL,150,'U',NULL,'no_agricola','SII_CSV'),
('12302-01009-00019','12302','01009','00019','JUAN FIERRO S/N ST 3 MZB 3',10658971,NULL,'H',10658971,NULL,NULL,152,'U',NULL,'no_agricola','SII_CSV'),
('12302-01009-00020','12302','01009','00020','JUAN FIERRO 461 ST 2 MZB 3',10583961,NULL,'H',10583961,NULL,NULL,150,'U',NULL,'no_agricola','SII_CSV'),
('12302-01009-00021','12302','01009','00021','JUAN FIERRO 491 ST 1 MZB 3',30576107,NULL,'H',30576107,NULL,NULL,199,'U',NULL,'no_agricola','SII_CSV'),
('12302-01009-00022','12302','01009','00022','JUAN FIERRO 494 MZB 3',12271689,NULL,'H',12271689,NULL,NULL,195,'U',NULL,'no_agricola','SII_CSV'),
('12302-01009-00023','12302','01009','00023','JOSE GALINDO 611',40584980,NULL,'H',40584980,NULL,NULL,189,'U',NULL,'no_agricola','SII_CSV'),
('12302-01009-00024','12302','01009','00024','JOSE GALINDO 621',23306486,NULL,'H',23306486,NULL,NULL,157,'U',NULL,'no_agricola','SII_CSV'),
('12302-01009-00027','12302','01009','00027','JOSE GALINDO 651',27443745,NULL,'H',27443745,NULL,NULL,178,'U',NULL,'no_agricola','SII_CSV'),
('12302-01009-00028','12302','01009','00028','JOSE CARDENAS 610',61420093,NULL,'H',61420093,NULL,NULL,164,'U',NULL,'no_agricola','SII_CSV'),
('12302-01012-00001','12302','01012','00001','FEDERICO GONZALEZ 210',87675058,NULL,'E',87675058,NULL,NULL,397,'U',NULL,'no_agricola','SII_CSV'),
('12302-01013-00001','12302','01013','00001','ARTURO PRAT 191',23082115,NULL,'P',23082115,NULL,NULL,628,'U',NULL,'no_agricola','SII_CSV')
ON CONFLICT (rol) DO UPDATE SET
  avaluo_total_vigente = EXCLUDED.avaluo_total_vigente,
  contribucion_semestre = EXCLUDED.contribucion_semestre,
  destino_sii          = EXCLUDED.destino_sii,
  avaluo_total_exento  = EXCLUDED.avaluo_total_exento,
  sup_terreno_m2       = EXCLUDED.sup_terreno_m2,
  cod_ubicacion        = EXCLUDED.cod_ubicacion,
  fuente_datos         = 'SII_CSV',
  fecha_actualizacion  = now();

-- ─────────────────────────────────────────────────
-- NL: BRTMPCATASNL_2025_2_12302  |  CÓDIGO 12302
-- 646 filas
-- ─────────────────────────────────────────────────
INSERT INTO catastro.construcciones (
  rol, numero_construccion, material_codigo,
  calidad_codigo, anio_construccion,
  sup_total_m2, destino_construccion, condicion_especial,
  numero_pisos, fuente_datos
) VALUES
('12302-00112-00007',1,'E',3,1958,100,'H',NULL,1,'SII_CSV'),
('12302-00112-00008',1,'E',3,1958,100,'H',NULL,0,'SII_CSV'),
('12302-00621-00022',1,'GA',2,1965,78,'I',NULL,1,'SII_CSV'),
('12302-00621-70001',1,'C',3,1960,170,'H',NULL,1,'SII_CSV'),
('12302-00621-70001',2,'GC',2,1960,21,'Z',NULL,1,'SII_CSV'),
('12302-00621-70001',3,'C',3,1960,168,'H',NULL,1,'SII_CSV'),
('12302-00621-70001',4,'GE',2,1960,20,'Z',NULL,1,'SII_CSV'),
('12302-00621-70001',5,'C',3,1960,168,'H',NULL,1,'SII_CSV'),
('12302-00621-70001',6,'GE',2,1960,23,'Z',NULL,1,'SII_CSV'),
('12302-00621-70002',1,'C',3,1960,96,'H',NULL,1,'SII_CSV'),
('12302-00621-70002',2,'GE',2,1960,25,'Z',NULL,1,'SII_CSV'),
('12302-00621-70002',3,'C',3,1960,113,'H',NULL,1,'SII_CSV'),
('12302-00621-70002',4,'C',3,1960,113,'H',NULL,1,'SII_CSV'),
('12302-00621-70002',5,'GE',2,1960,13,'Z',NULL,1,'SII_CSV'),
('12302-00621-70002',6,'C',3,1960,113,'H',NULL,1,'SII_CSV'),
('12302-00621-70002',7,'GE',2,1960,18,'Z',NULL,1,'SII_CSV'),
('12302-00621-70002',8,'C',3,1960,113,'H',NULL,1,'SII_CSV'),
('12302-00621-70002',9,'C',3,1960,113,'H',NULL,1,'SII_CSV'),
('12302-00621-70002',10,'C',3,1960,113,'H',NULL,1,'SII_CSV'),
('12302-00621-70002',11,'E',4,1977,13,'C',NULL,1,'SII_CSV'),
('12302-00621-70003',1,'C',3,1960,113,'H',NULL,1,'SII_CSV'),
('12302-00621-70003',2,'GE',2,1960,12,'Z',NULL,1,'SII_CSV'),
('12302-00621-70003',3,'C',3,1960,113,'H',NULL,1,'SII_CSV'),
('12302-00621-70003',4,'C',3,1960,113,'H',NULL,1,'SII_CSV'),
('12302-00621-70003',5,'GE',2,1960,23,'Z',NULL,1,'SII_CSV'),
('12302-00621-70003',6,'C',3,1960,113,'H',NULL,1,'SII_CSV'),
('12302-00621-70003',7,'GE',2,1960,20,'Z',NULL,1,'SII_CSV'),
('12302-00621-70003',8,'C',3,1960,113,'H',NULL,1,'SII_CSV'),
('12302-00621-70003',9,'C',3,1960,113,'H',NULL,1,'SII_CSV'),
('12302-00621-70003',10,'GE',2,1960,13,'Z',NULL,1,'SII_CSV'),
('12302-00621-70003',11,'C',3,1960,113,'H',NULL,1,'SII_CSV'),
('12302-00621-70003',12,'C',3,1960,113,'H',NULL,1,'SII_CSV'),
('12302-00621-70003',13,'C',3,1960,113,'H',NULL,1,'SII_CSV'),
('12302-00621-70003',14,'GE',2,1960,15,'Z',NULL,1,'SII_CSV'),
('12302-00621-70003',15,'C',3,1960,113,'H',NULL,1,'SII_CSV'),
('12302-00621-70003',16,'C',3,1960,113,'H',NULL,1,'SII_CSV'),
('12302-00621-70003',17,'GE',2,1960,16,'Z',NULL,1,'SII_CSV'),
('12302-00621-70003',18,'GE',2,1960,17,'Z',NULL,1,'SII_CSV'),
('12302-00621-70003',19,'C',3,1960,113,'H',NULL,1,'SII_CSV'),
('12302-00621-70003',20,'GE',2,1960,12,'Z',NULL,1,'SII_CSV'),
('12302-00621-70004',1,'C',3,1960,697,'H',NULL,1,'SII_CSV'),
('12302-00621-70005',1,'C',3,1960,60,'S',NULL,1,'SII_CSV'),
('12302-00621-70005',2,'GC',2,1960,30,'Z',NULL,1,'SII_CSV'),
('12302-00621-70005',3,'C',3,1960,234,'E',NULL,1,'SII_CSV'),
('12302-00621-70005',4,'GC',2,1978,309,'D',NULL,1,'SII_CSV'),
('12302-00621-70005',5,'GE',2,1978,124,'D',NULL,1,'SII_CSV'),
('12302-00621-70006',1,'GA',2,1960,43,'I',NULL,1,'SII_CSV'),
('12302-00621-70006',2,'GC',2,1960,809,'L',NULL,1,'SII_CSV'),
('12302-00621-70006',3,'GE',2,1960,595,'L',NULL,1,'SII_CSV'),
('12302-00621-70006',4,'C',3,1960,51,'O',NULL,1,'SII_CSV'),
('12302-00621-70006',5,'GC',2,1960,200,'L',NULL,1,'SII_CSV'),
('12302-00621-70006',6,'GE',2,1960,175,'I',NULL,1,'SII_CSV'),
('12302-00621-70006',7,'E',4,1960,23,'L','CI',1,'SII_CSV'),
('12302-00621-70006',8,'GA',2,1960,62,'I',NULL,1,'SII_CSV'),
('12302-00621-70006',9,'GA',2,1960,38,'I',NULL,1,'SII_CSV'),
('12302-00621-70006',10,'GA',2,1960,13,'I',NULL,1,'SII_CSV'),
('12302-00621-70006',11,'GA',2,1960,38,'I',NULL,1,'SII_CSV'),
('12302-00621-70006',12,'E',4,1965,43,'O',NULL,1,'SII_CSV'),
('12302-00621-70006',13,'GE',2,1965,26,'L',NULL,1,'SII_CSV'),
('12302-00621-70006',14,'E',4,1965,12,'I',NULL,1,'SII_CSV'),
('12302-00621-70006',15,'GA',2,1965,68,'I',NULL,1,'SII_CSV'),
('12302-00621-70006',16,'GE',2,1965,8,'I',NULL,1,'SII_CSV'),
('12302-00621-70006',17,'E',4,1977,4,'O',NULL,1,'SII_CSV'),
('12302-00621-70009',1,'E',3,1956,101,'H',NULL,2,'SII_CSV'),
('12302-00621-70009',2,'C',3,1956,88,'H','PZ',1,'SII_CSV'),
('12302-00621-70009',3,'E',3,1956,101,'H',NULL,2,'SII_CSV'),
('12302-00621-70009',4,'C',3,1956,88,'H','PZ',1,'SII_CSV'),
('12302-00621-70009',5,'E',3,1956,101,'H',NULL,2,'SII_CSV'),
('12302-00621-70009',6,'C',3,1956,88,'H','PZ',1,'SII_CSV'),
('12302-00621-70009',7,'E',3,1956,127,'H',NULL,2,'SII_CSV'),
('12302-00621-70009',8,'C',3,1956,110,'H','PZ',1,'SII_CSV'),
('12302-00621-70009',9,'E',3,1956,127,'H',NULL,2,'SII_CSV'),
('12302-00621-70009',10,'C',3,1956,110,'H','PZ',1,'SII_CSV'),
('12302-00621-70009',11,'GE',2,1956,48,'L',NULL,1,'SII_CSV'),
('12302-00621-70010',1,'C',3,1956,89,'O',NULL,1,'SII_CSV'),
('12302-00621-70010',2,'GC',2,1956,30,'I',NULL,1,'SII_CSV'),
('12302-00621-70010',3,'GC',2,1981,15,'I',NULL,1,'SII_CSV'),
('12302-00621-70010',4,'GA',2,1956,29,'I',NULL,1,'SII_CSV'),
('12302-00621-70010',5,'GA',2,1956,30,'I',NULL,1,'SII_CSV'),
('12302-00621-70010',6,'GA',2,1956,32,'I',NULL,1,'SII_CSV'),
('12302-00621-70010',7,'GA',2,1956,13,'I',NULL,1,'SII_CSV'),
('12302-00621-70010',8,'GB',2,1956,14,'I',NULL,1,'SII_CSV'),
('12302-00621-70010',9,'GA',2,1956,38,'I',NULL,1,'SII_CSV'),
('12302-00621-70010',10,'GA',2,1956,20,'I',NULL,1,'SII_CSV'),
('12302-00621-70010',11,'GA',2,1956,38,'I',NULL,1,'SII_CSV'),
('12302-00621-70010',12,'GE',2,1956,18,'I',NULL,1,'SII_CSV'),
('12302-00621-70010',13,'GA',2,1956,20,'I',NULL,1,'SII_CSV'),
('12302-00621-70010',14,'GA',2,1985,50,'I',NULL,1,'SII_CSV'),
('12302-00621-70011',1,'C',3,1956,79,'H',NULL,1,'SII_CSV'),
('12302-00621-70011',2,'C',3,1956,79,'H',NULL,1,'SII_CSV'),
('12302-00621-70011',3,'EB',0,1956,60,NULL,NULL,0,'SII_CSV'),
('12302-00621-70011',4,'C',3,1956,40,'I',NULL,1,'SII_CSV'),
('12302-00621-70012',1,'GE',2,1978,38,'I',NULL,1,'SII_CSV'),
('12302-00635-00044',1,'E',3,1965,144,'H',NULL,1,'SII_CSV'),
('12302-00635-00044',2,'E',3,1969,31,'L',NULL,1,'SII_CSV'),
('12302-00635-00046',1,'E',4,1979,169,'H',NULL,1,'SII_CSV'),
('12302-00635-00046',2,'E',4,1979,45,'G',NULL,1,'SII_CSV'),
('12302-00635-00046',3,'E',4,1980,50,'G',NULL,1,'SII_CSV'),
('12302-00635-00047',1,'E',3,1960,142,'V',NULL,1,'SII_CSV'),
('12302-00635-00047',2,'GA',2,1960,128,'V',NULL,1,'SII_CSV'),
('12302-00635-00050',1,'E',4,1977,181,'C',NULL,1,'SII_CSV'),
('12302-00635-00050',2,'GE',2,1977,22,'Z',NULL,1,'SII_CSV'),
('12302-00635-00052',1,'GE',2,1960,240,'V',NULL,1,'SII_CSV'),
('12302-00635-00052',2,'E',2,1960,504,'G',NULL,1,'SII_CSV'),
('12302-00635-00052',3,'E',4,1960,99,'H',NULL,1,'SII_CSV'),
('12302-00635-00052',4,'E',3,1984,175,'H',NULL,1,'SII_CSV'),
('12302-00635-00052',5,'E',3,1970,224,'H',NULL,1,'SII_CSV'),
('12302-00635-00053',1,'E',3,2012,132,'H',NULL,1,'SII_CSV'),
('12302-00635-00056',1,'GC',2,1983,162,'Z',NULL,1,'SII_CSV'),
('12302-00635-00056',2,'GC',2,1983,162,'Z',NULL,1,'SII_CSV'),
('12302-00635-00056',3,'GC',2,1982,216,'Z',NULL,1,'SII_CSV'),
('12302-00635-00056',4,'GC',2,1982,216,'Z',NULL,1,'SII_CSV'),
('12302-00635-00056',5,'E',2,1984,616,'V',NULL,1,'SII_CSV'),
('12302-00635-00056',6,'C',4,1984,85,'S',NULL,1,'SII_CSV'),
('12302-00635-00056',7,'GC',2,1983,486,'Z',NULL,1,'SII_CSV'),
('12302-00635-00056',8,'GC',2,1983,466,'Z',NULL,1,'SII_CSV'),
('12302-00635-00057',1,'E',5,1979,42,'L',NULL,1,'SII_CSV'),
('12302-00635-00058',1,'E',3,1960,491,'O',NULL,1,'SII_CSV'),
('12302-00635-00059',1,'C',3,1960,223,'H',NULL,1,'SII_CSV'),
('12302-00635-00060',1,'GA',2,1958,168,'I',NULL,1,'SII_CSV'),
('12302-00635-00060',2,'GA',2,1960,72,'I',NULL,1,'SII_CSV'),
('12302-00635-00060',3,'GE',2,1960,99,'I',NULL,1,'SII_CSV'),
('12302-00635-00061',1,'E',4,1972,108,'H',NULL,1,'SII_CSV'),
('12302-00635-00061',2,'GE',2,1972,156,'I',NULL,1,'SII_CSV'),
('12302-00635-00065',1,'E',3,1960,95,'G',NULL,1,'SII_CSV'),
('12302-00635-00071',1,'E',3,2016,70,'C',NULL,1,'SII_CSV'),
('12302-00635-00686',1,'C',3,1970,810,'I',NULL,1,'SII_CSV'),
('12302-00635-00686',2,'E',3,1970,121,'I',NULL,1,'SII_CSV'),
('12302-00635-00686',3,'E',3,1970,129,'I',NULL,1,'SII_CSV'),
('12302-00635-00686',4,'GB',2,1970,148,'I',NULL,1,'SII_CSV'),
('12302-00635-70001',1,'C',3,1960,102,'H',NULL,1,'SII_CSV'),
('12302-00635-70001',2,'C',3,1960,102,'H',NULL,1,'SII_CSV'),
('12302-00635-70001',3,'C',3,1960,102,'H',NULL,1,'SII_CSV'),
('12302-00635-70001',4,'C',3,1960,102,'H',NULL,1,'SII_CSV'),
('12302-00635-70001',5,'C',3,1960,102,'H',NULL,1,'SII_CSV'),
('12302-00635-70001',6,'C',3,1960,102,'H',NULL,1,'SII_CSV'),
('12302-00635-70001',7,'E',3,1986,97,'H',NULL,1,'SII_CSV'),
('12302-00635-70001',8,'E',3,1986,102,'H',NULL,1,'SII_CSV'),
('12302-00635-70001',9,'GE',2,1960,198,'Z',NULL,1,'SII_CSV'),
('12302-00635-70002',1,'C',3,1960,102,'H',NULL,1,'SII_CSV'),
('12302-00635-70002',2,'C',3,1960,102,'H',NULL,1,'SII_CSV'),
('12302-00635-70002',3,'C',3,1960,102,'H',NULL,1,'SII_CSV'),
('12302-00635-70002',4,'C',3,1960,102,'H',NULL,1,'SII_CSV'),
('12302-00635-70002',5,'C',3,1960,102,'H',NULL,1,'SII_CSV'),
('12302-00635-70002',6,'C',3,1960,102,'H',NULL,1,'SII_CSV'),
('12302-00635-70002',7,'C',3,1960,102,'H',NULL,1,'SII_CSV'),
('12302-00635-70002',8,'C',3,1960,102,'H',NULL,1,'SII_CSV'),
('12302-00635-70002',9,'C',3,1960,102,'H',NULL,1,'SII_CSV'),
('12302-00635-70002',10,'C',3,1960,102,'H',NULL,1,'SII_CSV'),
('12302-00635-70002',11,'C',3,1960,102,'H',NULL,1,'SII_CSV'),
('12302-00635-70002',12,'C',3,1960,102,'H',NULL,1,'SII_CSV'),
('12302-00635-70002',13,'C',3,1960,102,'H',NULL,1,'SII_CSV'),
('12302-00635-70002',14,'C',3,1960,102,'H',NULL,1,'SII_CSV'),
('12302-00635-70002',15,'C',3,1960,102,'H',NULL,1,'SII_CSV'),
('12302-00635-70002',16,'C',3,1960,102,'H',NULL,1,'SII_CSV'),
('12302-00635-70002',17,'C',3,1960,102,'H',NULL,1,'SII_CSV'),
('12302-00635-70002',18,'C',3,1960,102,'H',NULL,1,'SII_CSV'),
('12302-00635-70002',19,'GE',2,1960,206,'Z',NULL,1,'SII_CSV'),
('12302-00635-70003',1,'C',3,1960,102,'H',NULL,1,'SII_CSV'),
('12302-00635-70003',2,'C',3,1960,102,'H',NULL,1,'SII_CSV'),
('12302-00635-70003',3,'C',3,1960,102,'H',NULL,1,'SII_CSV'),
('12302-00635-70003',4,'C',3,1960,102,'H',NULL,1,'SII_CSV'),
('12302-00635-70003',5,'C',3,1960,102,'H',NULL,1,'SII_CSV'),
('12302-00635-70003',6,'C',3,1960,102,'H',NULL,1,'SII_CSV'),
('12302-00635-70003',7,'C',3,1960,102,'H',NULL,1,'SII_CSV'),
('12302-00635-70003',8,'C',3,1960,102,'H',NULL,1,'SII_CSV'),
('12302-00635-70003',9,'C',3,1960,102,'H',NULL,1,'SII_CSV'),
('12302-00635-70003',10,'C',3,1960,102,'H',NULL,1,'SII_CSV'),
('12302-00635-70003',11,'C',3,1960,102,'H',NULL,1,'SII_CSV'),
('12302-00635-70003',12,'C',3,1960,102,'H',NULL,1,'SII_CSV'),
('12302-00635-70003',13,'C',3,1960,102,'H',NULL,1,'SII_CSV'),
('12302-00635-70003',14,'C',3,1960,102,'H',NULL,1,'SII_CSV'),
('12302-00635-70003',15,'C',3,1960,102,'H',NULL,1,'SII_CSV'),
('12302-00635-70003',16,'C',3,1960,102,'H',NULL,1,'SII_CSV'),
('12302-00635-70003',17,'GE',2,1960,226,'Z',NULL,1,'SII_CSV'),
('12302-00635-70003',18,'GE',2,1960,75,'Z',NULL,1,'SII_CSV'),
('12302-00635-70004',1,'C',3,1960,102,'H',NULL,1,'SII_CSV'),
('12302-00635-70004',2,'C',3,1960,102,'H',NULL,1,'SII_CSV'),
('12302-00635-70004',3,'C',3,1960,102,'H',NULL,1,'SII_CSV'),
('12302-00635-70004',4,'C',3,1960,102,'H',NULL,1,'SII_CSV'),
('12302-00635-70004',5,'C',3,1960,102,'H',NULL,1,'SII_CSV'),
('12302-00635-70004',6,'C',3,1960,102,'H',NULL,1,'SII_CSV'),
('12302-00635-70004',7,'C',3,1960,102,'H',NULL,1,'SII_CSV'),
('12302-00635-70004',8,'C',3,1960,102,'H',NULL,1,'SII_CSV'),
('12302-00635-70004',9,'C',3,1960,102,'H',NULL,1,'SII_CSV'),
('12302-00635-70004',10,'C',3,1960,102,'H',NULL,1,'SII_CSV'),
('12302-00635-70004',11,'E',4,1956,150,'H',NULL,1,'SII_CSV'),
('12302-00635-70004',12,'E',4,1956,150,'H',NULL,1,'SII_CSV'),
('12302-00635-70004',13,'E',4,1956,150,'H',NULL,1,'SII_CSV'),
('12302-00635-70004',14,'E',4,1956,150,'H',NULL,1,'SII_CSV'),
('12302-00635-70004',15,'E',4,1956,81,'H',NULL,1,'SII_CSV'),
('12302-00635-70004',16,'GE',2,1960,86,'H',NULL,1,'SII_CSV'),
('12302-00635-70005',1,'E',4,1956,211,'H',NULL,1,'SII_CSV'),
('12302-00635-70005',2,'E',4,1956,188,'H',NULL,1,'SII_CSV'),
('12302-00635-70005',3,'E',3,1960,249,'H',NULL,1,'SII_CSV'),
('12302-00635-70005',4,'E',3,1960,220,'H',NULL,1,'SII_CSV'),
('12302-00635-70005',5,'E',3,1960,219,'H',NULL,1,'SII_CSV'),
('12302-00635-70005',6,'E',4,1956,145,'H',NULL,1,'SII_CSV'),
('12302-00635-70005',7,'E',4,1956,196,'H',NULL,1,'SII_CSV'),
('12302-00635-70005',8,'E',4,1956,106,'H',NULL,1,'SII_CSV'),
('12302-00635-70005',9,'E',3,1960,160,'H',NULL,1,'SII_CSV'),
('12302-00635-70005',10,'E',4,1956,88,'O',NULL,1,'SII_CSV'),
('12302-00635-70005',11,'E',4,1956,106,'O',NULL,1,'SII_CSV'),
('12302-00635-70005',12,'E',4,1956,191,'O',NULL,1,'SII_CSV'),
('12302-00635-70005',13,'E',3,1960,137,'H',NULL,1,'SII_CSV'),
('12302-00635-70005',14,'E',4,1956,154,'H',NULL,1,'SII_CSV'),
('12302-00635-70005',15,'GE',2,1960,186,'Z',NULL,1,'SII_CSV'),
('12302-00635-70005',16,'GE',2,1960,30,'Z',NULL,1,'SII_CSV'),
('12302-00635-70006',1,'E',3,1960,147,'H',NULL,2,'SII_CSV'),
('12302-00635-70006',2,'C',3,1960,98,'H',NULL,1,'SII_CSV'),
('12302-00635-70006',3,'E',3,1960,147,'H',NULL,2,'SII_CSV'),
('12302-00635-70006',4,'C',3,1960,98,'H',NULL,1,'SII_CSV'),
('12302-00635-70006',5,'E',3,1960,147,'H',NULL,2,'SII_CSV'),
('12302-00635-70006',6,'C',3,1960,98,'H',NULL,1,'SII_CSV'),
('12302-00635-70006',7,'E',3,1960,147,'H',NULL,2,'SII_CSV'),
('12302-00635-70006',8,'C',3,1960,98,'H',NULL,1,'SII_CSV'),
('12302-00635-70006',9,'E',3,1960,116,'H',NULL,2,'SII_CSV'),
('12302-00635-70006',10,'C',3,1960,73,'H','PZ',1,'SII_CSV'),
('12302-00635-70006',11,'E',3,1960,147,'H',NULL,2,'SII_CSV'),
('12302-00635-70006',12,'C',3,1960,98,'H',NULL,1,'SII_CSV'),
('12302-00635-70006',13,'E',3,1960,147,'H',NULL,2,'SII_CSV'),
('12302-00635-70006',14,'C',3,1960,98,'H',NULL,1,'SII_CSV'),
('12302-00635-70006',15,'E',3,1960,116,'H',NULL,2,'SII_CSV'),
('12302-00635-70006',16,'C',3,1960,73,'H',NULL,1,'SII_CSV'),
('12302-00635-70006',17,'E',3,1960,147,'H',NULL,2,'SII_CSV'),
('12302-00635-70006',18,'C',3,1960,98,'H','PZ',1,'SII_CSV'),
('12302-00635-70006',19,'GE',2,1960,188,'Z',NULL,1,'SII_CSV'),
('12302-00635-70007',1,'E',3,1960,147,'H',NULL,2,'SII_CSV'),
('12302-00635-70007',2,'C',3,1960,98,'H','PZ',1,'SII_CSV'),
('12302-00635-70007',3,'C',3,1960,73,'H','PZ',1,'SII_CSV'),
('12302-00635-70007',4,'E',3,1960,116,'H',NULL,2,'SII_CSV'),
('12302-00635-70007',5,'E',3,1960,116,'H',NULL,2,'SII_CSV'),
('12302-00635-70007',6,'C',3,1960,73,'H','PZ',1,'SII_CSV'),
('12302-00635-70007',7,'E',3,1960,147,'H',NULL,2,'SII_CSV'),
('12302-00635-70007',8,'C',3,1960,98,'H','PZ',1,'SII_CSV'),
('12302-00635-70007',9,'E',3,1960,147,'H',NULL,2,'SII_CSV'),
('12302-00635-70007',10,'C',3,1960,98,'H','PZ',1,'SII_CSV'),
('12302-00635-70007',11,'E',3,1960,147,'H',NULL,2,'SII_CSV'),
('12302-00635-70007',12,'C',3,1960,98,'H','PZ',1,'SII_CSV'),
('12302-00635-70007',13,'E',3,1960,147,'H',NULL,2,'SII_CSV'),
('12302-00635-70007',14,'C',3,1960,98,'H','PZ',1,'SII_CSV'),
('12302-00635-70007',15,'E',3,1960,116,'H',NULL,2,'SII_CSV'),
('12302-00635-70007',16,'C',3,1960,73,'H','PZ',1,'SII_CSV'),
('12302-00635-70007',17,'E',3,1960,116,'H',NULL,2,'SII_CSV'),
('12302-00635-70007',18,'C',3,1960,73,'H','PZ',1,'SII_CSV'),
('12302-00635-70007',19,'GE',2,1960,107,'Z',NULL,1,'SII_CSV'),
('12302-00635-70008',1,'E',3,1960,147,'H',NULL,2,'SII_CSV'),
('12302-00635-70008',2,'C',3,1960,98,'H','PZ',2,'SII_CSV'),
('12302-00635-70008',3,'E',3,1960,116,'H',NULL,2,'SII_CSV'),
('12302-00635-70008',4,'C',3,1960,73,'H','PZ',1,'SII_CSV'),
('12302-00635-70008',5,'E',3,1960,147,'H',NULL,2,'SII_CSV'),
('12302-00635-70008',6,'C',3,1960,98,'H','PZ',1,'SII_CSV'),
('12302-00635-70008',7,'E',3,1960,147,'H',NULL,2,'SII_CSV'),
('12302-00635-70008',8,'C',3,1960,98,'H','PZ',1,'SII_CSV'),
('12302-00635-70008',9,'E',3,1960,90,'H',NULL,1,'SII_CSV'),
('12302-00635-70008',10,'E',3,1960,96,'H',NULL,1,'SII_CSV'),
('12302-00635-70008',11,'E',3,1960,90,'H',NULL,1,'SII_CSV'),
('12302-00635-70008',12,'E',3,1960,75,'H',NULL,1,'SII_CSV'),
('12302-00635-70008',13,'GE',2,1960,82,'Z',NULL,1,'SII_CSV'),
('12302-00635-70008',14,'GE',2,1965,123,'L',NULL,1,'SII_CSV'),
('12302-00635-70009',1,'E',3,1960,147,'H',NULL,2,'SII_CSV'),
('12302-00635-70009',2,'C',3,1960,98,'H','PZ',1,'SII_CSV'),
('12302-00635-70009',3,'E',3,1960,147,'H',NULL,2,'SII_CSV'),
('12302-00635-70009',4,'C',3,1960,98,'H','PZ',1,'SII_CSV'),
('12302-00635-70009',5,'E',3,1960,147,'H',NULL,2,'SII_CSV'),
('12302-00635-70009',6,'C',3,1960,98,'H','PZ',1,'SII_CSV'),
('12302-00635-70009',7,'E',3,1960,147,'H',NULL,2,'SII_CSV'),
('12302-00635-70009',8,'C',3,1960,98,'H','PZ',1,'SII_CSV'),
('12302-00635-70009',9,'E',3,1960,116,'H',NULL,2,'SII_CSV'),
('12302-00635-70009',10,'C',3,1960,73,'H','PZ',1,'SII_CSV'),
('12302-00635-70009',11,'E',3,1960,116,'H',NULL,2,'SII_CSV'),
('12302-00635-70009',12,'C',3,1960,73,'H','PZ',1,'SII_CSV'),
('12302-00635-70009',13,'E',3,1960,116,'H',NULL,2,'SII_CSV'),
('12302-00635-70009',14,'C',3,1960,73,'H','PZ',1,'SII_CSV'),
('12302-00635-70009',15,'E',3,1960,116,'H',NULL,2,'SII_CSV'),
('12302-00635-70009',16,'C',3,1960,73,'H','PZ',1,'SII_CSV'),
('12302-00635-70009',17,'GE',2,1960,144,'Z',NULL,1,'SII_CSV'),
('12302-00635-70009',18,'GC',3,1960,55,'I',NULL,1,'SII_CSV'),
('12302-00635-70009',19,'GC',3,1960,21,'I',NULL,1,'SII_CSV'),
('12302-00635-70010',1,'C',3,1958,246,'O',NULL,1,'SII_CSV'),
('12302-00635-70010',2,'GB',1,1958,278,'C',NULL,1,'SII_CSV'),
('12302-00635-70010',3,'C',3,1958,205,'L',NULL,2,'SII_CSV'),
('12302-00635-70010',4,'B',3,1958,94,'L','PZ',1,'SII_CSV'),
('12302-00635-70010',5,'C',3,1958,1222,'H',NULL,2,'SII_CSV'),
('12302-00635-70010',6,'C',3,1958,726,'H',NULL,2,'SII_CSV'),
('12302-00635-70010',7,'B',3,1958,232,'H','SB',1,'SII_CSV'),
('12302-00635-70010',8,'C',3,1958,223,'D',NULL,1,'SII_CSV'),
('12302-00635-70010',9,'C',3,1985,34,'D',NULL,1,'SII_CSV'),
('12302-00635-70010',10,'C',3,1958,520,'D',NULL,2,'SII_CSV'),
('12302-00635-70010',11,'C',3,1958,214,'D',NULL,2,'SII_CSV'),
('12302-00635-70010',12,'E',3,1965,27,'E',NULL,1,'SII_CSV'),
('12302-00635-70010',13,'C',4,1965,45,'E',NULL,1,'SII_CSV'),
('12302-00635-70010',14,'EB',0,1960,340,NULL,NULL,0,'SII_CSV'),
('12302-00635-70010',15,'EB',0,1960,340,NULL,NULL,0,'SII_CSV'),
('12302-00635-70011',1,'C',3,1958,619,'O',NULL,1,'SII_CSV'),
('12302-00635-70011',2,'C',3,1960,190,'H',NULL,1,'SII_CSV'),
('12302-00635-70011',3,'GC',2,1960,117,'Z',NULL,1,'SII_CSV'),
('12302-00635-70011',4,'GE',2,1960,49,'Z',NULL,1,'SII_CSV'),
('12302-00635-70012',1,'GE',2,1960,65,'L',NULL,1,'SII_CSV'),
('12302-00635-70012',2,'GE',2,1960,374,'I',NULL,1,'SII_CSV'),
('12302-00635-70012',3,'E',3,1960,7,'I','CI',1,'SII_CSV'),
('12302-00635-70012',4,'E',3,1960,77,'O',NULL,1,'SII_CSV'),
('12302-00635-70012',5,'GE',2,1960,143,'I',NULL,1,'SII_CSV'),
('12302-00635-70012',6,'GE',2,1960,46,'L',NULL,1,'SII_CSV'),
('12302-00635-70012',7,'GE',2,1958,472,'L',NULL,1,'SII_CSV'),
('12302-00635-70012',8,'GE',2,1958,311,'L',NULL,1,'SII_CSV'),
('12302-00635-70012',9,'GA',1,1955,300,'I',NULL,1,'SII_CSV'),
('12302-00635-70012',10,'GE',2,1970,1102,'L',NULL,1,'SII_CSV'),
('12302-00635-70012',11,'GA',1,1956,673,'L',NULL,1,'SII_CSV'),
('12302-00635-70012',12,'GC',2,1956,344,'L',NULL,1,'SII_CSV'),
('12302-00635-70012',13,'GE',2,1956,829,'L',NULL,1,'SII_CSV'),
('12302-00635-70012',14,'GE',2,1956,45,'L',NULL,1,'SII_CSV'),
('12302-00635-70012',15,'E',3,1960,85,'L',NULL,1,'SII_CSV'),
('12302-00635-70012',16,'E',3,1956,21,'V',NULL,1,'SII_CSV'),
('12302-00635-70012',17,'E',3,1958,33,'O','CI',1,'SII_CSV'),
('12302-00635-70012',18,'E',3,1980,46,'L','CI',1,'SII_CSV'),
('12302-00635-70012',19,'E',3,1984,43,'O','CI',1,'SII_CSV'),
('12302-00635-70012',20,'GE',2,1960,10,'I',NULL,1,'SII_CSV'),
('12302-00635-70013',1,'GA',1,1956,996,'I',NULL,1,'SII_CSV'),
('12302-00635-70013',2,'C',3,1960,99,'L',NULL,1,'SII_CSV'),
('12302-00635-70013',3,'E',3,1960,54,'O','MS',1,'SII_CSV'),
('12302-00635-70013',4,'GC',1,1960,539,'I',NULL,1,'SII_CSV'),
('12302-00635-70013',5,'E',3,1960,173,'I','CI',1,'SII_CSV'),
('12302-00635-70013',6,'A',4,1960,13,'O','CI',1,'SII_CSV'),
('12302-00635-70013',7,'E',3,1960,29,'O','CI',2,'SII_CSV'),
('12302-00635-70013',8,'GE',2,1960,8,'I',NULL,1,'SII_CSV'),
('12302-00635-70013',9,'GE',2,1984,123,'L',NULL,1,'SII_CSV'),
('12302-00635-70013',10,'GE',3,1984,73,'V',NULL,1,'SII_CSV'),
('12302-00635-70013',11,'GE',2,1960,265,'L',NULL,1,'SII_CSV'),
('12302-00635-70013',12,'GE',2,1960,89,'L',NULL,1,'SII_CSV'),
('12302-00635-70013',13,'GA',2,1984,330,'I',NULL,1,'SII_CSV'),
('12302-00635-70013',14,'E',3,1984,216,'O','CI',2,'SII_CSV'),
('12302-00635-70013',15,'GA',2,1985,66,'L',NULL,1,'SII_CSV'),
('12302-00635-70013',16,'GE',2,1984,18,'I',NULL,1,'SII_CSV'),
('12302-00635-70014',1,'C',3,1960,720,'O',NULL,2,'SII_CSV'),
('12302-00635-70014',2,'B',3,1960,320,'O','PZ',1,'SII_CSV'),
('12302-00635-70014',3,'GC',2,1960,106,'L',NULL,1,'SII_CSV'),
('12302-00635-70014',4,'C',3,1960,14,'I',NULL,1,'SII_CSV'),
('12302-00635-70014',5,'GA',3,1960,79,'I',NULL,1,'SII_CSV'),
('12302-00635-70014',6,'GA',3,1960,273,'I',NULL,1,'SII_CSV'),
('12302-00635-70014',7,'C',3,1960,34,'O',NULL,1,'SII_CSV'),
('12302-00635-70014',8,'C',3,1960,61,'L',NULL,1,'SII_CSV'),
('12302-00635-70014',9,'GC',2,1960,66,'I',NULL,1,'SII_CSV'),
('12302-00635-70014',10,'GC',2,1960,30,'I',NULL,1,'SII_CSV'),
('12302-00635-70015',1,'GB',1,1960,489,'I',NULL,1,'SII_CSV'),
('12302-00635-70015',2,'B',4,1960,72,'I','CI',1,'SII_CSV'),
('12302-00635-70015',3,'E',3,1960,79,'I','CI',1,'SII_CSV'),
('12302-00635-70015',4,'GE',2,1979,6,'L',NULL,1,'SII_CSV'),
('12302-00635-70015',5,'GC',2,1955,107,'I',NULL,1,'SII_CSV'),
('12302-00635-70015',6,'GE',2,1965,9,'I',NULL,1,'SII_CSV'),
('12302-00635-70015',7,'GE',3,1965,76,'V',NULL,1,'SII_CSV'),
('12302-00635-70015',8,'GE',2,1965,176,'L',NULL,1,'SII_CSV'),
('12302-00635-70015',9,'GA',2,1970,51,'I',NULL,1,'SII_CSV'),
('12302-00635-70015',10,'GA',2,1984,58,'I',NULL,1,'SII_CSV'),
('12302-00635-70015',11,'GA',1,1960,370,'I',NULL,1,'SII_CSV'),
('12302-00635-70015',12,'E',3,1960,96,'O','CI',2,'SII_CSV'),
('12302-00635-70015',13,'E',3,1960,70,'I','CI',2,'SII_CSV'),
('12302-00635-70015',14,'GC',2,1970,165,'I',NULL,1,'SII_CSV'),
('12302-00635-70015',15,'E',3,1980,9,'O','CI',1,'SII_CSV'),
('12302-00635-70015',16,'E',3,1980,21,'L','CI',1,'SII_CSV'),
('12302-00635-70018',1,'C',3,1960,523,'E',NULL,1,'SII_CSV'),
('12302-00635-70018',2,'C',3,1970,625,'E',NULL,1,'SII_CSV'),
('12302-00635-70018',3,'C',3,1958,886,'S',NULL,1,'SII_CSV'),
('12302-00635-70018',4,'GA',1,1958,2520,'D',NULL,1,'SII_CSV'),
('12302-00635-70018',5,'B',3,1958,104,'D','SB',1,'SII_CSV'),
('12302-00635-70018',6,'B',3,1958,284,'D','SB',1,'SII_CSV'),
('12302-00635-70018',7,'B',2,1960,277,'Q',NULL,1,'SII_CSV'),
('12302-00635-70018',8,'E',4,1957,129,'D',NULL,1,'SII_CSV'),
('12302-00635-70019',1,'GA',1,1960,275,'I',NULL,1,'SII_CSV'),
('12302-00635-70019',2,'GA',1,1960,65,'I',NULL,1,'SII_CSV'),
('12302-00635-70019',3,'E',3,1960,6,'I',NULL,1,'SII_CSV'),
('12302-00635-70019',4,'GA',2,1960,73,'I',NULL,1,'SII_CSV'),
('12302-00635-70019',5,'E',3,1960,39,'O',NULL,1,'SII_CSV'),
('12302-00635-70019',6,'GA',1,1960,191,'I',NULL,1,'SII_CSV'),
('12302-00635-70019',7,'GE',2,1960,7,'L',NULL,1,'SII_CSV'),
('12302-00635-70019',8,'GE',2,1962,10,'L',NULL,1,'SII_CSV'),
('12302-00646-00037',1,'GA',2,1958,309,'I',NULL,1,'SII_CSV'),
('12302-00646-00037',2,'GA',2,1958,453,'I',NULL,1,'SII_CSV'),
('12302-00646-00037',3,'GE',2,1958,33,'I',NULL,1,'SII_CSV'),
('12302-00646-00037',4,'GB',2,1958,68,'I',NULL,1,'SII_CSV'),
('12302-00646-00037',5,'GA',2,1982,80,'I',NULL,1,'SII_CSV'),
('12302-00646-00038',1,'E',4,1987,120,'H',NULL,0,'SII_CSV'),
('12302-00646-00038',2,'C',4,1987,25,'P',NULL,0,'SII_CSV'),
('12302-00646-70001',1,'E',3,1960,120,'H',NULL,1,'SII_CSV'),
('12302-00646-70001',2,'E',3,1960,120,'H',NULL,1,'SII_CSV'),
('12302-00646-70001',3,'E',3,1960,120,'H',NULL,1,'SII_CSV'),
('12302-00646-70001',4,'E',3,1960,120,'H',NULL,1,'SII_CSV'),
('12302-00646-70001',5,'E',3,1960,120,'H',NULL,1,'SII_CSV'),
('12302-00646-70001',6,'E',3,1960,120,'H',NULL,1,'SII_CSV'),
('12302-00646-70001',7,'E',3,1960,120,'H',NULL,1,'SII_CSV'),
('12302-00646-70001',8,'E',3,1960,120,'H',NULL,1,'SII_CSV'),
('12302-00646-70001',9,'E',3,1960,120,'H',NULL,1,'SII_CSV'),
('12302-00646-70001',10,'E',3,1960,120,'H',NULL,1,'SII_CSV'),
('12302-00646-70001',11,'E',3,1960,120,'H',NULL,1,'SII_CSV'),
('12302-00646-70001',12,'E',3,1960,120,'H',NULL,1,'SII_CSV'),
('12302-00646-70001',13,'GE',2,1960,25,'Z',NULL,1,'SII_CSV'),
('12302-00646-70002',1,'E',3,1960,100,'H',NULL,1,'SII_CSV'),
('12302-00646-70002',2,'E',3,1960,100,'H',NULL,1,'SII_CSV'),
('12302-00646-70002',3,'E',3,1960,100,'H',NULL,1,'SII_CSV'),
('12302-00646-70002',4,'E',3,1960,100,'H',NULL,1,'SII_CSV'),
('12302-00646-70002',5,'GA',2,1960,216,'Z',NULL,1,'SII_CSV'),
('12302-00646-70003',1,'E',3,1960,100,'H',NULL,1,'SII_CSV'),
('12302-00646-70003',2,'E',3,1960,100,'H',NULL,1,'SII_CSV'),
('12302-00646-70003',3,'E',3,1960,100,'H',NULL,1,'SII_CSV'),
('12302-00646-70003',4,'E',3,1960,100,'H',NULL,1,'SII_CSV'),
('12302-00646-70003',5,'GA',2,1960,216,'Z',NULL,1,'SII_CSV'),
('12302-00646-70003',6,'GE',2,1960,17,'Z',NULL,1,'SII_CSV'),
('12302-00646-70003',7,'GE',2,1960,29,'Z',NULL,1,'SII_CSV'),
('12302-00646-70004',1,'E',3,1960,120,'H',NULL,1,'SII_CSV'),
('12302-00646-70004',2,'E',3,1960,120,'H',NULL,1,'SII_CSV'),
('12302-00646-70004',3,'E',3,1960,120,'H',NULL,1,'SII_CSV'),
('12302-00646-70004',4,'E',3,1960,120,'H',NULL,1,'SII_CSV'),
('12302-00646-70004',5,'E',3,1960,120,'H',NULL,1,'SII_CSV'),
('12302-00646-70004',6,'E',3,1960,120,'H',NULL,1,'SII_CSV'),
('12302-00646-70004',7,'E',3,1960,120,'H',NULL,1,'SII_CSV'),
('12302-00646-70004',8,'E',3,1960,120,'H',NULL,1,'SII_CSV'),
('12302-00646-70004',9,'E',3,1960,140,'H',NULL,1,'SII_CSV'),
('12302-00646-70004',10,'E',3,1960,140,'H',NULL,1,'SII_CSV'),
('12302-00646-70004',11,'GE',2,1960,41,'Z',NULL,1,'SII_CSV'),
('12302-00646-70005',1,'G',3,1960,102,'H',NULL,1,'SII_CSV'),
('12302-00646-70005',2,'G',3,1960,102,'H',NULL,1,'SII_CSV'),
('12302-00646-70005',3,'GE',2,1960,20,'Z',NULL,1,'SII_CSV'),
('12302-00646-70005',4,'GE',2,1960,33,'Z',NULL,1,'SII_CSV'),
('12302-00646-70005',5,'GE',2,1960,26,'Z',NULL,1,'SII_CSV'),
('12302-00646-70005',6,'GE',2,1960,35,'Z',NULL,1,'SII_CSV'),
('12302-00646-70005',7,'GE',2,1960,22,'Z',NULL,1,'SII_CSV'),
('12302-00646-70005',8,'GE',2,1960,22,'Z',NULL,1,'SII_CSV'),
('12302-00646-70006',1,'E',3,1960,75,'H',NULL,1,'SII_CSV'),
('12302-00646-70006',2,'E',3,1960,75,'H',NULL,1,'SII_CSV'),
('12302-00646-70006',3,'E',3,1960,75,'H',NULL,1,'SII_CSV'),
('12302-00646-70006',4,'E',3,1960,75,'H',NULL,1,'SII_CSV'),
('12302-00646-70006',5,'E',3,1960,75,'H',NULL,1,'SII_CSV'),
('12302-00646-70006',6,'E',3,1960,75,'H',NULL,1,'SII_CSV'),
('12302-00646-70006',7,'E',3,1960,75,'H',NULL,1,'SII_CSV'),
('12302-00646-70006',8,'E',3,1960,75,'H',NULL,1,'SII_CSV'),
('12302-00646-70006',9,'E',3,1960,75,'H',NULL,1,'SII_CSV'),
('12302-00646-70006',10,'E',3,1960,75,'H',NULL,1,'SII_CSV'),
('12302-00646-70006',11,'E',3,1960,75,'H',NULL,1,'SII_CSV'),
('12302-00646-70006',12,'E',3,1960,75,'H',NULL,1,'SII_CSV'),
('12302-00646-70006',13,'E',3,1960,75,'H',NULL,1,'SII_CSV'),
('12302-00646-70006',14,'E',3,1960,75,'H',NULL,1,'SII_CSV'),
('12302-00646-70006',15,'E',3,1960,75,'H',NULL,1,'SII_CSV'),
('12302-00646-70006',16,'E',3,1960,75,'H',NULL,1,'SII_CSV'),
('12302-00646-70006',17,'E',3,1960,75,'H',NULL,1,'SII_CSV'),
('12302-00646-70006',18,'E',3,1960,75,'H',NULL,1,'SII_CSV'),
('12302-00646-70006',19,'GE',2,1960,261,'Z',NULL,1,'SII_CSV'),
('12302-00646-70006',20,'GA',2,1960,56,'Z',NULL,1,'SII_CSV'),
('12302-00646-70007',1,'E',3,1960,75,'H',NULL,1,'SII_CSV'),
('12302-00646-70007',2,'E',3,1960,75,'H',NULL,1,'SII_CSV'),
('12302-00646-70007',3,'E',3,1960,75,'H',NULL,1,'SII_CSV'),
('12302-00646-70007',4,'E',3,1960,75,'H',NULL,1,'SII_CSV'),
('12302-00646-70007',5,'E',3,1960,75,'H',NULL,1,'SII_CSV'),
('12302-00646-70007',6,'E',3,1960,75,'H',NULL,1,'SII_CSV'),
('12302-00646-70007',7,'E',3,1960,75,'H',NULL,1,'SII_CSV'),
('12302-00646-70007',8,'E',3,1960,75,'H',NULL,1,'SII_CSV'),
('12302-00646-70007',9,'E',3,1960,75,'H',NULL,1,'SII_CSV'),
('12302-00646-70007',10,'E',3,1960,75,'H',NULL,1,'SII_CSV'),
('12302-00646-70007',11,'GE',2,1960,107,'Z',NULL,1,'SII_CSV'),
('12302-00646-70007',12,'GE',2,1960,38,'Z',NULL,1,'SII_CSV'),
('12302-00646-70008',1,'E',3,1960,67,'H',NULL,1,'SII_CSV'),
('12302-00646-70008',2,'E',3,1960,67,'H',NULL,1,'SII_CSV'),
('12302-00646-70008',3,'E',3,1960,67,'H',NULL,1,'SII_CSV'),
('12302-00646-70008',4,'E',3,1960,67,'H',NULL,1,'SII_CSV'),
('12302-00646-70008',5,'E',3,1960,67,'H',NULL,1,'SII_CSV'),
('12302-00646-70008',6,'E',3,1960,67,'H',NULL,1,'SII_CSV'),
('12302-00646-70009',1,'E',3,1960,67,'H',NULL,1,'SII_CSV'),
('12302-00646-70009',2,'E',3,1960,67,'H',NULL,1,'SII_CSV'),
('12302-00646-70009',3,'E',3,1960,67,'H',NULL,1,'SII_CSV'),
('12302-00646-70009',4,'E',3,1960,67,'H',NULL,1,'SII_CSV'),
('12302-00646-70009',5,'E',3,1960,67,'H',NULL,1,'SII_CSV'),
('12302-00646-70009',6,'E',3,1960,67,'H',NULL,1,'SII_CSV'),
('12302-00646-70009',7,'E',3,1960,67,'H',NULL,1,'SII_CSV'),
('12302-00646-70009',8,'E',3,1960,67,'H',NULL,1,'SII_CSV'),
('12302-00646-70009',9,'E',3,1960,67,'H',NULL,1,'SII_CSV'),
('12302-00646-70009',10,'E',3,1960,67,'H',NULL,1,'SII_CSV'),
('12302-00646-70009',11,'E',3,1960,67,'H',NULL,1,'SII_CSV'),
('12302-00646-70009',12,'E',3,1960,67,'H',NULL,1,'SII_CSV'),
('12302-00646-70009',13,'GE',2,1960,18,'Z',NULL,1,'SII_CSV'),
('12302-00646-70010',1,'E',3,1960,67,'H',NULL,1,'SII_CSV'),
('12302-00646-70010',2,'E',3,1960,67,'H',NULL,1,'SII_CSV'),
('12302-00646-70010',3,'E',3,1960,67,'H',NULL,1,'SII_CSV'),
('12302-00646-70010',4,'E',3,1960,67,'H',NULL,1,'SII_CSV'),
('12302-00646-70010',5,'E',3,1960,67,'H',NULL,1,'SII_CSV'),
('12302-00646-70010',6,'E',3,1960,67,'H',NULL,1,'SII_CSV'),
('12302-00646-70011',1,'GA',2,1960,630,'L',NULL,1,'SII_CSV'),
('12302-00646-70011',2,'E',4,1960,15,'O','CI',1,'SII_CSV'),
('12302-00646-70011',3,'GA',2,1980,202,'L',NULL,1,'SII_CSV'),
('12302-00646-70011',4,'GA',2,1960,79,'E',NULL,1,'SII_CSV'),
('12302-00646-70011',5,'E',4,1960,19,'E','CI',1,'SII_CSV'),
('12302-00646-70011',6,'GA',2,1960,283,'I',NULL,1,'SII_CSV'),
('12302-00646-70011',7,'GA',2,1960,9,'I',NULL,1,'SII_CSV'),
('12302-00646-70011',8,'GA',2,1960,183,'I',NULL,1,'SII_CSV'),
('12302-00646-70011',9,'GA',2,1960,55,'L',NULL,1,'SII_CSV'),
('12302-00646-70011',10,'GE',2,1960,24,'O',NULL,1,'SII_CSV'),
('12302-00646-70011',11,'E',4,1960,29,'L','CI',1,'SII_CSV'),
('12302-00646-70011',12,'GE',3,1960,105,'L',NULL,1,'SII_CSV'),
('12302-00646-70011',13,'C',4,1985,5,'I',NULL,1,'SII_CSV'),
('12302-00646-70011',14,'GA',3,1985,56,'I',NULL,1,'SII_CSV'),
('12302-00646-70011',15,'C',3,1985,3,'I',NULL,1,'SII_CSV'),
('12302-00646-70011',16,'E',3,1984,106,'O',NULL,1,'SII_CSV')
ON CONFLICT (rol, numero_construccion) DO UPDATE SET
  material_codigo       = EXCLUDED.material_codigo,
  calidad_codigo        = EXCLUDED.calidad_codigo,
  anio_construccion     = EXCLUDED.anio_construccion,
  sup_total_m2          = EXCLUDED.sup_total_m2,
  destino_construccion  = EXCLUDED.destino_construccion,
  condicion_especial    = EXCLUDED.condicion_especial,
  numero_pisos          = EXCLUDED.numero_pisos;

INSERT INTO catastro.construcciones (
  rol, numero_construccion, material_codigo,
  calidad_codigo, anio_construccion,
  sup_total_m2, destino_construccion, condicion_especial,
  numero_pisos, fuente_datos
) VALUES
('12302-00646-70012',1,'GA',2,1960,314,'I',NULL,1,'SII_CSV'),
('12302-00646-70012',2,'E',3,1960,16,'L','CI',1,'SII_CSV'),
('12302-00646-70012',3,'E',3,1960,83,'O','CI',1,'SII_CSV'),
('12302-00646-70012',4,'E',3,1960,38,'O','CI',1,'SII_CSV'),
('12302-00646-70012',5,'GE',2,1960,27,'V',NULL,1,'SII_CSV'),
('12302-00646-70012',6,'GE',2,1960,42,'I',NULL,1,'SII_CSV'),
('12302-00646-70012',7,'E',3,1960,54,'O',NULL,1,'SII_CSV'),
('12302-00646-70012',8,'GE',2,1960,68,'L',NULL,1,'SII_CSV'),
('12302-00646-70012',9,'GE',2,1960,282,'I',NULL,1,'SII_CSV'),
('12302-00646-70012',10,'GE',2,1960,59,'I',NULL,1,'SII_CSV'),
('12302-00646-70012',11,'GA',2,1960,35,'I',NULL,1,'SII_CSV'),
('12302-00646-70012',12,'GA',2,1985,46,'L',NULL,1,'SII_CSV'),
('12302-00646-70013',1,'GE',2,1960,409,'V',NULL,1,'SII_CSV'),
('12302-00646-70013',2,'GE',2,1960,143,'V',NULL,1,'SII_CSV'),
('12302-00646-70013',3,'GE',2,1960,87,'I',NULL,1,'SII_CSV'),
('12302-00646-70013',4,'E',4,1960,9,'L','CI',1,'SII_CSV'),
('12302-00646-70013',5,'GE',2,1960,371,'V',NULL,1,'SII_CSV'),
('12302-00646-70013',6,'C',3,1970,40,'I',NULL,1,'SII_CSV'),
('12302-00646-70013',7,'GE',2,1970,10,'I',NULL,1,'SII_CSV'),
('12302-00646-70014',1,'C',3,1960,429,'O',NULL,1,'SII_CSV'),
('12302-00646-70014',2,'C',3,1984,63,'O',NULL,1,'SII_CSV'),
('12302-00646-70014',3,'GA',2,1960,358,'I',NULL,1,'SII_CSV'),
('12302-00646-70014',4,'E',2,1960,33,'O','CI',1,'SII_CSV'),
('12302-00646-70014',5,'E',2,1960,35,'L','CI',1,'SII_CSV'),
('12302-00646-70014',6,'GE',2,1980,11,'I',NULL,1,'SII_CSV'),
('12302-00646-70014',7,'E',3,1980,99,'I',NULL,1,'SII_CSV'),
('12302-00646-70014',8,'E',3,1980,57,'I',NULL,1,'SII_CSV'),
('12302-00646-70014',9,'B',3,1984,8,'I',NULL,1,'SII_CSV'),
('12302-00646-70014',10,'GA',2,1960,185,'I',NULL,1,'SII_CSV'),
('12302-00646-70014',11,'GA',1,1960,745,'I',NULL,1,'SII_CSV'),
('12302-00646-70014',12,'GA',1,1960,634,'I',NULL,1,'SII_CSV'),
('12302-00646-70014',13,'B',3,1960,65,'I','CI',1,'SII_CSV'),
('12302-00646-70014',14,'GA',1,1960,754,'I',NULL,1,'SII_CSV'),
('12302-00646-70014',15,'GA',2,1960,63,'I',NULL,1,'SII_CSV'),
('12302-00646-70014',16,'E',4,1965,21,'L',NULL,1,'SII_CSV'),
('12302-00646-70014',17,'GA',2,1965,25,'I',NULL,1,'SII_CSV'),
('12302-00646-70014',18,'GE',2,1965,3,'V',NULL,1,'SII_CSV'),
('12302-00646-70014',19,'GE',2,1965,8,'I',NULL,1,'SII_CSV'),
('12302-00646-70014',20,'GA',2,1965,61,'I',NULL,1,'SII_CSV'),
('12302-00646-70014',21,'GA',2,1986,51,'I',NULL,1,'SII_CSV'),
('12302-00646-70014',22,'GA',3,1960,756,'I',NULL,1,'SII_CSV'),
('12302-00646-70015',1,'GA',1,1960,893,'D',NULL,1,'SII_CSV'),
('12302-00646-70015',2,'C',3,1960,551,'D',NULL,1,'SII_CSV'),
('12302-00646-70015',3,'E',3,1960,265,'S',NULL,1,'SII_CSV'),
('12302-00646-70015',4,'A',3,1960,13,'S','CA',1,'SII_CSV'),
('12302-00646-70015',5,'GB',2,1960,57,'Z',NULL,1,'SII_CSV'),
('12302-00646-70015',6,'E',3,1960,320,'E',NULL,1,'SII_CSV'),
('12302-00646-70015',7,'C',3,1960,41,'E',NULL,1,'SII_CSV'),
('12302-00646-70015',8,'C',3,1960,225,'Q',NULL,1,'SII_CSV'),
('12302-00646-70015',9,'GA',2,1984,90,'Z',NULL,1,'SII_CSV'),
('12302-00646-70016',1,'C',3,1960,148,'C',NULL,1,'SII_CSV'),
('12302-00646-70016',2,'C',3,1960,90,'L',NULL,1,'SII_CSV'),
('12302-00646-70016',3,'C',3,1960,315,'O',NULL,1,'SII_CSV'),
('12302-00646-70016',4,'GA',3,1960,238,'V',NULL,1,'SII_CSV'),
('12302-00646-70016',5,'E',3,1960,690,'H',NULL,1,'SII_CSV'),
('12302-00646-70016',6,'E',3,1960,714,'H',NULL,1,'SII_CSV'),
('12302-00646-70016',7,'E',3,1960,669,'H',NULL,1,'SII_CSV'),
('12302-00646-70016',8,'C',3,1960,293,'H',NULL,1,'SII_CSV'),
('12302-00646-70016',9,'A',4,1960,29,'H','CA',1,'SII_CSV'),
('12302-00646-70017',1,'E',3,1960,85,'H',NULL,1,'SII_CSV'),
('12302-00646-70017',2,'E',3,1960,85,'H',NULL,1,'SII_CSV'),
('12302-00646-70017',3,'E',3,1984,171,'H',NULL,1,'SII_CSV'),
('12302-00646-70017',4,'E',3,1986,79,'H',NULL,1,'SII_CSV'),
('12302-00646-70017',5,'E',3,1986,79,'H',NULL,1,'SII_CSV'),
('12302-00646-70017',6,'E',3,1986,79,'H',NULL,1,'SII_CSV'),
('12302-00646-70017',7,'E',3,1986,79,'H',NULL,1,'SII_CSV'),
('12302-00646-70020',1,'GA',2,1982,176,'I',NULL,1,'SII_CSV'),
('12302-00646-70020',2,'GA',2,1982,214,'I',NULL,1,'SII_CSV'),
('12302-00646-70020',3,'GA',2,1982,46,'I',NULL,1,'SII_CSV'),
('12302-00646-70020',4,'E',4,1982,19,'L','CI',1,'SII_CSV'),
('12302-00646-70020',5,'GA',2,1982,20,'I',NULL,1,'SII_CSV'),
('12302-00646-70020',6,'GE',2,1986,8,'I',NULL,1,'SII_CSV'),
('12302-00646-70021',1,'E',3,1982,97,'H',NULL,1,'SII_CSV'),
('12302-00646-70021',2,'GA',1,1982,194,'T',NULL,1,'SII_CSV'),
('12302-00646-70021',3,'GE',2,1982,69,'T',NULL,1,'SII_CSV'),
('12302-00646-70021',4,'GA',2,1958,110,'I',NULL,1,'SII_CSV'),
('12302-01000-00001',1,'E',3,1958,100,'H',NULL,1,'SII_CSV'),
('12302-01000-00002',1,'E',3,1958,100,'H',NULL,1,'SII_CSV'),
('12302-01000-00003',1,'E',3,1958,100,'H',NULL,1,'SII_CSV'),
('12302-01000-00004',1,'E',3,1958,100,'H',NULL,1,'SII_CSV'),
('12302-01000-00005',1,'E',3,1958,100,'H',NULL,1,'SII_CSV'),
('12302-01000-00006',1,'E',3,1958,100,'H',NULL,1,'SII_CSV'),
('12302-01000-00007',1,'E',3,1958,100,'H',NULL,1,'SII_CSV'),
('12302-01000-00008',1,'E',3,1958,100,'H',NULL,1,'SII_CSV'),
('12302-01000-00009',1,'E',3,1958,100,'H',NULL,1,'SII_CSV'),
('12302-01000-00010',1,'E',3,1958,100,'H',NULL,1,'SII_CSV'),
('12302-01000-00011',1,'E',3,1958,100,'H',NULL,1,'SII_CSV'),
('12302-01000-00012',1,'E',3,1958,100,'H',NULL,1,'SII_CSV'),
('12302-01000-00013',1,'E',4,1998,48,'H',NULL,1,'SII_CSV'),
('12302-01000-00014',1,'E',4,1998,48,'H',NULL,1,'SII_CSV'),
('12302-01000-00015',1,'E',4,1998,48,'H',NULL,1,'SII_CSV'),
('12302-01000-00017',1,'E',3,1958,100,'H',NULL,1,'SII_CSV'),
('12302-01000-00018',1,'E',4,1998,48,'H',NULL,1,'SII_CSV'),
('12302-01000-00019',1,'E',4,1998,60,'H',NULL,1,'SII_CSV'),
('12302-01000-00020',1,'E',3,1997,143,'H',NULL,1,'SII_CSV'),
('12302-01000-00021',1,'E',3,1991,73,'H',NULL,1,'SII_CSV'),
('12302-01000-00022',1,'E',4,1998,60,'H',NULL,1,'SII_CSV'),
('12302-01000-00023',1,'E',4,1998,50,'H',NULL,1,'SII_CSV'),
('12302-01000-00024',1,'E',4,1997,48,'H',NULL,1,'SII_CSV'),
('12302-01000-00028',1,'E',4,1998,50,'H',NULL,1,'SII_CSV'),
('12302-01005-00010',1,'E',4,1982,92,'H',NULL,1,'SII_CSV'),
('12302-01005-00010',2,'E',4,1993,60,'C',NULL,2,'SII_CSV'),
('12302-01005-00010',3,'E',4,1993,63,'C',NULL,2,'SII_CSV'),
('12302-01006-00001',1,'E',5,1990,33,'H',NULL,1,'SII_CSV'),
('12302-01006-00002',1,'E',4,1990,50,'H',NULL,1,'SII_CSV'),
('12302-01006-00003',1,'E',4,1990,50,'H',NULL,1,'SII_CSV'),
('12302-01006-00004',1,'E',4,1990,50,'H',NULL,1,'SII_CSV'),
('12302-01006-00005',1,'E',5,1990,18,'H',NULL,1,'SII_CSV'),
('12302-01006-00006',1,'E',5,1990,18,'H',NULL,1,'SII_CSV'),
('12302-01006-00006',2,'E',4,2016,152,'H',NULL,2,'SII_CSV'),
('12302-01006-00007',1,'E',4,1990,50,'H',NULL,1,'SII_CSV'),
('12302-01006-00008',1,'E',4,1990,50,'H',NULL,1,'SII_CSV'),
('12302-01006-00009',1,'E',4,1979,52,'H',NULL,1,'SII_CSV'),
('12302-01006-00010',1,'E',4,1999,100,'H',NULL,2,'SII_CSV'),
('12302-01006-00011',1,'E',4,1990,50,'H',NULL,1,'SII_CSV'),
('12302-01006-00012',1,'E',4,1990,50,'H',NULL,1,'SII_CSV'),
('12302-01008-00001',1,'C',3,1960,523,'E',NULL,1,'SII_CSV'),
('12302-01008-00001',2,'C',3,1970,625,'E',NULL,1,'SII_CSV'),
('12302-01009-00001',1,'E',4,2005,60,'G',NULL,1,'SII_CSV'),
('12302-01009-00002',1,'E',4,2005,44,'H',NULL,1,'SII_CSV'),
('12302-01009-00003',1,'E',4,1990,50,'H',NULL,1,'SII_CSV'),
('12302-01009-00004',1,'E',4,1990,36,'H',NULL,1,'SII_CSV'),
('12302-01009-00005',1,'E',4,1990,36,'H',NULL,1,'SII_CSV'),
('12302-01009-00006',1,'E',4,1999,40,'H',NULL,1,'SII_CSV'),
('12302-01009-00007',1,'E',4,1999,50,'H',NULL,2,'SII_CSV'),
('12302-01009-00008',1,'E',4,1999,50,'H',NULL,2,'SII_CSV'),
('12302-01009-00008',2,'E',4,1999,22,'G',NULL,2,'SII_CSV'),
('12302-01009-00009',1,'E',4,1999,40,'H',NULL,1,'SII_CSV'),
('12302-01009-00010',1,'E',4,1999,40,'H',NULL,1,'SII_CSV'),
('12302-01009-00011',1,'E',4,1999,40,'H',NULL,1,'SII_CSV'),
('12302-01009-00012',1,'E',4,1999,40,'H',NULL,1,'SII_CSV'),
('12302-01009-00013',1,'E',4,1999,40,'H',NULL,1,'SII_CSV'),
('12302-01009-00014',1,'E',4,1999,40,'H',NULL,1,'SII_CSV'),
('12302-01009-00015',1,'E',4,1999,40,'H',NULL,1,'SII_CSV'),
('12302-01009-00016',1,'E',4,1999,40,'H',NULL,1,'SII_CSV'),
('12302-01009-00017',1,'E',4,1999,40,'H',NULL,1,'SII_CSV'),
('12302-01009-00018',1,'E',4,1999,40,'H',NULL,1,'SII_CSV'),
('12302-01009-00019',1,'E',4,1999,40,'H',NULL,1,'SII_CSV'),
('12302-01009-00020',1,'E',4,1999,40,'H',NULL,1,'SII_CSV'),
('12302-01009-00021',1,'E',3,2012,69,'H',NULL,1,'SII_CSV'),
('12302-01009-00022',1,'E',4,1999,40,'H',NULL,1,'SII_CSV'),
('12302-01009-00023',1,'E',3,2012,100,'H',NULL,1,'SII_CSV'),
('12302-01009-00024',1,'E',3,2012,52,'H',NULL,1,'SII_CSV'),
('12302-01009-00027',1,'E',3,2012,62,'H',NULL,1,'SII_CSV'),
('12302-01009-00028',1,'E',3,2012,165,'H',NULL,2,'SII_CSV'),
('12302-01012-00001',1,'G',3,2010,195,'E',NULL,1,'SII_CSV')
ON CONFLICT (rol, numero_construccion) DO UPDATE SET
  material_codigo       = EXCLUDED.material_codigo,
  calidad_codigo        = EXCLUDED.calidad_codigo,
  anio_construccion     = EXCLUDED.anio_construccion,
  sup_total_m2          = EXCLUDED.sup_total_m2,
  destino_construccion  = EXCLUDED.destino_construccion,
  condicion_especial    = EXCLUDED.condicion_especial,
  numero_pisos          = EXCLUDED.numero_pisos;

-- ─────────────────────────────────────────────────
-- A: BRTMPCATASA_2025_2_12302  |  CÓDIGO 12302
-- 170 filas
-- ─────────────────────────────────────────────────
INSERT INTO catastro.predios (
  rol, codigo_comuna, manzana, predio, direccion,
  avaluo_total_vigente, contribucion_semestre,
  destino_sii, avaluo_total_exento,
  cod_ubicacion, serie_predio, fuente_datos
) VALUES
('12302-00621-00006','12302','00621','00006','EST FDO SN JORGE',729611669,NULL,'A',729611669,'R','agricola','SII_CSV'),
('12302-00621-00007','12302','00621','00007','ESTANCIA ENTREMAR LT 33',523834222,NULL,'A',523834222,'R','agricola','SII_CSV'),
('12302-00621-00008','12302','00621','00008','ESTACIA OLGA SOFIA LT 32 INVIERNO',682726916,NULL,'A',682726916,'R','agricola','SII_CSV'),
('12302-00621-00009','12302','00621','00009','COL GENTE GRANDE LT 31',451140659,NULL,'A',451140659,'R','agricola','SII_CSV'),
('12302-00621-00010','12302','00621','00010','EST AGUA SANTA LOTE 30 COLONIA GENTE GRA',561112421,NULL,'A',561112421,'R','agricola','SII_CSV'),
('12302-00621-00011','12302','00621','00011','EST PAMELA CHRISTIAN',638175071,NULL,'A',638175071,'R','agricola','SII_CSV'),
('12302-00621-00012','12302','00621','00012','EST 12 FEBRERO LT 28',590010915,NULL,'A',590010915,'R','agricola','SII_CSV'),
('12302-00621-00013','12302','00621','00013','EST ANNETTE LT 27 GENTE GRANDE',1128891146,NULL,'A',1128891146,'R','agricola','SII_CSV'),
('12302-00621-00014','12302','00621','00014','EST LA ITALIANA EX OLGUITA',642866059,NULL,'A',642866059,'R','agricola','SII_CSV'),
('12302-00635-00008','12302','00635','00008','PEPITA (DON AUGUSTO)',505723641,NULL,'A',505723641,'R','agricola','SII_CSV'),
('12302-00635-00009','12302','00635','00009','ESTANCIA SAN JERONIMO LT 46',328956731,NULL,'A',328956731,'R','agricola','SII_CSV'),
('12302-00635-00010','12302','00635','00010','ESTANCIA MARTA INES',421436368,NULL,'A',421436368,'R','agricola','SII_CSV'),
('12302-00635-00011','12302','00635','00011','ESTANCIA MIRAMAR LOTE 48',505723641,NULL,'A',505723641,'R','agricola','SII_CSV'),
('12302-00635-00012','12302','00635','00012','ESTANCIA NATACHA LT 49 PL 13',505723641,NULL,'A',505723641,'R','agricola','SII_CSV'),
('12302-00635-00013','12302','00635','00013','LOTE 50 A PL 13',307648548,NULL,'A',307648548,'R','agricola','SII_CSV'),
('12302-00635-00014','12302','00635','00014','ESTANCIA GUACOLDA LT 50 -B',309755730,NULL,'A',309755730,'R','agricola','SII_CSV'),
('12302-00635-00015','12302','00635','00015','PL 13 LOTE 51 EST CERRO MANANTIALES',640181911,NULL,'A',640181911,'R','agricola','SII_CSV'),
('12302-00635-00016','12302','00635','00016','CAMPO EXP SPRINGGHIL',4337283,NULL,'A',4337283,'R','agricola','SII_CSV'),
('12302-00635-00017','12302','00635','00017','ESTANCIA IDA IRENE SPRINGHILL',541846759,NULL,'A',541846759,'R','agricola','SII_CSV'),
('12302-00635-00018','12302','00635','00018','ESTANCIA CHANARCILLO',642690461,NULL,'A',642690461,'R','agricola','SII_CSV'),
('12302-00635-00019','12302','00635','00019','EST RINCON CHILENO SEC B',642690461,NULL,'A',642690461,'R','agricola','SII_CSV'),
('12302-00635-00020','12302','00635','00020','EST MARIA ANGELA LT 56',575874359,NULL,'A',575874359,'R','agricola','SII_CSV'),
('12302-00635-00021','12302','00635','00021','LT 57 A CERRO SOMBRERO',421437710,NULL,'A',421437710,'R','agricola','SII_CSV'),
('12302-00635-00022','12302','00635','00022','LOTE 55 PL 13',1351170776,NULL,'A',1351170776,'R','agricola','SII_CSV'),
('12302-00635-00023','12302','00635','00023','ESTANCIA MODESTA VICTORIA',1322593753,NULL,'A',1322593753,'R','agricola','SII_CSV'),
('12302-00635-00024','12302','00635','00024','ESTANCIA LAS VEGAS',1324514299,NULL,'A',1324514299,'R','agricola','SII_CSV'),
('12302-00635-00025','12302','00635','00025','CARMEN VICTORIA SPRINGHILL',551218701,NULL,'A',551218701,'R','agricola','SII_CSV'),
('12302-00635-00026','12302','00635','00026','EST JUANITA',551880958,NULL,'A',551880958,'R','agricola','SII_CSV'),
('12302-00635-00027','12302','00635','00027','EST LOS YAGANES LT 38',529805720,NULL,'A',529805720,'R','agricola','SII_CSV'),
('12302-00635-00028','12302','00635','00028','EST RINCON CHILENO',529805720,NULL,'A',529805720,'R','agricola','SII_CSV'),
('12302-00635-00029','12302','00635','00029','SECCION DE LAS COLINAS LT 40',529805720,NULL,'A',529805720,'R','agricola','SII_CSV'),
('12302-00635-00030','12302','00635','00030','ESTANCIA GALVARINO',533331135,NULL,'A',533331135,'R','agricola','SII_CSV'),
('12302-00635-00031','12302','00635','00031','LT 3 PL 43',244824741,NULL,'A',244824741,'R','agricola','SII_CSV'),
('12302-00635-00032','12302','00635','00032','CAMPO LOS SAUCES MANANTIALES',529805720,NULL,'A',529805720,'R','agricola','SII_CSV'),
('12302-00635-00033','12302','00635','00033','PTA ESPORA LT 2 PL 43',122771351,NULL,'A',122771351,'R','agricola','SII_CSV'),
('12302-00635-00034','12302','00635','00034','PRIMAVERA',505723641,NULL,'A',505723641,'R','agricola','SII_CSV'),
('12302-00635-00035','12302','00635','00035','LT 1 PL 43 P ESPORA',163508465,NULL,'A',163508465,'R','agricola','SII_CSV'),
('12302-00635-00036','12302','00635','00036','LT 44 PL 13',10545798,NULL,'A',10545798,'R','agricola','SII_CSV'),
('12302-00635-00042','12302','00635','00042','LOTE 44 PL 13',171735320,NULL,'A',171735320,'R','agricola','SII_CSV'),
('12302-00635-00043','12302','00635','00043','LOTE FISCAL TIPO B 55 - 3',20812535,NULL,'A',20812535,'R','agricola','SII_CSV'),
('12302-00635-00068','12302','00635','00068','LT 57 B CERRO SOMBRERO',441506173,NULL,'A',441506173,'R','agricola','SII_CSV'),
('12302-00635-00112','12302','00635','00112','LOTE B- CERRO SOMBRERO-SM 2464',7521464,NULL,'A',7521464,'R','agricola','SII_CSV'),
('12302-00635-00160','12302','00635','00160','LOTE 55 A PL 13',3385101,NULL,'A',3385101,'R','agricola','SII_CSV'),
('12302-00635-00668','12302','00635','00668','LOTE52 AESTANCIASPRINGHILL',54742176,NULL,'A',54742176,'R','agricola','SII_CSV'),
('12302-00635-00669','12302','00635','00669','LOTE52 BESTANCIASPRINGHILL',137394076,NULL,'A',137394076,'R','agricola','SII_CSV'),
('12302-00635-00672','12302','00635','00672','LOTE FISCAL TIPO B 55 - 1',2048582,NULL,'A',2048582,'R','agricola','SII_CSV'),
('12302-00635-00674','12302','00635','00674','LOTE FISCAL TIPO B 55 - 3',1889640,NULL,'A',1889640,'R','agricola','SII_CSV'),
('12302-00635-00678','12302','00635','00678','LOTE FISCAL TIPO B 55 - 7',1913923,NULL,'A',1913923,'R','agricola','SII_CSV'),
('12302-00635-00680','12302','00635','00680','LOTE FISCAL TIPO B 55 - 9',1938206,NULL,'A',1938206,'R','agricola','SII_CSV'),
('12302-00635-00682','12302','00635','00682','LOTE FISCAL TIPO B 55 - 11',1485663,NULL,'A',1485663,'R','agricola','SII_CSV'),
('12302-00640-00004','12302','00640','00004','LOS MORROS SPRINGHILL',551880958,NULL,'A',551880958,'R','agricola','SII_CSV'),
('12302-00640-00005','12302','00640','00005','EST MARIA INES LT 22',551880958,NULL,'A',551880958,'R','agricola','SII_CSV'),
('12302-00640-00006','12302','00640','00006','ESTANCIA EL FUEGUINO',576966456,NULL,'A',576966456,'R','agricola','SII_CSV'),
('12302-00640-00007','12302','00640','00007','EST LAURA',551880958,NULL,'A',551880958,'R','agricola','SII_CSV'),
('12302-00640-00008','12302','00640','00008','ESTANCIA SILVIA LT 20',551880958,NULL,'A',551880958,'R','agricola','SII_CSV'),
('12302-00640-00009','12302','00640','00009','EST LAS ROSAS LT 19',551880958,NULL,'A',551880958,'R','agricola','SII_CSV'),
('12302-00640-00010','12302','00640','00010','CABANA LT 18',576966456,NULL,'A',576966456,'R','agricola','SII_CSV'),
('12302-00640-00011','12302','00640','00011','ESTANCIA BIO BIO',576966456,NULL,'A',576966456,'R','agricola','SII_CSV'),
('12302-00640-00012','12302','00640','00012','NELLY BAHIA FELIPE',923149270,NULL,'A',923149270,'R','agricola','SII_CSV'),
('12302-00640-00013','12302','00640','00013','LOTE 15 BAHIA FELIPE',589509205,NULL,'A',589509205,'R','agricola','SII_CSV'),
('12302-00640-00014','12302','00640','00014','RITA BAHIA FELIPE',602051954,NULL,'A',602051954,'R','agricola','SII_CSV'),
('12302-00640-00015','12302','00640','00015','DELIA LOTE 12 PLANO 13 BAHIA FELIPE',943217732,NULL,'A',943217732,'R','agricola','SII_CSV'),
('12302-00640-00016','12302','00640','00016','LT C PL XII 3 107 CR BAHIA FELIPE',270214457,NULL,'A',270214457,'R','agricola','SII_CSV'),
('12302-00640-00017','12302','00640','00017','LOTE 7 PL 13 CABANA PEPA',569541148,NULL,'A',569541148,'R','agricola','SII_CSV'),
('12302-00640-00018','12302','00640','00018','RITA LOTE 6',164478365,NULL,'A',164478365,'R','agricola','SII_CSV'),
('12302-00640-00019','12302','00640','00019','LOTE 5 PL 13',399773804,NULL,'A',399773804,'R','agricola','SII_CSV'),
('12302-00640-00020','12302','00640','00020','LOTE 4 LOTE 6 A X',929267191,NULL,'A',929267191,'R','agricola','SII_CSV'),
('12302-00640-00021','12302','00640','00021','ESTANCIA ELVIRA BAHIA A FELIPE',668679037,NULL,'A',668679037,'R','agricola','SII_CSV'),
('12302-00640-00022','12302','00640','00022','ESTANCIA CLARA HIJ A',539440269,NULL,'A',539440269,'R','agricola','SII_CSV'),
('12302-00640-00023','12302','00640','00023','ESTANCIA DON HUMBERTO',888515800,NULL,'A',888515800,'R','agricola','SII_CSV'),
('12302-00640-00024','12302','00640','00024','EST MARIA ELENA LOTE 2',963286195,NULL,'A',963286195,'R','agricola','SII_CSV'),
('12302-00640-00025','12302','00640','00025','TIERRA DEL FUEGO LOTE A',165684697,NULL,'A',165684697,'R','agricola','SII_CSV'),
('12302-00640-00026','12302','00640','00026','TIERRA DEL FUEGO LOTE C',10123966,NULL,'A',10123966,'R','agricola','SII_CSV'),
('12302-00640-00027','12302','00640','00027','TIERRA DEL FUEGO LOTE B',83663331,NULL,'A',83663331,'R','agricola','SII_CSV'),
('12302-00640-00028','12302','00640','00028','TIERRA DEL FUEGO LOTE E',63636358,NULL,'A',63636358,'R','agricola','SII_CSV'),
('12302-00640-00029','12302','00640','00029','EST RANCHO GRANDE LT 9',614594703,NULL,'A',614594703,'R','agricola','SII_CSV'),
('12302-00640-00030','12302','00640','00030','LOTE 10 BAHIA FELIPE PRIMAVERA A 2',293523707,NULL,'A',293523707,'R','agricola','SII_CSV'),
('12302-00640-00031','12302','00640','00031','ARAUCARIA LOTE 13 BAHIA FELIPE',589509205,NULL,'A',589509205,'R','agricola','SII_CSV'),
('12302-00640-00032','12302','00640','00032','CARMELITA LOTE 14 BAHIA FELIPE',589509205,NULL,'A',589509205,'R','agricola','SII_CSV'),
('12302-00640-00033','12302','00640','00033','HIJ BAHIA FELIPE',24586774,NULL,'A',24586774,'R','agricola','SII_CSV'),
('12302-00640-00034','12302','00640','00034','LOTE E CORDON BAQUEDANO X',434993061,NULL,'A',434993061,'R','agricola','SII_CSV'),
('12302-00640-00035','12302','00640','00035','LOTE F PL XII 199',219304487,NULL,'A',219304487,'R','agricola','SII_CSV'),
('12302-00640-00036','12302','00640','00036','LOTE J CORDON BAQUEDANO X',298194577,NULL,'A',298194577,'R','agricola','SII_CSV'),
('12302-00640-00037','12302','00640','00037','EST RIO DE ORO LT H PL XII 3 110 CR',314858585,NULL,'A',314858585,'R','agricola','SII_CSV'),
('12302-00640-00038','12302','00640','00038','LOTE SN SECTOR RIO DE ORO X',7896694,NULL,'A',7896694,'R','agricola','SII_CSV'),
('12302-00640-00039','12302','00640','00039','PARCELA A PL XII 3 184',35870773,NULL,'A',35870773,'R','agricola','SII_CSV'),
('12302-00640-00042','12302','00640','00042','EST JUANITA LT D',27067548,NULL,'A',27067548,'R','agricola','SII_CSV'),
('12302-00640-00043','12302','00640','00043','PC E PL XII 3 188',16154125,NULL,'A',16154125,'R','agricola','SII_CSV'),
('12302-00640-00044','12302','00640','00044','PARCELA F BAHIA FELIPE',22262669,NULL,'A',22262669,'R','agricola','SII_CSV'),
('12302-00640-00045','12302','00640','00045','PC G PL XII 3 130',42183479,NULL,'A',42183479,'R','agricola','SII_CSV'),
('12302-00640-00046','12302','00640','00046','PC H PL XII 3 130',49689437,NULL,'A',49689437,'R','agricola','SII_CSV'),
('12302-00640-00047','12302','00640','00047','PC I PL XII 3 130',19515489,NULL,'A',19515489,'R','agricola','SII_CSV'),
('12302-00640-00048','12302','00640','00048','PC J PL XII 3 130',19019443,NULL,'A',19019443,'R','agricola','SII_CSV'),
('12302-00640-00049','12302','00640','00049','PC K PL XII 3 130',33987600,NULL,'A',33987600,'R','agricola','SII_CSV'),
('12302-00640-00050','12302','00640','00050','LOTE L PLANO 12 - 3',26075043,NULL,'A',26075043,'R','agricola','SII_CSV'),
('12302-00640-00051','12302','00640','00051','LOTE M PLANO XII BAHIA FELIPE',50309494,NULL,'A',50309494,'R','agricola','SII_CSV'),
('12302-00640-00052','12302','00640','00052','PARCELA N BAHIA FELIPE',53569689,NULL,'A',53569689,'R','agricola','SII_CSV'),
('12302-00640-00053','12302','00640','00053','PC O PL XII 3 130',20247932,NULL,'A',20247932,'R','agricola','SII_CSV'),
('12302-00640-00054','12302','00640','00054','ESTANCIA CLARA HIJ B C E',490409002,NULL,'A',490409002,'R','agricola','SII_CSV'),
('12302-00640-00055','12302','00640','00055','LOTE PLAZA A 1 INVERNADA BAHIA FELIPE',293379867,NULL,'A',293379867,'R','agricola','SII_CSV'),
('12302-00640-00056','12302','00640','00056','BAHIA FELIPE LT 8 -D',5785123,NULL,'A',5785123,'R','agricola','SII_CSV'),
('12302-00641-00001','12302','00641','00001','EST RANCHO T B LT 25',662257149,NULL,'A',662257149,'R','agricola','SII_CSV'),
('12302-00641-00002','12302','00641','00002','LOTE 33 -B PL- 12302 - 999 -CR',248304664,NULL,'A',248304664,'R','agricola','SII_CSV'),
('12302-00641-00003','12302','00641','00003','ESTANCIA SAN MIGUEL SECTOR BAHIA FELIPE',662257149,NULL,'A',662257149,'R','agricola','SII_CSV'),
('12302-00641-00004','12302','00641','00004','LT 58 EST QUINTA ESPERANZA',842706845,NULL,'A',842706845,'R','agricola','SII_CSV'),
('12302-00641-00005','12302','00641','00005','CINDRO LOTE 60 A',533899515,NULL,'A',533899515,'R','agricola','SII_CSV'),
('12302-00641-00006','12302','00641','00006','LT 61 -A VIRGEN DE FATIMA',463580005,NULL,'A',463580005,'R','agricola','SII_CSV'),
('12302-00641-00007','12302','00641','00007','EST CHILE LOTE 61',662257149,NULL,'A',662257149,'R','agricola','SII_CSV'),
('12302-00641-00008','12302','00641','00008','EST. LA CHILLANEJA LOTE 60',637047926,NULL,'A',637047926,'R','agricola','SII_CSV'),
('12302-00641-00009','12302','00641','00009','ESTANCIA MIRIANA',770515872,NULL,'A',770515872,'R','agricola','SII_CSV'),
('12302-00641-00010','12302','00641','00010','ESTANCIA STA BARBARA',861553342,NULL,'A',861553342,'R','agricola','SII_CSV'),
('12302-00641-00011','12302','00641','00011','LOTE 30 PL 13',900714857,NULL,'A',900714857,'R','agricola','SII_CSV'),
('12302-00641-00012','12302','00641','00012','LOTE 29 PLANO 13',317925883,NULL,'A',317925883,'R','agricola','SII_CSV'),
('12302-00641-00013','12302','00641','00013','ESTANCIA DON MARIANO',259869852,NULL,'A',259869852,'R','agricola','SII_CSV'),
('12302-00641-00014','12302','00641','00014','LOTE 27 BAHIA FELIPE',559846499,NULL,'A',559846499,'R','agricola','SII_CSV'),
('12302-00641-00015','12302','00641','00015','LT 25 A PL 13',662257149,NULL,'A',662257149,'R','agricola','SII_CSV'),
('12302-00641-00016','12302','00641','00016','LOTE 26 -A PL.XII. 3 . 63 . EST. NUEVA',91939270,NULL,'A',91939270,'R','agricola','SII_CSV'),
('12302-00641-00017','12302','00641','00017','LT-26 -A-B-C-D PL. 63 -CR',38079786,NULL,'A',38079786,'R','agricola','SII_CSV'),
('12302-00641-00018','12302','00641','00018','LT 60 -C XII- 3 - 261',22095958,NULL,'A',22095958,'R','agricola','SII_CSV'),
('12302-00641-00020','12302','00641','00020','LT 58 A EST QUINTA ESPERANZA',210916,NULL,'A',210916,'R','agricola','SII_CSV'),
('12302-00641-00021','12302','00641','00021','LOTE 33 -A PL- 12302 - 999 -CR',162570885,NULL,'A',162570885,'R','agricola','SII_CSV'),
('12302-00641-00022','12302','00641','00022','LOTE 33 -C PL- 12302 - 999 -CR',22819174,NULL,'A',22819174,'R','agricola','SII_CSV'),
('12302-00641-00023','12302','00641','00023','LOTE 33 -D PL- 12302 - 999 -CR',191577748,NULL,'A',191577748,'R','agricola','SII_CSV'),
('12302-00641-00026','12302','00641','00026','EST. CINDROLT 60 -A 1',655172,NULL,'A',655172,'R','agricola','SII_CSV'),
('12302-00645-00001','12302','00645','00001','EST LOS MELLIZOS LT 1',1011450504,NULL,'A',1011450504,'R','agricola','SII_CSV'),
('12302-00645-00002','12302','00645','00002','ESTANCIA LOS PINOS LT 2',632154552,NULL,'A',632154552,'R','agricola','SII_CSV'),
('12302-00645-00003','12302','00645','00003','EST LOMAS DE PANTANO',632154552,NULL,'A',632154552,'R','agricola','SII_CSV'),
('12302-00645-00004','12302','00645','00004','ESTANCIA RIO PANTANA',939201048,NULL,'A',939201048,'R','agricola','SII_CSV'),
('12302-00645-00005','12302','00645','00005','EST VALPARAISO LT 6 -B',205597957,NULL,'A',205597957,'R','agricola','SII_CSV'),
('12302-00645-00006','12302','00645','00006','EST VALPARAISO LOTE 6 C',379292731,NULL,'A',379292731,'R','agricola','SII_CSV'),
('12302-00645-00007','12302','00645','00007','GUACOLDA LT 63',211112839,NULL,'A',211112839,'R','agricola','SII_CSV'),
('12302-00645-00008','12302','00645','00008','BELLAVISTA (DON AGUSTO)',821800917,NULL,'A',821800917,'R','agricola','SII_CSV'),
('12302-00645-00009','12302','00645','00009','EST LOS OLIVOS TIERRA D',662257149,NULL,'A',662257149,'R','agricola','SII_CSV'),
('12302-00645-00010','12302','00645','00010','EST SULTANA LT 62',430776671,NULL,'A',430776671,'R','agricola','SII_CSV'),
('12302-00645-00011','12302','00645','00011','SECCION MILAGRO IBERICO',134976690,NULL,'A',134976690,'R','agricola','SII_CSV'),
('12302-00645-00012','12302','00645','00012','LT 59 PL 13',114791239,NULL,'A',114791239,'R','agricola','SII_CSV'),
('12302-00645-00013','12302','00645','00013','LOTE 6 -A PLANO 72',173390963,NULL,'A',173390963,'R','agricola','SII_CSV'),
('12302-00646-00003','12302','00646','00003','ESTANCIA LA CAPACHA',632154552,NULL,'A',632154552,'R','agricola','SII_CSV'),
('12302-00646-00004','12302','00646','00004','PUNTA CATALINA LOTE 4 ESTANCIA KAREN',852987208,NULL,'A',852987208,'R','agricola','SII_CSV'),
('12302-00646-00005','12302','00646','00005','CUARTO CHORRILLO ESTANCIA CERRO REDONDO',1032519101,NULL,'A',1032519101,'R','agricola','SII_CSV'),
('12302-00646-00006','12302','00646','00006','LOTE 1 PLANO 4 ESTANCIA CERRO REDONDO',796514736,NULL,'A',796514736,'R','agricola','SII_CSV'),
('12302-00646-00007','12302','00646','00007','LOTE 2 PLANO 4 ESTANCIA KAREN',796514736,NULL,'A',796514736,'R','agricola','SII_CSV'),
('12302-00646-00008','12302','00646','00008','ESTANCIA DIEGO PORTALES LT 9 B Y LT 9 C',182296855,NULL,'A',182296855,'R','agricola','SII_CSV'),
('12302-00646-00009','12302','00646','00009','ESTANCIA MARTA INES COMUNA PRIMAVERA',558403187,NULL,'A',558403187,'R','agricola','SII_CSV'),
('12302-00646-00010','12302','00646','00010','LOTE 5 M ESTANCIA PUNTA CATALINA',558403187,NULL,'A',558403187,'R','agricola','SII_CSV'),
('12302-00646-00011','12302','00646','00011','ESTANCIA SHANGRILA LT 6',811265008,NULL,'A',811265008,'R','agricola','SII_CSV'),
('12302-00646-00012','12302','00646','00012','SAN CARLOS LOTE N 7 DEL PLANO 4',509482853,NULL,'A',509482853,'R','agricola','SII_CSV'),
('12302-00646-00013','12302','00646','00013','ESTANCIA HERMINIA SOFIA LT 8',603087339,NULL,'A',603087339,'R','agricola','SII_CSV'),
('12302-00646-00014','12302','00646','00014','EST BULNES LT 11',602474657,NULL,'A',602474657,'R','agricola','SII_CSV'),
('12302-00646-00015','12302','00646','00015','EST MARIA EMILIA LT 1',852987208,NULL,'A',852987208,'R','agricola','SII_CSV'),
('12302-00646-00016','12302','00646','00016','RANCHO EL CAPORAL LT 2 COM MARIA EMILIA',673675971,NULL,'A',673675971,'R','agricola','SII_CSV'),
('12302-00646-00017','12302','00646','00017','ESTANCIA LOS YAGANES LOTE 73 PLANO 13',548261218,NULL,'A',548261218,'R','agricola','SII_CSV'),
('12302-00646-00018','12302','00646','00018','ESTANCIA ROSSANA SPRINGHILL',548261218,NULL,'A',548261218,'R','agricola','SII_CSV'),
('12302-00646-00019','12302','00646','00019','LOTE 71 CULLEN',548261218,NULL,'A',548261218,'R','agricola','SII_CSV'),
('12302-00646-00020','12302','00646','00020','PRIMAVERA',842872736,NULL,'A',842872736,'R','agricola','SII_CSV'),
('12302-00646-00021','12302','00646','00021','ESTANCIA VALLE HONDO SECTOR CULLEN',779657280,NULL,'A',779657280,'R','agricola','SII_CSV'),
('12302-00646-00022','12302','00646','00022','LT 10 B PL-XII- 3 - 246 -TR SECTOR CULLE',210261068,NULL,'A',210261068,'R','agricola','SII_CSV'),
('12302-00646-00023','12302','00646','00023','EST SAN JERONIMO LT 68',868158917,NULL,'A',868158917,'R','agricola','SII_CSV'),
('12302-00646-00024','12302','00646','00024','ESTANCIA LA TRANQUERA',863944554,NULL,'A',863944554,'R','agricola','SII_CSV'),
('12302-00646-00025','12302','00646','00025','ESTANCIA MARTA INES',548261218,NULL,'A',548261218,'R','agricola','SII_CSV'),
('12302-00646-00026','12302','00646','00026','PUESTO LYNCH PANO 65',548261218,NULL,'A',548261218,'R','agricola','SII_CSV'),
('12302-00646-00027','12302','00646','00027','FDO VILLARRICA LT 7',831790590,NULL,'A',831790590,'R','agricola','SII_CSV'),
('12302-00646-00028','12302','00646','00028','ESTANCIA DIEGO PORTALES LT B',449574198,NULL,'A',449574198,'R','agricola','SII_CSV'),
('12302-00646-00029','12302','00646','00029','RIO PANTANO LT 8 PL 32',316669259,NULL,'A',316669259,'R','agricola','SII_CSV'),
('12302-00646-00032','12302','00646','00032','ESTANCIA CUARTO CHORRILLOS',1074030583,NULL,'A',1074030583,'R','agricola','SII_CSV'),
('12302-00646-00035','12302','00646','00035','LT 10 A PL-XII- 3 - 246 -TR SECTOR CULLE',252279843,NULL,'A',252279843,'R','agricola','SII_CSV'),
('12302-00646-00039','12302','00646','00039','LOTE 3 EST MARIA EMILIA',997750601,NULL,'A',997750601,'R','agricola','SII_CSV'),
('12302-00646-00040','12302','00646','00040','EST MARIA EMILIA LT 4',16436019,NULL,'A',16436019,'R','agricola','SII_CSV'),
('12302-00646-00041','12302','00646','00041','LOTE 5 EST MARIA EMILIA',257919057,NULL,'A',257919057,'R','agricola','SII_CSV'),
('12302-00646-00049','12302','00646','00049','PAMPA COIRON LOTE B X',45611582,NULL,'A',45611582,'R','agricola','SII_CSV')
ON CONFLICT (rol) DO UPDATE SET
  avaluo_total_vigente = EXCLUDED.avaluo_total_vigente,
  contribucion_semestre = EXCLUDED.contribucion_semestre,
  destino_sii          = EXCLUDED.destino_sii,
  avaluo_total_exento  = EXCLUDED.avaluo_total_exento,
  cod_ubicacion        = EXCLUDED.cod_ubicacion,
  fuente_datos         = 'SII_CSV',
  fecha_actualizacion  = now();

-- ─────────────────────────────────────────────────
-- AL: BRTMPCATASAL_2025_2_12302  |  CÓDIGO 12302
-- 172 filas
-- ─────────────────────────────────────────────────
INSERT INTO catastro.suelos_agricolas (
  rol, cod_suelo, sup_ha, fuente_datos
) VALUES
('12302-00621-00006','26',5660.00,'SII_CSV'),
('12302-00621-00007','26',3915.00,'SII_CSV'),
('12302-00621-00008','25',2835.00,'SII_CSV'),
('12302-00621-00009','26',2880.00,'SII_CSV'),
('12302-00621-00010','25',2330.00,'SII_CSV'),
('12302-00621-00011','25',2650.00,'SII_CSV'),
('12302-00621-00012','25',2400.00,'SII_CSV'),
('12302-00621-00013','24',2870.00,'SII_CSV'),
('12302-00621-00014','25',2615.00,'SII_CSV'),
('12302-00635-00008','25',2400.00,'SII_CSV'),
('12302-00635-00009','26',2400.00,'SII_CSV'),
('12302-00635-00010','25',2000.00,'SII_CSV'),
('12302-00635-00011','25',2400.00,'SII_CSV'),
('12302-00635-00012','25',2400.00,'SII_CSV'),
('12302-00635-00013','25',1460.00,'SII_CSV'),
('12302-00635-00014','25',1470.00,'SII_CSV'),
('12302-00635-00015','25',2900.00,'SII_CSV'),
('12302-00635-00016','25',18.20,'SII_CSV'),
('12302-00635-00017','25',3000.00,'SII_CSV'),
('12302-00635-00018','25',3050.00,'SII_CSV'),
('12302-00635-00019','25',3050.00,'SII_CSV'),
('12302-00635-00020','25',2416.47,'SII_CSV'),
('12302-00635-00021','24',1250.00,'SII_CSV'),
('12302-00635-00022','25',5669.75,'SII_CSV'),
('12302-00635-00023','25',5991.30,'SII_CSV'),
('12302-00635-00024','25',6000.00,'SII_CSV'),
('12302-00635-00025','25',2497.00,'SII_CSV'),
('12302-00635-00026','25',2500.00,'SII_CSV'),
('12302-00635-00027','25',2400.00,'SII_CSV'),
('12302-00635-00028','25',2400.00,'SII_CSV'),
('12302-00635-00029','25',2400.00,'SII_CSV'),
('12302-00635-00030','25',2415.97,'SII_CSV'),
('12302-00635-00031','26',1705.00,'SII_CSV'),
('12302-00635-00032','25',2400.00,'SII_CSV'),
('12302-00635-00033','26',855.00,'SII_CSV'),
('12302-00635-00034','25',2400.00,'SII_CSV'),
('12302-00635-00035','26',1138.70,'SII_CSV'),
('12302-00635-00036','22',25.00,'SII_CSV'),
('12302-00635-00042','25',815.00,'SII_CSV'),
('12302-00635-00043','25',94.28,'SII_CSV'),
('12302-00635-00068','24',1250.00,'SII_CSV'),
('12302-00635-00112','22',17.02,'SII_CSV'),
('12302-00635-00160','22',7.66,'SII_CSV'),
('12302-00635-00668','25',247.98,'SII_CSV'),
('12302-00635-00669','25',622.39,'SII_CSV'),
('12302-00635-00672','25',9.28,'SII_CSV'),
('12302-00635-00674','25',8.56,'SII_CSV'),
('12302-00635-00678','25',8.67,'SII_CSV'),
('12302-00635-00680','25',8.78,'SII_CSV'),
('12302-00635-00682','25',6.73,'SII_CSV'),
('12302-00640-00004','25',2500.00,'SII_CSV'),
('12302-00640-00005','25',2500.00,'SII_CSV'),
('12302-00640-00006','25',2500.00,'SII_CSV'),
('12302-00640-00007','25',2500.00,'SII_CSV'),
('12302-00640-00008','25',2500.00,'SII_CSV'),
('12302-00640-00009','25',2500.00,'SII_CSV'),
('12302-00640-00010','25',2500.00,'SII_CSV'),
('12302-00640-00011','25',2500.00,'SII_CSV'),
('12302-00640-00012','24',2500.00,'SII_CSV'),
('12302-00640-00013','25',2500.00,'SII_CSV'),
('12302-00640-00014','25',2500.00,'SII_CSV'),
('12302-00640-00015','24',2500.00,'SII_CSV'),
('12302-00640-00016','26',1800.00,'SII_CSV'),
('12302-00640-00017','25',2365.00,'SII_CSV'),
('12302-00640-00018','26',1050.00,'SII_CSV'),
('12302-00640-00019','26',2500.00,'SII_CSV'),
('12302-00640-00020','25',3780.00,'SII_CSV'),
('12302-00640-00021','25',2720.00,'SII_CSV'),
('12302-00640-00022','24',1400.00,'SII_CSV'),
('12302-00640-00023','25',4167.00,'SII_CSV'),
('12302-00640-00024','24',2500.00,'SII_CSV'),
('12302-00640-00025','25',688.00,'SII_CSV'),
('12302-00640-00026','22',21.00,'SII_CSV'),
('12302-00640-00027','22',170.00,'SII_CSV'),
('12302-00640-00028','22',132.00,'SII_CSV'),
('12302-00640-00029','25',2500.00,'SII_CSV'),
('12302-00640-00030','25',1244.78,'SII_CSV'),
('12302-00640-00031','25',2500.00,'SII_CSV'),
('12302-00640-00032','25',2500.00,'SII_CSV'),
('12302-00640-00033','22',51.00,'SII_CSV'),
('12302-00640-00034','26',2836.00,'SII_CSV'),
('12302-00640-00035','26',1400.00,'SII_CSV'),
('12302-00640-00036','26',1903.62,'SII_CSV'),
('12302-00640-00037','26',2010.00,'SII_CSV'),
('12302-00640-00038','22',16.38,'SII_CSV'),
('12302-00640-00039','26',249.81,'SII_CSV'),
('12302-00640-00042','22',61.25,'SII_CSV'),
('12302-00640-00043','26',112.50,'SII_CSV'),
('12302-00640-00044','26',148.30,'SII_CSV'),
('12302-00640-00045','26',281.00,'SII_CSV'),
('12302-00640-00046','26',331.00,'SII_CSV'),
('12302-00640-00047','26',130.00,'SII_CSV'),
('12302-00640-00048','26',124.00,'SII_CSV'),
('12302-00640-00049','22',72.00,'SII_CSV'),
('12302-00640-00050','26',170.00,'SII_CSV'),
('12302-00640-00051','26',328.00,'SII_CSV'),
('12302-00640-00052','26',335.00,'SII_CSV'),
('12302-00640-00053','22',42.00,'SII_CSV'),
('12302-00640-00054','24',1272.75,'SII_CSV'),
('12302-00640-00055','25',1244.17,'SII_CSV'),
('12302-00640-00056','22',12.00,'SII_CSV'),
('12302-00641-00001','25',3000.00,'SII_CSV'),
('12302-00641-00002','25',1041.93,'SII_CSV'),
('12302-00641-00003','25',3000.00,'SII_CSV'),
('12302-00641-00004','24',2499.50,'SII_CSV'),
('12302-00641-00005','26',3895.22,'SII_CSV'),
('12302-00641-00006','25',2100.00,'SII_CSV'),
('12302-00641-00007','25',3000.00,'SII_CSV'),
('12302-00641-00008','25',2879.85,'SII_CSV'),
('12302-00641-00008','28',70.00,'SII_CSV'),
('12302-00641-00009','26',5366.00,'SII_CSV'),
('12302-00641-00010','26',6000.00,'SII_CSV'),
('12302-00641-00011','26',6000.00,'SII_CSV'),
('12302-00641-00012','27',5500.00,'SII_CSV'),
('12302-00641-00013','27',4400.00,'SII_CSV'),
('12302-00641-00014','26',3650.00,'SII_CSV'),
('12302-00641-00015','25',3000.00,'SII_CSV'),
('12302-00641-00016','22',199.00,'SII_CSV'),
('12302-00641-00017','25',165.00,'SII_CSV'),
('12302-00641-00018','22',50.00,'SII_CSV'),
('12302-00641-00020','22',0.50,'SII_CSV'),
('12302-00641-00021','25',736.44,'SII_CSV'),
('12302-00641-00022','25',103.37,'SII_CSV'),
('12302-00641-00023','25',867.84,'SII_CSV'),
('12302-00641-00026','26',4.78,'SII_CSV'),
('12302-00645-00001','24',3000.00,'SII_CSV'),
('12302-00645-00002','25',3000.00,'SII_CSV'),
('12302-00645-00003','25',3000.00,'SII_CSV'),
('12302-00645-00004','25',5200.00,'SII_CSV'),
('12302-00645-00005','26',1500.00,'SII_CSV'),
('12302-00645-00006','25',1800.00,'SII_CSV'),
('12302-00645-00007','27',4000.00,'SII_CSV'),
('12302-00645-00008','25',3900.00,'SII_CSV'),
('12302-00645-00009','25',3000.00,'SII_CSV'),
('12302-00645-00010','26',3000.00,'SII_CSV'),
('12302-00645-00011','26',940.00,'SII_CSV'),
('12302-00645-00012','25',520.00,'SII_CSV'),
('12302-00645-00013','25',960.00,'SII_CSV'),
('12302-00646-00003','25',3000.00,'SII_CSV'),
('12302-00646-00004','25',4048.00,'SII_CSV'),
('12302-00646-00005','25',4900.00,'SII_CSV'),
('12302-00646-00006','25',3780.00,'SII_CSV'),
('12302-00646-00007','25',3780.00,'SII_CSV'),
('12302-00646-00008','26',1330.00,'SII_CSV'),
('12302-00646-00009','25',2650.00,'SII_CSV'),
('12302-00646-00010','25',2650.00,'SII_CSV'),
('12302-00646-00011','25',3850.00,'SII_CSV'),
('12302-00646-00012','25',2417.84,'SII_CSV'),
('12302-00646-00013','26',4400.00,'SII_CSV'),
('12302-00646-00014','26',4395.53,'SII_CSV'),
('12302-00646-00015','25',4048.00,'SII_CSV'),
('12302-00646-00016','26',4915.00,'SII_CSV'),
('12302-00646-00017','26',4000.00,'SII_CSV'),
('12302-00646-00018','26',4000.00,'SII_CSV'),
('12302-00646-00019','26',4000.00,'SII_CSV'),
('12302-00646-00020','25',4000.00,'SII_CSV'),
('12302-00646-00021','25',3700.00,'SII_CSV'),
('12302-00646-00022','27',3955.00,'SII_CSV'),
('12302-00646-00022','28',85.00,'SII_CSV'),
('12302-00646-00023','25',4120.00,'SII_CSV'),
('12302-00646-00024','25',4100.00,'SII_CSV'),
('12302-00646-00025','26',4000.00,'SII_CSV'),
('12302-00646-00026','26',4000.00,'SII_CSV'),
('12302-00646-00027','26',7080.00,'SII_CSV'),
('12302-00646-00028','26',3280.00,'SII_CSV'),
('12302-00646-00029','27',6000.00,'SII_CSV'),
('12302-00646-00032','25',5097.00,'SII_CSV'),
('12302-00646-00035','27',4780.00,'SII_CSV'),
('12302-00646-00039','25',4735.00,'SII_CSV'),
('12302-00646-00040','25',78.00,'SII_CSV'),
('12302-00646-00041','25',1224.00,'SII_CSV'),
('12302-00646-00049','27',824.93,'SII_CSV')
ON CONFLICT (rol, cod_suelo) DO UPDATE SET
  sup_ha = EXCLUDED.sup_ha;

-- ─────────────────────────────────────────────────
-- Registro en catastro.importaciones
-- ─────────────────────────────────────────────────
INSERT INTO catastro.importaciones
  (codigo_comuna, nombre_comuna, archivo_fuente, tipo_archivo,
   total_registros, fecha_importacion, estado, error_msg)
VALUES
('12302', 'CÓDIGO 12302', 'BRTMPCATASN_2025_2_12302', 'N', 261, '2026-03-19T19:51:55.603205', 'completado', NULL),
('12302', 'CÓDIGO 12302', 'BRTMPCATASNL_2025_2_12302', 'NL', 646, '2026-03-19T19:51:55.603205', 'completado', NULL),
('12302', 'CÓDIGO 12302', 'BRTMPCATASA_2025_2_12302', 'A', 170, '2026-03-19T19:51:55.603205', 'completado', NULL),
('12302', 'CÓDIGO 12302', 'BRTMPCATASAL_2025_2_12302', 'AL', 172, '2026-03-19T19:51:55.603205', 'completado', NULL);

COMMIT;
-- ══ FIN DE INGESTIÓN ══
