-- ══════════════════════════════════════════════════════════════
-- SNRI — Ingestión Catastral SII
-- Generado : 2026-03-19 16:52:05
-- Comuna(s): 12202 CÓDIGO 12202
-- Archivos :
--   BRTMPCATASN_2025_2_12202
--   BRTMPCATASNL_2025_2_12202
--   BRTMPCATASA_2025_2_12202
--   BRTMPCATASAL_2025_2_12202
-- ══════════════════════════════════════════════════════════════

SET search_path TO catastro, public;
BEGIN;

-- DDL auxiliar

-- Tabla auxiliar para suelos agrícolas (si no existe)
CREATE TABLE IF NOT EXISTS catastro.suelos_agricolas (
    id          uuid PRIMARY KEY DEFAULT gen_random_uuid(),
    rol         text NOT NULL,
    cod_suelo   text NOT NULL,
    sup_ha      numeric(12,2),
    fuente_datos text,
    created_at  timestamptz DEFAULT now(),
    CONSTRAINT fk_suelos_predio FOREIGN KEY (rol)
        REFERENCES catastro.predios(rol) ON DELETE CASCADE
);
CREATE UNIQUE INDEX IF NOT EXISTS uq_suelos_rol_cod
    ON catastro.suelos_agricolas(rol, cod_suelo);


-- ─────────────────────────────────────────────────
-- N: BRTMPCATASN_2025_2_12202  |  CÓDIGO 12202
-- 23 filas
-- ─────────────────────────────────────────────────
INSERT INTO catastro.predios (
  rol, codigo_comuna, manzana, predio, direccion,
  avaluo_total_vigente, contribucion_semestre, destino_sii,
  avaluo_total_exento, bc1_rol, bc2_rol,
  sup_terreno_m2, cod_ubicacion, rol_padre,
  serie_predio, fuente_datos
) VALUES
('12202-05121-00001','12202','05121','00001','EX HOTEL RIO VERDE',54121867,NULL,'P',54121867,NULL,NULL,46340,'R',NULL,'no_agricola','SII_CSV'),
('12202-05121-00042','12202','05121','00042','EX RES CORA 3',19240339,NULL,'W',19240339,NULL,NULL,37200,'R',NULL,'no_agricola','SII_CSV'),
('12202-05121-00043','12202','05121','00043','ESC BASICA G 33',41029713,NULL,'E',41029713,NULL,NULL,2648,'R',NULL,'no_agricola','SII_CSV'),
('12202-05121-00046','12202','05121','00046','CRUZ DEL SUR RC 2',37492055,NULL,'H',37492055,NULL,NULL,20000,'R',NULL,'no_agricola','SII_CSV'),
('12202-05121-00058','12202','05121','00058','VILLA RIO VERDE 3',52912513,NULL,'P',52912513,NULL,NULL,2289,'R',NULL,'no_agricola','SII_CSV'),
('12202-05121-00068','12202','05121','00068','ESTANCIA RIO VERDE LT 42 IB',389468,NULL,'W',389468,NULL,NULL,625,'R',NULL,'no_agricola','SII_CSV'),
('12202-05121-00080','12202','05121','00080','CONC MARITIMA DS 96 PTA ZORRILLA',1546655,8252,'W',NULL,NULL,NULL,2482,'R',NULL,'no_agricola','SII_CSV'),
('12202-05121-00081','12202','05121','00081','CONC MARITIMA DS 102 PTA LACKWATER',133789838,713770,'T',NULL,NULL,NULL,1923,'R',NULL,'no_agricola','SII_CSV'),
('12202-05121-00117','12202','05121','00117','EST. PALOMARES CCMM',2070723,11048,'W',NULL,NULL,NULL,3323,'R',NULL,'no_agricola','SII_CSV'),
('12202-05121-00128','12202','05121','00128','POSADA ESTANCIA RIO VERDE',89706226,478584,'G',NULL,NULL,NULL,5000,'R',NULL,'no_agricola','SII_CSV'),
('12202-05121-00130','12202','05121','00130','BAHIA MORENO- SKYRING',171366,NULL,'W',171366,NULL,NULL,275,'R',NULL,'no_agricola','SII_CSV'),
('12202-05121-00131','12202','05121','00131','BAHIA MORENO- SKYRING',261099,NULL,'W',261099,NULL,NULL,419,'R',NULL,'no_agricola','SII_CSV'),
('12202-05121-00136','12202','05121','00136','CALETA LAS MINAS CCMM',63374,NULL,'W',63374,NULL,NULL,113,'R',NULL,'no_agricola','SII_CSV'),
('12202-05121-00146','12202','05121','00146','ENSENADA MORENO ZONA 2',171366,NULL,'W',171366,NULL,NULL,275,'R',NULL,'no_agricola','SII_CSV'),
('12202-05121-00147','12202','05121','00147','ENSENADA MORENO ZONA 3 CCMM',261099,NULL,'W',261099,NULL,NULL,419,'R',NULL,'no_agricola','SII_CSV'),
('12202-05126-00032','12202','05126','00032','MINA INVIERNO SN',7410795591,39536596,'M',NULL,NULL,NULL,624147,'R',NULL,'no_agricola','SII_CSV'),
('12202-05126-00033','12202','05126','00033','MINA INVIERNO SN',1018647013,5434484,'M',NULL,NULL,NULL,2180000,'R',NULL,'no_agricola','SII_CSV'),
('12202-05126-00048','12202','05126','00048','LT SN PL XII 2 336 PONS',9324797,NULL,'W',9324797,NULL,NULL,17400,'R',NULL,'no_agricola','SII_CSV'),
('12202-05126-00059','12202','05126','00059','BAHIA PUERTO CRUTZE',108428,NULL,'V',108428,NULL,NULL,174,'R',NULL,'no_agricola','SII_CSV'),
('12202-05126-00060','12202','05126','00060','CALETA POLLARD',642466,3428,'W',NULL,NULL,NULL,1031,'R',NULL,'no_agricola','SII_CSV'),
('12202-05126-00061','12202','05126','00061','LOTE A 1 PL 12103 289 CR',4538286,NULL,'W',4538286,NULL,NULL,7831,'R',NULL,'no_agricola','SII_CSV'),
('12202-05126-00063','12202','05126','00063','BAHIA PTO CURTZE',125128,NULL,'V',125128,NULL,NULL,251,'R',NULL,'no_agricola','SII_CSV'),
('12202-05126-00066','12202','05126','00066','PUERTO CURTZE',25549,NULL,'W',25549,NULL,NULL,41,'R',NULL,'no_agricola','SII_CSV')
ON CONFLICT (rol) DO UPDATE SET
  avaluo_total_vigente = EXCLUDED.avaluo_total_vigente,
  contribucion_semestre = EXCLUDED.contribucion_semestre,
  destino_sii          = EXCLUDED.destino_sii,
  avaluo_total_exento  = EXCLUDED.avaluo_total_exento,
  sup_terreno_m2       = EXCLUDED.sup_terreno_m2,
  cod_ubicacion        = EXCLUDED.cod_ubicacion,
  fuente_datos         = 'SII_CSV',
  fecha_actualizacion  = now();

-- ─────────────────────────────────────────────────
-- NL: BRTMPCATASNL_2025_2_12202  |  CÓDIGO 12202
-- 45 filas
-- ─────────────────────────────────────────────────
INSERT INTO catastro.construcciones (
  rol, numero_construccion, material_codigo,
  calidad_codigo, anio_construccion,
  sup_total_m2, destino_construccion, condicion_especial,
  numero_pisos, fuente_datos
) VALUES
('12202-05121-00001',1,'E',3,1930,300,'G',NULL,2,'SII_CSV'),
('12202-05121-00001',2,'GE',2,1930,100,'L',NULL,1,'SII_CSV'),
('12202-05121-00001',3,'E',4,1930,15,'H',NULL,1,'SII_CSV'),
('12202-05121-00001',4,'GE',3,1940,48,'Z',NULL,1,'SII_CSV'),
('12202-05121-00043',1,'E',3,1929,495,'E',NULL,1,'SII_CSV'),
('12202-05121-00043',2,'E',4,1942,7,'E',NULL,1,'SII_CSV'),
('12202-05121-00043',3,'E',5,1937,6,'E',NULL,1,'SII_CSV'),
('12202-05121-00046',1,'E',5,1931,869,'V',NULL,2,'SII_CSV'),
('12202-05121-00046',2,'E',4,1931,260,'H',NULL,1,'SII_CSV'),
('12202-05121-00046',3,'E',4,1967,55,'H',NULL,1,'SII_CSV'),
('12202-05121-00046',4,'E',5,1931,20,'V','CA',1,'SII_CSV'),
('12202-05121-00058',1,'E',3,1930,480,'P',NULL,1,'SII_CSV'),
('12202-05121-00058',2,'E',3,1982,90,'P',NULL,1,'SII_CSV'),
('12202-05121-00081',1,'OA',0,NULL,2057,'T',NULL,0,'SII_CSV'),
('12202-05121-00081',2,'C',3,2013,105,'V',NULL,1,'SII_CSV'),
('12202-05121-00128',1,'E',3,2004,301,'G',NULL,1,'SII_CSV'),
('12202-05126-00032',1,'A',2,2013,1183,'V',NULL,2,'SII_CSV'),
('12202-05126-00032',2,'A',2,2013,1378,'V',NULL,2,'SII_CSV'),
('12202-05126-00032',3,'K',2,2013,4494,'H',NULL,2,'SII_CSV'),
('12202-05126-00032',4,'A',3,2013,110,'V',NULL,1,'SII_CSV'),
('12202-05126-00032',5,'K',3,2015,223,'V',NULL,1,'SII_CSV'),
('12202-05126-00032',6,'G',3,2015,198,'H',NULL,1,'SII_CSV'),
('12202-05126-00032',7,'G',3,2015,192,'H',NULL,1,'SII_CSV'),
('12202-05126-00032',8,'G',3,2015,192,'H',NULL,1,'SII_CSV'),
('12202-05126-00032',9,'A',2,2013,1162,'V',NULL,2,'SII_CSV'),
('12202-05126-00032',10,'A',3,2013,229,'S',NULL,1,'SII_CSV'),
('12202-05126-00032',11,'A',3,2013,84,'V',NULL,1,'SII_CSV'),
('12202-05126-00032',12,'A',2,2013,648,'L',NULL,3,'SII_CSV'),
('12202-05126-00032',13,'A',2,2013,472,'O',NULL,3,'SII_CSV'),
('12202-05126-00032',14,'A',3,2013,221,'V',NULL,1,'SII_CSV'),
('12202-05126-00032',15,'P',1,NULL,12721,NULL,NULL,0,'SII_CSV'),
('12202-05126-00032',16,'EA',0,2013,1273,'L',NULL,0,'SII_CSV'),
('12202-05126-00032',17,'EA',0,2013,1000,'L',NULL,0,'SII_CSV'),
('12202-05126-00032',18,'GA',3,2013,414,'V',NULL,1,'SII_CSV'),
('12202-05126-00033',1,'K',3,2013,366,'V',NULL,1,'SII_CSV'),
('12202-05126-00033',2,'A',3,2013,182,'V',NULL,1,'SII_CSV'),
('12202-05126-00033',3,'EB',0,2013,400,'L',NULL,0,'SII_CSV'),
('12202-05126-00033',4,'C',3,2013,133,'V',NULL,1,'SII_CSV'),
('12202-05126-00033',5,'GA',3,2013,290,'M',NULL,2,'SII_CSV'),
('12202-05126-00033',6,'C',3,2013,121,'V',NULL,1,'SII_CSV'),
('12202-05126-00033',7,'C',3,2013,121,'V',NULL,1,'SII_CSV'),
('12202-05126-00033',8,'GA',3,2013,132,'M',NULL,2,'SII_CSV'),
('12202-05126-00033',9,'G',4,2013,9,'V',NULL,1,'SII_CSV'),
('12202-05126-00033',10,'G',4,2013,9,'V',NULL,1,'SII_CSV'),
('12202-05126-00033',11,'EA',0,2013,100,'L',NULL,0,'SII_CSV')
ON CONFLICT (rol, numero_construccion) DO UPDATE SET
  material_codigo       = EXCLUDED.material_codigo,
  calidad_codigo        = EXCLUDED.calidad_codigo,
  anio_construccion     = EXCLUDED.anio_construccion,
  sup_total_m2          = EXCLUDED.sup_total_m2,
  destino_construccion  = EXCLUDED.destino_construccion,
  condicion_especial    = EXCLUDED.condicion_especial,
  numero_pisos          = EXCLUDED.numero_pisos;

-- ─────────────────────────────────────────────────
-- A: BRTMPCATASA_2025_2_12202  |  CÓDIGO 12202
-- 144 filas
-- ─────────────────────────────────────────────────
INSERT INTO catastro.predios (
  rol, codigo_comuna, manzana, predio, direccion,
  avaluo_total_vigente, contribucion_semestre,
  destino_sii, avaluo_total_exento,
  cod_ubicacion, serie_predio, fuente_datos
) VALUES
('12202-05121-00002','12202','05121','00002','LT 12 PL 9',139260774,NULL,'A',139260774,'R','agricola','SII_CSV'),
('12202-05121-00003','12202','05121','00003','LOTE 20 PL XII 2 167',185445217,269590,'A',48089106,'R','agricola','SII_CSV'),
('12202-05121-00004','12202','05121','00004','LT 19 PL XII 2 167 TR',286765786,63646,'A',48089106,'R','agricola','SII_CSV'),
('12202-05121-00005','12202','05121','00005','RIO PINTO L. 18 -PL. 12',441168849,786160,'A',48089106,'R','agricola','SII_CSV'),
('12202-05121-00006','12202','05121','00006','LOTE 1 PL XII 2 286',105484763,114788,'A',48089106,'R','agricola','SII_CSV'),
('12202-05121-00007','12202','05121','00007','LOTE 1 SKYRINGLT 1 A 2 LT 1 A 3',722924002,1349670,'A',48089106,'R','agricola','SII_CSV'),
('12202-05121-00008','12202','05121','00008','EST SKYRING',720406282,1344634,'A',48089106,'R','agricola','SII_CSV'),
('12202-05121-00010','12202','05121','00010','LAS COLES',1292900118,2489622,'A',48089106,'R','agricola','SII_CSV'),
('12202-05121-00011','12202','05121','00011','ESTANCIA ANITA RIO VERDE',594894096,1093610,'A',48089106,'R','agricola','SII_CSV'),
('12202-05121-00012','12202','05121','00012','PARCELA 36 IP-B',895326413,1694476,'A',48089106,'R','agricola','SII_CSV'),
('12202-05121-00013','12202','05121','00013','EST RIO VERDE PARCELA 42',766931881,1437686,'A',48089106,'R','agricola','SII_CSV'),
('12202-05121-00015','12202','05121','00015','ESTANCIA PALOMARES',460037414,823898,'A',48089106,'R','agricola','SII_CSV'),
('12202-05121-00016','12202','05121','00016','ESTANCIA LA REINA',276542067,456906,'A',48089106,'R','agricola','SII_CSV'),
('12202-05121-00017','12202','05121','00017','ESTANCIA LA REINA',276542067,456906,'A',48089106,'R','agricola','SII_CSV'),
('12202-05121-00018','12202','05121','00018','ESTANCIA OLGA TERESA',898037463,1699898,'A',48089106,'R','agricola','SII_CSV'),
('12202-05121-00019','12202','05121','00019','HIJ RIO VERDE PL 8',3798638,NULL,'A',3798638,'R','agricola','SII_CSV'),
('12202-05121-00020','12202','05121','00020','HIJUELA RIO VERDE',13182244,NULL,'A',13182244,'R','agricola','SII_CSV'),
('12202-05121-00021','12202','05121','00021','ISLA JUAN SENO SKYRING',15774361,NULL,'A',15774361,'R','agricola','SII_CSV'),
('12202-05121-00022','12202','05121','00022','ISLA ESCARPATA',106765954,31300,'A',48089106,'R','agricola','SII_CSV'),
('12202-05121-00023','12202','05121','00023','ISLA GUZMAN SENO SKYRING',12913218,NULL,'A',12913218,'R','agricola','SII_CSV'),
('12202-05121-00024','12202','05121','00024','PINIVOR',152667944,209158,'A',48089106,'R','agricola','SII_CSV'),
('12202-05121-00025','12202','05121','00025','LT S/N PL XII 2 318 TR ISLA GRAN',10524273,NULL,'A',10524273,'R','agricola','SII_CSV'),
('12202-05121-00026','12202','05121','00026','SECTOR SKYRING',44787928,NULL,'A',44787928,'R','agricola','SII_CSV'),
('12202-05121-00027','12202','05121','00027','ESTANCIA LAS CHARAS EX RIO VERDE',2057749126,4019320,'A',48089106,'R','agricola','SII_CSV'),
('12202-05121-00028','12202','05121','00028','LT 1 EL SALTO',255596787,415016,'A',48089106,'R','agricola','SII_CSV'),
('12202-05121-00029','12202','05121','00029','ESTANCIA RUBY',1268278761,2440380,'A',48089106,'R','agricola','SII_CSV'),
('12202-05121-00030','12202','05121','00030','ESTANCIA LOS COIGUES SECTOR SKYRING',1050721392,2005266,'A',48089106,'R','agricola','SII_CSV'),
('12202-05121-00031','12202','05121','00031','ESTANCIA LAS COLES SECTOR RIO VERDE',656958298,1217738,'A',48089106,'R','agricola','SII_CSV'),
('12202-05121-00032','12202','05121','00032','ESTANCIA LAS COLES SECTOR RIO VERDE',879157693,1662138,'A',48089106,'R','agricola','SII_CSV'),
('12202-05121-00033','12202','05121','00033','ESTANCIA SAN BRAULIO LOTE 37 (IP)',608892377,1121608,'A',48089106,'R','agricola','SII_CSV'),
('12202-05121-00034','12202','05121','00034','LOTE 38 I P',559536935,1022896,'A',48089106,'R','agricola','SII_CSV'),
('12202-05121-00035','12202','05121','00035','LT 39 I P',586087666,1075998,'A',48089106,'R','agricola','SII_CSV'),
('12202-05121-00036','12202','05121','00036','LOTE 40 I P',662300530,1228424,'A',48089106,'R','agricola','SII_CSV'),
('12202-05121-00037','12202','05121','00037','LT 41 I',463717713,831258,'A',48089106,'R','agricola','SII_CSV'),
('12202-05121-00038','12202','05121','00038','EST LA INVERNADA LT 43 I',781531929,1466886,'A',48089106,'R','agricola','SII_CSV'),
('12202-05121-00039','12202','05121','00039','ESTANCIA EL ARROYO',280364052,464550,'A',48089106,'R','agricola','SII_CSV'),
('12202-05121-00040','12202','05121','00040','LOS PIONEROS PC 45 M EST MIRNA DEL',1656675924,3217174,'A',48089106,'R','agricola','SII_CSV'),
('12202-05121-00041','12202','05121','00041','ESTANCIA AYELEN',1024440449,1952704,'A',48089106,'R','agricola','SII_CSV'),
('12202-05121-00044','12202','05121','00044','EL SALTO LOTE 2',281884639,467592,'A',48089106,'R','agricola','SII_CSV'),
('12202-05121-00045','12202','05121','00045','LOTE 3 EL SALTO',308172491,520168,'A',48089106,'R','agricola','SII_CSV'),
('12202-05121-00047','12202','05121','00047','LOS PIONEROS PC 31 M',1139911624,2183646,'A',48089106,'R','agricola','SII_CSV'),
('12202-05121-00049','12202','05121','00049','EST MARIA SOLEDAD',107620727,119064,'A',48089106,'R','agricola','SII_CSV'),
('12202-05121-00050','12202','05121','00050','LT 21 PL XII 2 269 TR',130375937,164574,'A',48089106,'R','agricola','SII_CSV'),
('12202-05121-00051','12202','05121','00051','ISLA LARGA RIO VERDE',38336153,NULL,'A',38336153,'R','agricola','SII_CSV'),
('12202-05121-00052','12202','05121','00052','ISLA LATORRE',27382966,NULL,'A',27382966,'R','agricola','SII_CSV'),
('12202-05121-00054','12202','05121','00054','RES FORESTAL EL SALTO LT 3',270462362,444748,'A',48089106,'R','agricola','SII_CSV'),
('12202-05121-00056','12202','05121','00056','LT 23 -B-PL-XII- 2 - 451 -TR',19369827,NULL,'A',19369827,'R','agricola','SII_CSV'),
('12202-05121-00057','12202','05121','00057','ESTANCIA LAS COLES',614342327,1132506,'A',48089106,'R','agricola','SII_CSV'),
('12202-05121-00059','12202','05121','00059','LOTE 23 -A',245050166,393922,'A',48089106,'R','agricola','SII_CSV'),
('12202-05121-00060','12202','05121','00060','ESTANCIA LOS COIGUES SECCION SAN JOSE',328273206,560368,'A',48089106,'R','agricola','SII_CSV'),
('12202-05121-00061','12202','05121','00061','PARCELA 36 IP-B',51529578,6882,'A',48089106,'R','agricola','SII_CSV'),
('12202-05121-00062','12202','05121','00062','LOTE 21 SECTOR SKYRING',108162717,120148,'A',48089106,'R','agricola','SII_CSV'),
('12202-05121-00063','12202','05121','00063','LOTE 2 2 SECTOR SKYRING',52027636,7878,'A',48089106,'R','agricola','SII_CSV'),
('12202-05121-00065','12202','05121','00065','LT 1 -A SECTOR SKYRING',6375901,NULL,'A',6375901,'R','agricola','SII_CSV'),
('12202-05121-00066','12202','05121','00066','ISLA ISABEL PL XII 2 1113 CR',4842457,NULL,'A',4842457,'R','agricola','SII_CSV'),
('12202-05121-00067','12202','05121','00067','ISLOTE GUILLON XII 2 1113 CR',1196625,NULL,'A',1196625,'R','agricola','SII_CSV'),
('12202-05121-00071','12202','05121','00071','LOTE BA ESTANCIA SKYRING',296673340,497168,'B',48089106,'R','agricola','SII_CSV'),
('12202-05121-00073','12202','05121','00073','PARCELA 44 I B',355100964,614024,'A',48089106,'R','agricola','SII_CSV'),
('12202-05121-00074','12202','05121','00074','BIEN COMUN ESPECIAL 2',105458,NULL,'A',105458,'R','agricola','SII_CSV'),
('12202-05121-00075','12202','05121','00075','BIEN COMUN ESPECIALN 0 3',774794,NULL,'A',774794,'R','agricola','SII_CSV'),
('12202-05121-00077','12202','05121','00077','LOTE 1 SKYRINGLT 1 A 2',63583248,30988,'A',48089106,'R','agricola','SII_CSV'),
('12202-05121-00078','12202','05121','00078','LOTE 1 SKYRINGLT 1 A 3',70237309,31300,'A',48089106,'R','agricola','SII_CSV'),
('12202-05121-00083','12202','05121','00083','PARCELA 36 IP-B',5800187,NULL,'A',5800187,'R','agricola','SII_CSV'),
('12202-05121-00085','12202','05121','00085','BIEN COMUN ESPECIAL 1 -B',6327477,NULL,'A',6327477,'R','agricola','SII_CSV'),
('12202-05121-00086','12202','05121','00086','ISLA UNICORNIO ISLA N 1',4304406,NULL,'A',4304406,'R','agricola','SII_CSV'),
('12202-05121-00087','12202','05121','00087','ISLA UNICORNIO ISLA N 2',180785,NULL,'A',180785,'R','agricola','SII_CSV'),
('12202-05121-00088','12202','05121','00088','ISLA UNICORNIO ISLA N 3',161415,NULL,'A',161415,'R','agricola','SII_CSV'),
('12202-05121-00089','12202','05121','00089','ISLA UNICORNIO ISLA N 4',596160,NULL,'A',596160,'R','agricola','SII_CSV'),
('12202-05121-00090','12202','05121','00090','ISLA UNICORNIO ISLA N 5',417528,NULL,'A',417528,'R','agricola','SII_CSV'),
('12202-05121-00091','12202','05121','00091','ISLA UNICORNIO ISLA N 6',247503,NULL,'A',247503,'R','agricola','SII_CSV'),
('12202-05121-00092','12202','05121','00092','ARCHIPIELAGO SENORET ISLA N 1',28669497,NULL,'A',28669497,'R','agricola','SII_CSV'),
('12202-05121-00093','12202','05121','00093','ARCHIPIELAGO SENORET ISLA N 2',570334,NULL,'A',570334,'R','agricola','SII_CSV'),
('12202-05121-00094','12202','05121','00094','ARCHIPIELAGO SENORET ISLA N 3',11176390,NULL,'A',11176390,'R','agricola','SII_CSV'),
('12202-05121-00095','12202','05121','00095','ARCHIPIELAGO SENORET ISLA N 4',1590478,NULL,'A',1590478,'R','agricola','SII_CSV'),
('12202-05121-00096','12202','05121','00096','ARCHIPIELAGO SENORET ISLA N 5',936208,NULL,'A',936208,'R','agricola','SII_CSV'),
('12202-05121-00097','12202','05121','00097','ARCHIPIELAGO SENORET ISLA N 6',104467936,NULL,'A',104467936,'R','agricola','SII_CSV'),
('12202-05121-00098','12202','05121','00098','ARCHIPIELAGO SENORET ISLA N 7',1637827,NULL,'A',1637827,'R','agricola','SII_CSV'),
('12202-05121-00099','12202','05121','00099','ARCHIPIELAGO SENORET ISLA N 8',1614152,NULL,'A',1614152,'R','agricola','SII_CSV'),
('12202-05121-00100','12202','05121','00100','ARCHIPIELAGO SENORET ISLA N 9',899621,NULL,'A',899621,'R','agricola','SII_CSV'),
('12202-05121-00101','12202','05121','00101','ARCHIPIELAGO SENORET ISLA N 10',320678,NULL,'A',320678,'R','agricola','SII_CSV'),
('12202-05121-00102','12202','05121','00102','ARCHIPIELAGO SENORET ISLA N 11',400310,NULL,'A',400310,'R','agricola','SII_CSV'),
('12202-05121-00103','12202','05121','00103','ARCHIPIELAGO SENORET ISLA N 12',2281335,NULL,'A',2281335,'R','agricola','SII_CSV'),
('12202-05121-00104','12202','05121','00104','ARCHIPIELAGO SENORET ISLA N 13',4084881,NULL,'A',4084881,'R','agricola','SII_CSV'),
('12202-05121-00105','12202','05121','00105','ARCHIPIELAGO SENORET ISLA N 14',2778494,NULL,'A',2778494,'R','agricola','SII_CSV'),
('12202-05121-00106','12202','05121','00106','ARCHIPIELAGO SENORET ISLA N 15',6015408,NULL,'A',6015408,'R','agricola','SII_CSV'),
('12202-05121-00107','12202','05121','00107','ARCHIPIELAGO SENORET ISLA N 16',583247,NULL,'A',583247,'R','agricola','SII_CSV'),
('12202-05121-00108','12202','05121','00108','ARCHIPIELAGO SENORET ISLA N 17',329287,NULL,'A',329287,'R','agricola','SII_CSV'),
('12202-05121-00109','12202','05121','00109','ARCHIPIELAGO SENORET ISLA N 18',9549325,NULL,'A',9549325,'R','agricola','SII_CSV'),
('12202-05121-00110','12202','05121','00110','ARCHIPIELAGO SENORET ISLA N 19',251807,NULL,'A',251807,'R','agricola','SII_CSV'),
('12202-05121-00111','12202','05121','00111','ARCHIPIELAGO SENORET ISLA N 20',804924,NULL,'A',804924,'R','agricola','SII_CSV'),
('12202-05121-00112','12202','05121','00112','LOTE 5 -A',264523328,432868,'A',48089106,'R','agricola','SII_CSV'),
('12202-05121-00113','12202','05121','00113','LOTE 5 -B',113374767,130572,'A',48089106,'R','agricola','SII_CSV'),
('12202-05121-00116','12202','05121','00116','ESTANCIA AYELENLOTE 46 M-B',11040801,NULL,'A',11040801,'R','agricola','SII_CSV'),
('12202-05121-00121','12202','05121','00121','SENO OBSTRUCCION SUR',895317,NULL,'A',895317,'R','agricola','SII_CSV'),
('12202-05121-00138','12202','05121','00138','PUNTA DEL NORTE PL XII- 2 - 131',108668597,NULL,'A',108668597,'R','agricola','SII_CSV'),
('12202-05121-00142','12202','05121','00142','EST INVIERNO LT B 1',926249817,1756322,'A',48089106,'R','agricola','SII_CSV'),
('12202-05121-00143','12202','05121','00143','ESTANCIA DON JOACO ISLA RIESCO',869978820,1643780,'A',48089106,'R','agricola','SII_CSV'),
('12202-05126-00005','12202','05126','00005','ISLA RIESCO LOTE 14',168087754,31300,'A',48089106,'R','agricola','SII_CSV'),
('12202-05126-00006','12202','05126','00006','CALETA LENKA LT 13',142045990,31300,'A',48089106,'R','agricola','SII_CSV'),
('12202-05126-00008','12202','05126','00008','EST ROCALLOSA LT 11 ISLA RIESCO',520276360,944376,'A',48089106,'R','agricola','SII_CSV'),
('12202-05126-00009','12202','05126','00009','EST DON PANCHO LT 9 10',540947502,985718,'A',48089106,'R','agricola','SII_CSV'),
('12202-05126-00010','12202','05126','00010','ESTANCIA LOLA LOTE 8',590415727,1084654,'A',48089106,'R','agricola','SII_CSV'),
('12202-05126-00011','12202','05126','00011','ESTANCIA CHILENITA LOTE 7 ISLA RIESCO',590415727,1084654,'A',48089106,'R','agricola','SII_CSV'),
('12202-05126-00013','12202','05126','00013','ESTANCIA RIO PALOS',650382605,1204588,'A',48089106,'R','agricola','SII_CSV'),
('12202-05126-00014','12202','05126','00014','ESTANCIA TITA',1013158672,1930140,'A',48089106,'R','agricola','SII_CSV'),
('12202-05126-00015','12202','05126','00015','ESTANCIA SAN CARLOS LT 2 A',573129945,1050082,'A',48089106,'R','agricola','SII_CSV'),
('12202-05126-00016','12202','05126','00016','EST BAQUERIA ISLA RIESCO',573129945,1050082,'A',48089106,'R','agricola','SII_CSV'),
('12202-05126-00017','12202','05126','00017','EST MARIA OLVIDO LT 1',1644633755,3193090,'A',48089106,'R','agricola','SII_CSV'),
('12202-05126-00018','12202','05126','00018','ESTANCIA LILA',457754416,819332,'A',48089106,'R','agricola','SII_CSV'),
('12202-05126-00019','12202','05126','00019','ESTANCIA EVA COM RIO VERDE',404120962,712064,'A',48089106,'R','agricola','SII_CSV'),
('12202-05126-00020','12202','05126','00020','ESTANCIA GLORIA ISLA RIESCO',393824886,691472,'A',48089106,'R','agricola','SII_CSV'),
('12202-05126-00021','12202','05126','00021','ESTANCIA PONSOMBY ISLA RIESCO',123769138,151360,'A',48089106,'R','agricola','SII_CSV'),
('12202-05126-00022','12202','05126','00022','ESTANCIA FITZ ISLA RIESCO',406393766,716610,'A',48089106,'R','agricola','SII_CSV'),
('12202-05126-00023','12202','05126','00023','ESTANCIA DEL PILAR LT- 8',650780007,1205382,'A',48089106,'R','agricola','SII_CSV'),
('12202-05126-00024','12202','05126','00024','EST FLORITA',693204274,1290230,'A',48089106,'R','agricola','SII_CSV'),
('12202-05126-00025','12202','05126','00025','ESTANCIA EL TREBOL LOTE 6',996851950,1897526,'A',48089106,'R','agricola','SII_CSV'),
('12202-05126-00026','12202','05126','00026','PUERTO CURTZE LT A',94041479,86756,'A',48089106,'R','agricola','SII_CSV'),
('12202-05126-00027','12202','05126','00027','FUNDO ANKEL LOTE 5 PLANO 44 ISLA RIESCO',417845412,739514,'A',48089106,'R','agricola','SII_CSV'),
('12202-05126-00028','12202','05126','00028','ESTANCIA EMILIANA LT 4',646258024,1196338,'A',48089106,'R','agricola','SII_CSV'),
('12202-05126-00029','12202','05126','00029','ESTANCIA OHIGGINS LT 3',578393219,1060608,'A',48089106,'R','agricola','SII_CSV'),
('12202-05126-00030','12202','05126','00030','LT 2 ISLA RIESCO EST ADELA',558675269,1021172,'A',48089106,'R','agricola','SII_CSV'),
('12202-05126-00031','12202','05126','00031','LT 1 -A EST BEATRIZ',269478659,442780,'A',48089106,'R','agricola','SII_CSV'),
('12202-05126-00034','12202','05126','00034','RANCHO A 2 LT 3',618032521,1139888,'A',48089106,'R','agricola','SII_CSV'),
('12202-05126-00035','12202','05126','00035','EST DINAH ISLA RIESCO',691721853,1287266,'A',48089106,'R','agricola','SII_CSV'),
('12202-05126-00036','12202','05126','00036','EST STA ROSA LOTE 5 PL 30',790189063,1456526,'A',48089106,'R','agricola','SII_CSV'),
('12202-05126-00037','12202','05126','00037','RANCHO SUTIVAN LOTE 6 B 1',456776783,817376,'A',48089106,'R','agricola','SII_CSV'),
('12202-05126-00038','12202','05126','00038','ISLAS ENGLEFIELD VIVIAN DIAZ',77820179,NULL,'A',77820179,'R','agricola','SII_CSV'),
('12202-05126-00039','12202','05126','00039','LOTES 17 Y 18 PC 1',277593143,57042,'A',48089106,'R','agricola','SII_CSV'),
('12202-05126-00040','12202','05126','00040','PUERTO TORO ISLA RIESCO',12913218,NULL,'A',12913218,'R','agricola','SII_CSV'),
('12202-05126-00041','12202','05126','00041','BAHIA FANNY LT 19 PL 1',349544543,NULL,'A',349544543,'R','agricola','SII_CSV'),
('12202-05126-00042','12202','05126','00042','LOTE 20',194268780,31300,'A',48089106,'R','agricola','SII_CSV'),
('12202-05126-00043','12202','05126','00043','LT 23 PL 1',204713338,NULL,'A',204713338,'R','agricola','SII_CSV'),
('12202-05126-00044','12202','05126','00044','ISLA RIESCO LOTE 16',202345905,NULL,'A',202345905,'R','agricola','SII_CSV'),
('12202-05126-00045','12202','05126','00045','LOTE 15 PL 1 ISLA RIESCO',312165816,528154,'A',48089106,'R','agricola','SII_CSV'),
('12202-05126-00046','12202','05126','00046','ISLA INDIO LT 20 PL 1',12811915,NULL,'A',12811915,'R','agricola','SII_CSV'),
('12202-05126-00047','12202','05126','00047','ISLA HUERTA LT 21 PL 1',8541276,NULL,'A',8541276,'R','agricola','SII_CSV'),
('12202-05126-00049','12202','05126','00049','LOS TURBALES LOTE 6 A PL 30 ISLA RIESCO',918187207,1707748,'A',48089106,'R','agricola','SII_CSV'),
('12202-05126-00051','12202','05126','00051','LOTE 1 B EST BEATRIZ',269478659,442780,'A',48089106,'R','agricola','SII_CSV'),
('12202-05126-00053','12202','05126','00053','PUERTO CURTZE LT B',4896262,NULL,'A',4896262,'R','agricola','SII_CSV'),
('12202-05126-00055','12202','05126','00055','RESERVA NAC ALACALUFES',589322812,NULL,'A',589322812,'R','agricola','SII_CSV'),
('12202-05126-00064','12202','05126','00064','RANCHO SUTIVAN LOTE 6 B- 3',503454858,910732,'A',48089106,'R','agricola','SII_CSV'),
('12202-05126-00071','12202','05126','00071','ESTANCIA VIOLETA LOTE 6 B ISLA RIESCO',104561593,110840,'A',48089106,'R','agricola','SII_CSV'),
('12202-05126-00072','12202','05126','00072','ESTANCIA VIOLETA 6 A ISLA RIESCO',104561593,112946,'A',48089106,'R','agricola','SII_CSV'),
('12202-05126-00073','12202','05126','00073','ESTANCIA VIOLETA 6 ISLA RIESCO',418304738,740432,'A',48089106,'R','agricola','SII_CSV')
ON CONFLICT (rol) DO UPDATE SET
  avaluo_total_vigente = EXCLUDED.avaluo_total_vigente,
  contribucion_semestre = EXCLUDED.contribucion_semestre,
  destino_sii          = EXCLUDED.destino_sii,
  avaluo_total_exento  = EXCLUDED.avaluo_total_exento,
  cod_ubicacion        = EXCLUDED.cod_ubicacion,
  fuente_datos         = 'SII_CSV',
  fecha_actualizacion  = now();

-- ─────────────────────────────────────────────────
-- AL: BRTMPCATASAL_2025_2_12202  |  CÓDIGO 12202
-- 167 filas
-- ─────────────────────────────────────────────────
INSERT INTO catastro.suelos_agricolas (
  rol, cod_suelo, sup_ha, fuente_datos
) VALUES
('12202-05121-00002','28',10000.00,'SII_CSV'),
('12202-05121-00003','28',11097.00,'SII_CSV'),
('12202-05121-00004','28',20592.00,'SII_CSV'),
('12202-05121-00005','28',25010.00,'SII_CSV'),
('12202-05121-00006','26',780.00,'SII_CSV'),
('12202-05121-00007','27',13895.00,'SII_CSV'),
('12202-05121-00008','24',2005.00,'SII_CSV'),
('12202-05121-00010','26',8548.00,'SII_CSV'),
('12202-05121-00011','25',2263.00,'SII_CSV'),
('12202-05121-00012','24',2085.00,'SII_CSV'),
('12202-05121-00013','24',1786.00,'SII_CSV'),
('12202-05121-00015','25',1750.00,'SII_CSV'),
('12202-05121-00016','24',644.00,'SII_CSV'),
('12202-05121-00017','24',644.00,'SII_CSV'),
('12202-05121-00018','25',3333.00,'SII_CSV'),
('12202-05121-00019','22',7.06,'SII_CSV'),
('12202-05121-00020','22',25.00,'SII_CSV'),
('12202-05121-00021','24',90.00,'SII_CSV'),
('12202-05121-00022','26',1500.00,'SII_CSV'),
('12202-05121-00023','22',60.00,'SII_CSV'),
('12202-05121-00024','27',3460.00,'SII_CSV'),
('12202-05121-00024','8',2500.00,'SII_CSV'),
('12202-05121-00025','22',48.90,'SII_CSV'),
('12202-05121-00026','25',174.00,'SII_CSV'),
('12202-05121-00027','24',4734.13,'SII_CSV'),
('12202-05121-00028','25',972.30,'SII_CSV'),
('12202-05121-00029','24',3063.60,'SII_CSV'),
('12202-05121-00030','24',2551.00,'SII_CSV'),
('12202-05121-00031','24',1595.00,'SII_CSV'),
('12202-05121-00032','24',2090.00,'SII_CSV'),
('12202-05121-00033','25',3706.00,'SII_CSV'),
('12202-05121-00034','25',2322.00,'SII_CSV'),
('12202-05121-00035','25',2352.00,'SII_CSV'),
('12202-05121-00036','25',2468.00,'SII_CSV'),
('12202-05121-00037','25',1728.00,'SII_CSV'),
('12202-05121-00038','24',1820.00,'SII_CSV'),
('12202-05121-00039','25',1044.75,'SII_CSV'),
('12202-05121-00040','24',3858.00,'SII_CSV'),
('12202-05121-00041','25',3817.48,'SII_CSV'),
('12202-05121-00044','25',1072.30,'SII_CSV'),
('12202-05121-00045','25',1172.30,'SII_CSV'),
('12202-05121-00047','26',8429.00,'SII_CSV'),
('12202-05121-00049','28',6440.00,'SII_CSV'),
('12202-05121-00050','28',9362.00,'SII_CSV'),
('12202-05121-00051','27',1400.00,'SII_CSV'),
('12202-05121-00052','27',1000.00,'SII_CSV'),
('12202-05121-00054','26',1727.20,'SII_CSV'),
('12202-05121-00056','22',60.00,'SII_CSV'),
('12202-05121-00057','27',10944.00,'SII_CSV'),
('12202-05121-00059','27',5966.00,'SII_CSV'),
('12202-05121-00060','24',797.00,'SII_CSV'),
('12202-05121-00061','24',120.00,'SII_CSV'),
('12202-05121-00062','27',2000.00,'SII_CSV'),
('12202-05121-00063','27',1000.00,'SII_CSV'),
('12202-05121-00065','22',15.00,'SII_CSV'),
('12202-05121-00066','22',22.50,'SII_CSV'),
('12202-05121-00067','22',5.56,'SII_CSV'),
('12202-05121-00071','22',1.40,'SII_CSV'),
('12202-05121-00073','25',1323.25,'SII_CSV'),
('12202-05121-00074','22',0.20,'SII_CSV'),
('12202-05121-00075','22',1.50,'SII_CSV'),
('12202-05121-00077','27',1290.00,'SII_CSV'),
('12202-05121-00078','27',1350.00,'SII_CSV'),
('12202-05121-00083','22',11.00,'SII_CSV'),
('12202-05121-00085','22',12.00,'SII_CSV'),
('12202-05121-00086','22',20.00,'SII_CSV'),
('12202-05121-00087','22',0.84,'SII_CSV'),
('12202-05121-00088','22',0.75,'SII_CSV'),
('12202-05121-00089','22',2.77,'SII_CSV'),
('12202-05121-00090','22',1.94,'SII_CSV'),
('12202-05121-00091','22',1.15,'SII_CSV'),
('12202-05121-00092','22',133.21,'SII_CSV'),
('12202-05121-00093','22',2.65,'SII_CSV'),
('12202-05121-00094','22',51.93,'SII_CSV'),
('12202-05121-00095','22',7.39,'SII_CSV'),
('12202-05121-00096','22',4.35,'SII_CSV'),
('12202-05121-00097','22',485.40,'SII_CSV'),
('12202-05121-00098','22',7.61,'SII_CSV'),
('12202-05121-00099','22',7.50,'SII_CSV'),
('12202-05121-00100','22',4.18,'SII_CSV'),
('12202-05121-00101','22',1.49,'SII_CSV'),
('12202-05121-00102','22',1.86,'SII_CSV'),
('12202-05121-00103','22',10.60,'SII_CSV'),
('12202-05121-00104','22',18.98,'SII_CSV'),
('12202-05121-00105','22',12.91,'SII_CSV'),
('12202-05121-00106','22',27.95,'SII_CSV'),
('12202-05121-00107','22',2.71,'SII_CSV'),
('12202-05121-00108','22',1.53,'SII_CSV'),
('12202-05121-00109','22',44.37,'SII_CSV'),
('12202-05121-00110','22',1.17,'SII_CSV'),
('12202-05121-00111','22',3.74,'SII_CSV'),
('12202-05121-00112','26',1956.00,'SII_CSV'),
('12202-05121-00113','26',777.00,'SII_CSV'),
('12202-05121-00116','22',20.52,'SII_CSV'),
('12202-05121-00121','22',4.16,'SII_CSV'),
('12202-05121-00138','8',38625.00,'SII_CSV'),
('12202-05121-00142','26',6589.00,'SII_CSV'),
('12202-05121-00143','26',6433.00,'SII_CSV'),
('12202-05126-00005','28',12070.00,'SII_CSV'),
('12202-05126-00006','28',10200.00,'SII_CSV'),
('12202-05126-00008','27',10000.00,'SII_CSV'),
('12202-05126-00009','26',4000.00,'SII_CSV'),
('12202-05126-00010','26',4200.00,'SII_CSV'),
('12202-05126-00011','26',4200.00,'SII_CSV'),
('12202-05126-00013','26',4300.00,'SII_CSV'),
('12202-05126-00014','25',4200.00,'SII_CSV'),
('12202-05126-00015','25',2300.00,'SII_CSV'),
('12202-05126-00016','25',2300.00,'SII_CSV'),
('12202-05126-00017','25',6600.00,'SII_CSV'),
('12202-05126-00018','24',1148.00,'SII_CSV'),
('12202-05126-00019','25',1570.00,'SII_CSV'),
('12202-05126-00020','25',1530.00,'SII_CSV'),
('12202-05126-00021','24',291.20,'SII_CSV'),
('12202-05126-00022','25',1530.00,'SII_CSV'),
('12202-05126-00023','24',1580.00,'SII_CSV'),
('12202-05126-00024','24',1683.00,'SII_CSV'),
('12202-05126-00025','24',2500.00,'SII_CSV'),
('12202-05126-00026','24',219.00,'SII_CSV'),
('12202-05126-00027','25',1734.00,'SII_CSV'),
('12202-05126-00028','24',1676.00,'SII_CSV'),
('12202-05126-00029','24',1500.00,'SII_CSV'),
('12202-05126-00030','24',1500.00,'SII_CSV'),
('12202-05126-00031','24',750.00,'SII_CSV'),
('12202-05126-00034','26',4570.00,'SII_CSV'),
('12202-05126-00035','26',4915.00,'SII_CSV'),
('12202-05126-00036','26',5843.00,'SII_CSV'),
('12202-05126-00037','26',4278.30,'SII_CSV'),
('12202-05126-00038','24',444.00,'SII_CSV'),
('12202-05126-00039','28',29900.00,'SII_CSV'),
('12202-05126-00040','22',40.00,'SII_CSV'),
('12202-05126-00041','28',25100.00,'SII_CSV'),
('12202-05126-00042','28',13950.00,'SII_CSV'),
('12202-05126-00043','28',14700.00,'SII_CSV'),
('12202-05126-00044','28',14530.00,'SII_CSV'),
('12202-05126-00045','27',6000.00,'SII_CSV'),
('12202-05126-00046','26',180.00,'SII_CSV'),
('12202-05126-00047','26',120.00,'SII_CSV'),
('12202-05126-00049','26',8600.00,'SII_CSV'),
('12202-05126-00051','24',750.00,'SII_CSV'),
('12202-05126-00053','22',10.00,'SII_CSV'),
('12202-05126-00055','8',209468.00,'SII_CSV'),
('12202-05126-00064','26',4715.50,'SII_CSV'),
('12202-05126-00071','26',716.60,'SII_CSV'),
('12202-05126-00072','26',716.60,'SII_CSV'),
('12202-05126-00073','26',2866.80,'SII_CSV')
ON CONFLICT (rol, cod_suelo) DO UPDATE SET
  sup_ha = EXCLUDED.sup_ha;

INSERT INTO catastro.construcciones (
  rol, numero_construccion, material_codigo,
  calidad_codigo, sup_total_m2,
  destino_construccion, condicion_especial, fuente_datos
) VALUES
('12202-05121-00015',1,'E',3,160,'P',NULL,'SII_CSV'),
('12202-05121-00018',1,'E',3,300,'P',NULL,'SII_CSV'),
('12202-05121-00027',1,'C',2,88,'P',NULL,'SII_CSV'),
('12202-05121-00027',2,'E',2,226,'P',NULL,'SII_CSV'),
('12202-05121-00029',1,'E',3,350,'P',NULL,'SII_CSV'),
('12202-05121-00071',1,'GE',2,479,'I',NULL,'SII_CSV'),
('12202-05121-00071',2,'GE',2,745,'I',NULL,'SII_CSV'),
('12202-05121-00071',3,'GA',2,557,'I',NULL,'SII_CSV'),
('12202-05121-00071',4,'E',4,208,'H',NULL,'SII_CSV'),
('12202-05121-00071',5,'E',4,57,'O',NULL,'SII_CSV'),
('12202-05121-00071',6,'E',4,42,'L',NULL,'SII_CSV'),
('12202-05121-00142',1,'E',3,200,'P',NULL,'SII_CSV'),
('12202-05126-00014',1,'E',3,255,'P',NULL,'SII_CSV'),
('12202-05126-00015',1,'E',3,205,'P',NULL,'SII_CSV'),
('12202-05126-00016',1,'E',3,216,'P',NULL,'SII_CSV'),
('12202-05126-00017',1,'E',3,190,'P',NULL,'SII_CSV'),
('12202-05126-00020',1,'E',3,170,'P',NULL,'SII_CSV'),
('12202-05126-00022',1,'E',3,186,'P',NULL,'SII_CSV'),
('12202-05126-00025',1,'E',3,196,'P',NULL,'SII_CSV'),
('12202-05126-00029',1,'E',3,103,'P',NULL,'SII_CSV'),
('12202-05126-00035',1,'E',3,250,'P',NULL,'SII_CSV'),
('12202-05126-00049',1,'E',3,200,'P',NULL,'SII_CSV')
ON CONFLICT (rol, numero_construccion) DO NOTHING;

-- ─────────────────────────────────────────────────
-- Registro en catastro.importaciones
-- ─────────────────────────────────────────────────
INSERT INTO catastro.importaciones
  (codigo_comuna, nombre_comuna, archivo_fuente, tipo_archivo,
   total_registros, fecha_importacion, estado, error_msg)
VALUES
('12202', 'CÓDIGO 12202', 'BRTMPCATASN_2025_2_12202', 'N', 23, '2026-03-19T19:52:05.708135', 'completado', NULL),
('12202', 'CÓDIGO 12202', 'BRTMPCATASNL_2025_2_12202', 'NL', 45, '2026-03-19T19:52:05.708135', 'completado', NULL),
('12202', 'CÓDIGO 12202', 'BRTMPCATASA_2025_2_12202', 'A', 144, '2026-03-19T19:52:05.708135', 'completado', NULL),
('12202', 'CÓDIGO 12202', 'BRTMPCATASAL_2025_2_12202', 'AL', 167, '2026-03-19T19:52:05.708135', 'completado', NULL);

COMMIT;
-- ══ FIN DE INGESTIÓN ══
