-- ══════════════════════════════════════════════════════════════
-- SNRI — Ingestión Catastral SII
-- Generado : 2026-03-19 16:52:06
-- Comuna(s): 12204 CÓDIGO 12204
-- Archivos :
--   BRTMPCATASN_2025_2_12204
--   BRTMPCATASNL_2025_2_12204
--   BRTMPCATASA_2025_2_12204
--   BRTMPCATASAL_2025_2_12204
-- ══════════════════════════════════════════════════════════════

SET search_path TO catastro, public;
BEGIN;

-- DDL auxiliar

-- Tabla auxiliar para suelos agrícolas (si no existe)
CREATE TABLE IF NOT EXISTS catastro.suelos_agricolas (
    id          uuid PRIMARY KEY DEFAULT gen_random_uuid(),
    rol         text NOT NULL,
    cod_suelo   text NOT NULL,
    sup_ha      numeric(12,2),
    fuente_datos text,
    created_at  timestamptz DEFAULT now(),
    CONSTRAINT fk_suelos_predio FOREIGN KEY (rol)
        REFERENCES catastro.predios(rol) ON DELETE CASCADE
);
CREATE UNIQUE INDEX IF NOT EXISTS uq_suelos_rol_cod
    ON catastro.suelos_agricolas(rol, cod_suelo);


-- ─────────────────────────────────────────────────
-- N: BRTMPCATASN_2025_2_12204  |  CÓDIGO 12204
-- 238 filas
-- ─────────────────────────────────────────────────
INSERT INTO catastro.predios (
  rol, codigo_comuna, manzana, predio, direccion,
  avaluo_total_vigente, contribucion_semestre, destino_sii,
  avaluo_total_exento, bc1_rol, bc2_rol,
  sup_terreno_m2, cod_ubicacion, rol_padre,
  serie_predio, fuente_datos
) VALUES
('12204-05101-00001','12204','05101','00001','PUNTA DELGADA',9353475,49902,'W',NULL,NULL,NULL,10000,'R',NULL,'no_agricola','SII_CSV'),
('12204-05101-00002','12204','05101','00002','CAPTO Y TERMINAL GREGORIO',3063524192,11377126,'I',338388406,NULL,NULL,2700000,'R',NULL,'no_agricola','SII_CSV'),
('12204-05101-00003','12204','05101','00003','PLAYA EN DUNGE',33672508,NULL,'W',33672508,NULL,NULL,40000,'R',NULL,'no_agricola','SII_CSV'),
('12204-05101-00008','12204','05101','00008','BUQUE QUEMADO CAMP',176257089,940332,'I',NULL,NULL,NULL,164500,'R',NULL,'no_agricola','SII_CSV'),
('12204-05101-00009','12204','05101','00009','PUNTA DELGADA CAMP',1260717106,6725926,'I',NULL,NULL,NULL,84900,'U',NULL,'no_agricola','SII_CSV'),
('12204-05101-00011','12204','05101','00011','BATERIAS Y COMPRESORES CONTINENT',868486344,4633376,'I',NULL,NULL,NULL,3313,'R',NULL,'no_agricola','SII_CSV'),
('12204-05101-00023','12204','05101','00023','POSADA DEL TECHE',349595909,1865096,'C',NULL,NULL,NULL,275000,'R',NULL,'no_agricola','SII_CSV'),
('12204-05101-00025','12204','05101','00025','CONCESION PLAYA PUNTA DELGADA',170248560,908278,'C',NULL,NULL,NULL,1600,'R',NULL,'no_agricola','SII_CSV'),
('12204-05101-00027','12204','05101','00027','CAMPTO POBL Y PLANTA P',4891588670,18671310,'I',1391811816,NULL,NULL,996724,'R',NULL,'no_agricola','SII_CSV'),
('12204-05101-00031','12204','05101','00031','HOSTERIA EL FARO',17688197,94368,'C',NULL,NULL,NULL,10000,'R',NULL,'no_agricola','SII_CSV'),
('12204-05101-00034','12204','05101','00034','ENTEL ST ENTE',58379996,311458,'T',NULL,NULL,NULL,2500,'R',NULL,'no_agricola','SII_CSV'),
('12204-05101-00036','12204','05101','00036','LOS PIONEROS R E 9',74827048,NULL,'W',74827048,NULL,NULL,99999,'R',NULL,'no_agricola','SII_CSV'),
('12204-05101-00059','12204','05101','00059','LOS PIONEROS RE 11',15917893,NULL,'V',15917893,NULL,NULL,4800,'R',NULL,'no_agricola','SII_CSV'),
('12204-05101-00061','12204','05101','00061','VILLA OHIGGINS ST Z',7748145,NULL,'H',7748145,NULL,NULL,1000,'R',NULL,'no_agricola','SII_CSV'),
('12204-05101-00062','12204','05101','00062','P DE VALDIVIA ST 34',29818892,NULL,'H',29818892,NULL,NULL,1000,'R',NULL,'no_agricola','SII_CSV'),
('12204-05101-00063','12204','05101','00063','COOP C GRANDE 24',4266049,NULL,'H',4266049,NULL,NULL,1000,'R',NULL,'no_agricola','SII_CSV'),
('12204-05101-00064','12204','05101','00064','COOP B OHIGGIN CASA J',30273079,NULL,'H',30273079,NULL,NULL,1000,'R',NULL,'no_agricola','SII_CSV'),
('12204-05101-00065','12204','05101','00065','CANADON GRANDE 36',5524523,NULL,'H',5524523,NULL,NULL,1000,'R',NULL,'no_agricola','SII_CSV'),
('12204-05101-00066','12204','05101','00066','CANADON GRANDE 01',4266049,NULL,'H',4266049,NULL,NULL,1000,'R',NULL,'no_agricola','SII_CSV'),
('12204-05101-00067','12204','05101','00067','CANADON GRANDE 02',4266049,NULL,'H',4266049,NULL,NULL,1000,'R',NULL,'no_agricola','SII_CSV'),
('12204-05101-00068','12204','05101','00068','CANADON GRANDE 03',4266049,NULL,'H',4266049,NULL,NULL,1000,'R',NULL,'no_agricola','SII_CSV'),
('12204-05101-00069','12204','05101','00069','CANADON GRANDE 04',4266049,NULL,'H',4266049,NULL,NULL,1000,'R',NULL,'no_agricola','SII_CSV'),
('12204-05101-00070','12204','05101','00070','CANADON GRANDE 05',4266049,NULL,'H',4266049,NULL,NULL,1000,'R',NULL,'no_agricola','SII_CSV'),
('12204-05101-00071','12204','05101','00071','CANADON GRANDE 06',4266049,NULL,'H',4266049,NULL,NULL,1000,'R',NULL,'no_agricola','SII_CSV'),
('12204-05101-00072','12204','05101','00072','CANADON GRANDE 07',4266049,NULL,'H',4266049,NULL,NULL,1000,'R',NULL,'no_agricola','SII_CSV'),
('12204-05101-00073','12204','05101','00073','CANADON GRANDE 10',935347,4992,'W',NULL,NULL,NULL,1000,'R',NULL,'no_agricola','SII_CSV'),
('12204-05101-00074','12204','05101','00074','CANADON GRANDE 12',935347,4992,'W',NULL,NULL,NULL,1000,'R',NULL,'no_agricola','SII_CSV'),
('12204-05101-00075','12204','05101','00075','CANADON GRANDE 13',935347,4992,'W',NULL,NULL,NULL,1000,'R',NULL,'no_agricola','SII_CSV'),
('12204-05101-00076','12204','05101','00076','CANADON GRANDE 14',4266049,NULL,'H',4266049,NULL,NULL,1000,'R',NULL,'no_agricola','SII_CSV'),
('12204-05101-00077','12204','05101','00077','CANADON GRANDE 15',4266049,NULL,'H',4266049,NULL,NULL,1000,'R',NULL,'no_agricola','SII_CSV'),
('12204-05101-00078','12204','05101','00078','CANADON GRANDE 16',4266049,NULL,'H',4266049,NULL,NULL,1000,'R',NULL,'no_agricola','SII_CSV'),
('12204-05101-00079','12204','05101','00079','CANADON GRANDE 17',4266049,NULL,'H',4266049,NULL,NULL,1000,'R',NULL,'no_agricola','SII_CSV'),
('12204-05101-00080','12204','05101','00080','CANADON GRANDE 18',4266049,NULL,'H',4266049,NULL,NULL,1000,'R',NULL,'no_agricola','SII_CSV'),
('12204-05101-00081','12204','05101','00081','CANADON GRANDE 19',4266049,NULL,'H',4266049,NULL,NULL,1000,'R',NULL,'no_agricola','SII_CSV'),
('12204-05101-00082','12204','05101','00082','CANADON GRANDE 20',4266049,NULL,'H',4266049,NULL,NULL,1000,'R',NULL,'no_agricola','SII_CSV'),
('12204-05101-00083','12204','05101','00083','CANADON GRANDE 21',4266049,NULL,'H',4266049,NULL,NULL,1000,'R',NULL,'no_agricola','SII_CSV'),
('12204-05101-00084','12204','05101','00084','CANADON GRANDE 22',935347,4992,'W',NULL,NULL,NULL,1000,'R',NULL,'no_agricola','SII_CSV'),
('12204-05101-00085','12204','05101','00085','CANADON GRANDE 25',4266049,NULL,'H',4266049,NULL,NULL,1000,'R',NULL,'no_agricola','SII_CSV'),
('12204-05101-00086','12204','05101','00086','CANADON GRANDE 26',4266049,NULL,'H',4266049,NULL,NULL,1000,'R',NULL,'no_agricola','SII_CSV'),
('12204-05101-00087','12204','05101','00087','CANADON GRANDE 28',935347,4992,'W',NULL,NULL,NULL,1000,'R',NULL,'no_agricola','SII_CSV'),
('12204-05101-00088','12204','05101','00088','CANADON GRANDE 29',935347,4992,'W',NULL,NULL,NULL,1000,'R',NULL,'no_agricola','SII_CSV'),
('12204-05101-00089','12204','05101','00089','CANADON GRANDE 30',4266049,NULL,'H',4266049,NULL,NULL,1000,'R',NULL,'no_agricola','SII_CSV'),
('12204-05101-00090','12204','05101','00090','CANADON GRANDE 32',4266049,NULL,'H',4266049,NULL,NULL,1000,'R',NULL,'no_agricola','SII_CSV'),
('12204-05101-00091','12204','05101','00091','CANADON GRANDE 33',4266049,NULL,'H',4266049,NULL,NULL,1000,'R',NULL,'no_agricola','SII_CSV'),
('12204-05101-00092','12204','05101','00092','CANADON GRANDE 34',4266049,NULL,'H',4266049,NULL,NULL,1000,'R',NULL,'no_agricola','SII_CSV'),
('12204-05101-00093','12204','05101','00093','CANADON GRANDE 35',4266049,NULL,'H',4266049,NULL,NULL,1000,'R',NULL,'no_agricola','SII_CSV'),
('12204-05101-00094','12204','05101','00094','CANADON GRANDE 37',4266049,NULL,'H',4266049,NULL,NULL,1000,'R',NULL,'no_agricola','SII_CSV'),
('12204-05101-00095','12204','05101','00095','CANADON GRANDE 39',4266049,NULL,'H',4266049,NULL,NULL,1000,'R',NULL,'no_agricola','SII_CSV'),
('12204-05101-00096','12204','05101','00096','CANADON GRANDE 41',4266049,NULL,'H',4266049,NULL,NULL,1000,'R',NULL,'no_agricola','SII_CSV'),
('12204-05101-00097','12204','05101','00097','CANADON GRANDE 42',4266049,NULL,'H',4266049,NULL,NULL,1000,'R',NULL,'no_agricola','SII_CSV'),
('12204-05101-00098','12204','05101','00098','CANADON GRANDE 43',4266049,NULL,'H',4266049,NULL,NULL,1000,'R',NULL,'no_agricola','SII_CSV'),
('12204-05101-00099','12204','05101','00099','CANADON GRANDE 44',4266049,NULL,'H',4266049,NULL,NULL,1000,'R',NULL,'no_agricola','SII_CSV'),
('12204-05101-00100','12204','05101','00100','CANADON GRANDE 45',935347,4992,'W',NULL,NULL,NULL,1000,'R',NULL,'no_agricola','SII_CSV'),
('12204-05101-00101','12204','05101','00101','CANADON GRANDE 46',4266049,NULL,'H',4266049,NULL,NULL,1000,'R',NULL,'no_agricola','SII_CSV'),
('12204-05101-00102','12204','05101','00102','CANADON GRANDE 48',4266049,NULL,'H',4266049,NULL,NULL,1000,'R',NULL,'no_agricola','SII_CSV'),
('12204-05101-00103','12204','05101','00103','CANADON GRANDE 49',4266049,NULL,'H',4266049,NULL,NULL,1000,'R',NULL,'no_agricola','SII_CSV'),
('12204-05101-00104','12204','05101','00104','CANADON GRANDE 50',4266049,NULL,'H',4266049,NULL,NULL,1000,'R',NULL,'no_agricola','SII_CSV'),
('12204-05101-00105','12204','05101','00105','CANADON GRANDE 51',4266049,NULL,'H',4266049,NULL,NULL,1000,'R',NULL,'no_agricola','SII_CSV'),
('12204-05101-00106','12204','05101','00106','CANADON GRANDE 52',4266049,NULL,'H',4266049,NULL,NULL,1000,'R',NULL,'no_agricola','SII_CSV'),
('12204-05101-00107','12204','05101','00107','CANADON GRANDE 53',935347,4992,'W',NULL,NULL,NULL,1000,'R',NULL,'no_agricola','SII_CSV'),
('12204-05101-00108','12204','05101','00108','CANADON GRANDE 55',935347,4992,'W',NULL,NULL,NULL,1000,'R',NULL,'no_agricola','SII_CSV'),
('12204-05101-00109','12204','05101','00109','CANADON GRANDE 57',4266049,NULL,'H',4266049,NULL,NULL,1000,'R',NULL,'no_agricola','SII_CSV'),
('12204-05101-00110','12204','05101','00110','CANADON GRANDE 58',4266049,NULL,'H',4266049,NULL,NULL,1000,'R',NULL,'no_agricola','SII_CSV'),
('12204-05101-00111','12204','05101','00111','CANADON GRANDE 59',4266049,NULL,'H',4266049,NULL,NULL,1000,'R',NULL,'no_agricola','SII_CSV'),
('12204-05101-00112','12204','05101','00112','CANADON GRANDE 60',4266049,NULL,'H',4266049,NULL,NULL,1000,'R',NULL,'no_agricola','SII_CSV'),
('12204-05101-00113','12204','05101','00113','CANADON GRANDE 61',3849710,NULL,'H',3849710,NULL,NULL,1000,'R',NULL,'no_agricola','SII_CSV'),
('12204-05101-00114','12204','05101','00114','CANADON GRANDE 62',3849710,NULL,'H',3849710,NULL,NULL,1000,'R',NULL,'no_agricola','SII_CSV'),
('12204-05101-00115','12204','05101','00115','CANADON GRANDE 65',3849710,NULL,'H',3849710,NULL,NULL,1000,'R',NULL,'no_agricola','SII_CSV'),
('12204-05101-00116','12204','05101','00116','CANADON GRANDE',5098724,NULL,'H',5098724,NULL,NULL,1000,'R',NULL,'no_agricola','SII_CSV'),
('12204-05101-00117','12204','05101','00117','CANADON GRANDE',3849710,NULL,'H',3849710,NULL,NULL,1000,'R',NULL,'no_agricola','SII_CSV'),
('12204-05101-00118','12204','05101','00118','CANADON GRANDE',3849710,NULL,'H',3849710,NULL,NULL,1000,'R',NULL,'no_agricola','SII_CSV'),
('12204-05101-00119','12204','05101','00119','CANADON GRANDE',3849710,NULL,'H',3849710,NULL,NULL,1000,'R',NULL,'no_agricola','SII_CSV'),
('12204-05101-00120','12204','05101','00120','ALCALDIA ST A , B',33300988,NULL,'H',33300988,NULL,NULL,1000,'R',NULL,'no_agricola','SII_CSV'),
('12204-05101-00121','12204','05101','00121','A IBANEZ ST 02',9461616,NULL,'H',9461616,NULL,NULL,100,'R',NULL,'no_agricola','SII_CSV'),
('12204-05101-00124','12204','05101','00124','CANADON GRANDE 40',4266049,NULL,'H',4266049,NULL,NULL,1000,'R',NULL,'no_agricola','SII_CSV'),
('12204-05101-00126','12204','05101','00126','CANADON GRANDE 47',4932188,NULL,'H',4932188,NULL,NULL,1000,'R',NULL,'no_agricola','SII_CSV'),
('12204-05101-00127','12204','05101','00127','P DE VALDIVIA ST 36',29818892,NULL,'H',29818892,NULL,NULL,1000,'R',NULL,'no_agricola','SII_CSV'),
('12204-05101-00128','12204','05101','00128','DN BOSCO ST 17',32566719,NULL,'H',32566719,NULL,NULL,1000,'R',NULL,'no_agricola','SII_CSV'),
('12204-05101-00129','12204','05101','00129','P DE VALDIVIA ST 38',29818892,NULL,'H',29818892,NULL,NULL,1000,'R',NULL,'no_agricola','SII_CSV'),
('12204-05101-00130','12204','05101','00130','DN BOSCO ST 25',29818892,NULL,'H',29818892,NULL,NULL,1000,'R',NULL,'no_agricola','SII_CSV'),
('12204-05101-00131','12204','05101','00131','DN BOSCO ST 18',29818892,NULL,'H',29818892,NULL,NULL,1000,'R',NULL,'no_agricola','SII_CSV'),
('12204-05101-00132','12204','05101','00132','B VIEL ST C',29326857,NULL,'H',29326857,NULL,NULL,1000,'R',NULL,'no_agricola','SII_CSV'),
('12204-05101-00133','12204','05101','00133','P DE VALDIVIA ST 40',29818892,NULL,'H',29818892,NULL,NULL,1000,'R',NULL,'no_agricola','SII_CSV'),
('12204-05101-00134','12204','05101','00134','DN BOSCO ST 22',29818892,NULL,'H',29818892,NULL,NULL,1000,'R',NULL,'no_agricola','SII_CSV'),
('12204-05101-00135','12204','05101','00135','P DE VALDIVIA ST 31',29818892,NULL,'H',29818892,NULL,NULL,1000,'R',NULL,'no_agricola','SII_CSV'),
('12204-05101-00136','12204','05101','00136','A IBANEZ ST 06',29818892,NULL,'H',29818892,NULL,NULL,1000,'R',NULL,'no_agricola','SII_CSV'),
('12204-05101-00137','12204','05101','00137','V OHIGGINS ST E- 1',13244095,70658,'W',NULL,NULL,NULL,500,'R',NULL,'no_agricola','SII_CSV'),
('12204-05101-00138','12204','05101','00138','P DE VALDIVIA ST 27',29818892,NULL,'H',29818892,NULL,NULL,1000,'R',NULL,'no_agricola','SII_CSV'),
('12204-05101-00139','12204','05101','00139','J DE LOAIZA ST 07',29818892,NULL,'H',29818892,NULL,NULL,1000,'R',NULL,'no_agricola','SII_CSV'),
('12204-05101-00140','12204','05101','00140','B VIEL ST F',29326857,NULL,'H',29326857,NULL,NULL,1000,'R',NULL,'no_agricola','SII_CSV'),
('12204-05101-00141','12204','05101','00141','A IBANEZ ST 04',29818892,NULL,'H',29818892,NULL,NULL,1000,'R',NULL,'no_agricola','SII_CSV'),
('12204-05101-00142','12204','05101','00142','DN BOSCO ST 23',29818892,NULL,'H',29818892,NULL,NULL,1000,'R',NULL,'no_agricola','SII_CSV'),
('12204-05101-00143','12204','05101','00143','VILLA OHIGGINS ST I',29326857,NULL,'H',29326857,NULL,NULL,1000,'R',NULL,'no_agricola','SII_CSV'),
('12204-05101-00144','12204','05101','00144','DN BOSCO ST 21',29818892,NULL,'H',29818892,NULL,NULL,1000,'R',NULL,'no_agricola','SII_CSV'),
('12204-05101-00145','12204','05101','00145','P DE VALDIVIA ST 30',29818892,NULL,'H',29818892,NULL,NULL,1000,'R',NULL,'no_agricola','SII_CSV'),
('12204-05101-00146','12204','05101','00146','P DE VALDIVIA ST 39',29818892,NULL,'H',29818892,NULL,NULL,1000,'R',NULL,'no_agricola','SII_CSV'),
('12204-05101-00147','12204','05101','00147','J DE LOAIZA ST 08',29818892,NULL,'H',29818892,NULL,NULL,1000,'R',NULL,'no_agricola','SII_CSV'),
('12204-05101-00148','12204','05101','00148','P DE VALDIVIA ST 28',29818892,NULL,'H',29818892,NULL,NULL,1000,'R',NULL,'no_agricola','SII_CSV'),
('12204-05101-00149','12204','05101','00149','VILLA OHIGGINS ST H',44466407,NULL,'H',44466407,NULL,NULL,1000,'R',NULL,'no_agricola','SII_CSV'),
('12204-05101-00150','12204','05101','00150','P DE VALDIVIA ST 32',29818892,NULL,'H',29818892,NULL,NULL,1000,'R',NULL,'no_agricola','SII_CSV'),
('12204-05101-00151','12204','05101','00151','B VIEL ST G',29326857,NULL,'H',29326857,NULL,NULL,1000,'R',NULL,'no_agricola','SII_CSV'),
('12204-05101-00152','12204','05101','00152','P DE VALDIVIA ST 37',29818892,NULL,'H',29818892,NULL,NULL,1000,'R',NULL,'no_agricola','SII_CSV'),
('12204-05101-00153','12204','05101','00153','A IBANEZ ST 05',29818892,NULL,'H',29818892,NULL,NULL,1000,'R',NULL,'no_agricola','SII_CSV'),
('12204-05101-00154','12204','05101','00154','A IBANEZ ST 03',29818892,NULL,'H',29818892,NULL,NULL,1000,'R',NULL,'no_agricola','SII_CSV'),
('12204-05101-00155','12204','05101','00155','P DE VALDIVIA ST 35',84767640,452236,'G',NULL,NULL,NULL,1000,'R',NULL,'no_agricola','SII_CSV'),
('12204-05101-00160','12204','05101','00160','KM 192 COMPLEJO ADUANERO',301649554,NULL,'W',301649554,NULL,NULL,322500,'R',NULL,'no_agricola','SII_CSV'),
('12204-05101-00161','12204','05101','00161','CANADON GRANDE 54',4266049,NULL,'H',4266049,NULL,NULL,1000,'R',NULL,'no_agricola','SII_CSV'),
('12204-05101-00162','12204','05101','00162','P DE VALDIVIA ST 47',29894589,NULL,'H',29894589,NULL,NULL,1000,'R',NULL,'no_agricola','SII_CSV'),
('12204-05101-00163','12204','05101','00163','DN BOSCO ST 16',29818892,NULL,'H',29818892,NULL,NULL,1000,'R',NULL,'no_agricola','SII_CSV'),
('12204-05101-00164','12204','05101','00164','DN BOSCO ST 19',29485821,NULL,'H',29485821,NULL,NULL,1000,'R',NULL,'no_agricola','SII_CSV'),
('12204-05101-00165','12204','05101','00165','P DE VALDIVIA ST 33',31342686,NULL,'H',31342686,NULL,NULL,1000,'R',NULL,'no_agricola','SII_CSV'),
('12204-05101-00166','12204','05101','00166','PUESTO PLAYA',4190350,NULL,'H',4190350,NULL,NULL,1000,'R',NULL,'no_agricola','SII_CSV'),
('12204-05101-00167','12204','05101','00167','DN BOSCO ST 24',5646449,NULL,'H',5646449,NULL,NULL,100,'R',NULL,'no_agricola','SII_CSV'),
('12204-05101-00168','12204','05101','00168','PUERTO POSESION LIMITE',3932977,NULL,'H',3932977,NULL,NULL,1000,'R',NULL,'no_agricola','SII_CSV'),
('12204-05101-00169','12204','05101','00169','P DE VALDIVIA ST 44',29485821,NULL,'H',29485821,NULL,NULL,1000,'R',NULL,'no_agricola','SII_CSV'),
('12204-05101-00172','12204','05101','00172','CASA Y SITIO 23',3932977,NULL,'H',3932977,NULL,NULL,1000,'R',NULL,'no_agricola','SII_CSV'),
('12204-05101-00173','12204','05101','00173','DN BOSCO ST 15',29485821,NULL,'H',29485821,NULL,NULL,1000,'R',NULL,'no_agricola','SII_CSV'),
('12204-05101-00174','12204','05101','00174','CANADON GRANDE 11',3932977,NULL,'H',3932977,NULL,NULL,1000,'R',NULL,'no_agricola','SII_CSV'),
('12204-05101-00175','12204','05101','00175','P DE VALDIVIA ST 26',31267746,NULL,'H',31267746,NULL,NULL,1000,'R',NULL,'no_agricola','SII_CSV'),
('12204-05101-00176','12204','05101','00176','DN BOSCO ST 14',29485821,NULL,'H',29485821,NULL,NULL,1000,'R',NULL,'no_agricola','SII_CSV'),
('12204-05101-00177','12204','05101','00177','P DE VALDIVIA ST 43',29818892,NULL,'H',29818892,NULL,NULL,1000,'R',NULL,'no_agricola','SII_CSV'),
('12204-05101-00178','12204','05101','00178','LT SECTOR PRIMERA ANGOSTURA',24151755,128852,'V',NULL,NULL,NULL,18406,'R',NULL,'no_agricola','SII_CSV'),
('12204-05101-00179','12204','05101','00179','SECTOR VILLORRIO COOPERATIVA BER',10386967,NULL,'V',10386967,NULL,NULL,266,'R',NULL,'no_agricola','SII_CSV'),
('12204-05101-00180','12204','05101','00180','HOSTERIA, KM 80 RUTA CH- 225',36597166,195248,'G',NULL,NULL,NULL,20000,'U',NULL,'no_agricola','SII_CSV'),
('12204-05101-00181','12204','05101','00181','J DE LOAIZA ST 09',29818892,NULL,'H',29818892,NULL,NULL,1000,'R',NULL,'no_agricola','SII_CSV'),
('12204-05101-00182','12204','05101','00182','DN BOSCO ST 20',29281438,NULL,'H',29281438,NULL,NULL,1000,'R',NULL,'no_agricola','SII_CSV'),
('12204-05101-00183','12204','05101','00183','J DE LOAIZA ST 11',33025801,NULL,'H',33025801,NULL,NULL,1000,'R',NULL,'no_agricola','SII_CSV'),
('12204-05101-00184','12204','05101','00184','P DE VALDIVIA ST 51',146100808,779450,'I',NULL,NULL,NULL,1000,'R',NULL,'no_agricola','SII_CSV'),
('12204-05101-00185','12204','05101','00185','COOP B OHIGGINS ST D',29485821,NULL,'H',29485821,NULL,NULL,1000,'R',NULL,'no_agricola','SII_CSV'),
('12204-05101-00186','12204','05101','00186','BCE 15 LOS PIONEROS',935347,4992,'W',NULL,NULL,NULL,1000,'R',NULL,'no_agricola','SII_CSV'),
('12204-05101-00188','12204','05101','00188','RETAZO PL 32 32 A',58274020,310892,'W',NULL,NULL,NULL,2500,'R',NULL,'no_agricola','SII_CSV'),
('12204-05101-00190','12204','05101','00190','PTA DELGADA CT PUERTO',153712421,NULL,'P',153712421,NULL,NULL,19127,'R',NULL,'no_agricola','SII_CSV'),
('12204-05101-00191','12204','05101','00191','FARO PUNTA DUNGENES',152219556,NULL,'P',152219556,NULL,NULL,106600,'R',NULL,'no_agricola','SII_CSV'),
('12204-05101-00193','12204','05101','00193','J DE LOAIZA ST 10',29319286,NULL,'H',29319286,NULL,NULL,1000,'R',NULL,'no_agricola','SII_CSV'),
('12204-05101-00194','12204','05101','00194','CANADON GRANDE 31',4266049,NULL,'H',4266049,NULL,NULL,1000,'R',NULL,'no_agricola','SII_CSV'),
('12204-05101-00195','12204','05101','00195','CONCESION PLAYA DS 223',175845,NULL,'V',175845,NULL,NULL,235,'R',NULL,'no_agricola','SII_CSV'),
('12204-05101-00197','12204','05101','00197','CONCESION MARITIMA DS 493',13094864,69862,'V',NULL,NULL,NULL,17500,'R',NULL,'no_agricola','SII_CSV'),
('12204-05101-00198','12204','05101','00198','A IBANEZ ST S/N',6622048,NULL,'W',6622048,NULL,NULL,250,'R',NULL,'no_agricola','SII_CSV'),
('12204-05101-00199','12204','05101','00199','AVTEHUELCHES D BOSCOVAPOR AMADEO',154797781,NULL,'W',154797781,NULL,NULL,7041,'R',NULL,'no_agricola','SII_CSV'),
('12204-05101-00200','12204','05101','00200','LT 5 PLANO 99 - 1987',47678743,NULL,'W',47678743,NULL,NULL,2000,'R',NULL,'no_agricola','SII_CSV'),
('12204-05101-00202','12204','05101','00202','LT 1 PLANO 99 - 1987',26488191,NULL,'W',26488191,NULL,NULL,1000,'R',NULL,'no_agricola','SII_CSV'),
('12204-05101-00203','12204','05101','00203','DN BOSCO ST 13',29818892,NULL,'H',29818892,NULL,NULL,1000,'R',NULL,'no_agricola','SII_CSV'),
('12204-05101-00204','12204','05101','00204','COMPLEJO FRONTERIZO MONTE AYMOND KM 192',299045524,NULL,'P',299045524,NULL,NULL,37900,'R',NULL,'no_agricola','SII_CSV'),
('12204-05101-00205','12204','05101','00205','CANADON GRANDE 38',4266049,NULL,'H',4266049,NULL,NULL,1000,'U',NULL,'no_agricola','SII_CSV'),
('12204-05101-00206','12204','05101','00206','P DE VALDIVIA ST 49',26488191,141316,'W',NULL,NULL,NULL,1000,'R',NULL,'no_agricola','SII_CSV'),
('12204-05101-00207','12204','05101','00207','J DE LOAIZA ST 12',29818892,NULL,'H',29818892,NULL,NULL,1000,'R',NULL,'no_agricola','SII_CSV'),
('12204-05101-00212','12204','05101','00212','P DE VALDIVIA ST 48',26488191,329116,'W',NULL,NULL,NULL,1000,'U',NULL,'no_agricola','SII_CSV'),
('12204-05101-00213','12204','05101','00213','P DE VALDIVIA ST 50',26488191,329116,'W',NULL,NULL,NULL,1000,'U',NULL,'no_agricola','SII_CSV'),
('12204-05101-00215','12204','05101','00215','P DE VALDIVIA ST S/N?',26488191,329116,'W',NULL,NULL,NULL,1000,'U',NULL,'no_agricola','SII_CSV'),
('12204-05101-00216','12204','05101','00216','P DE VALDIVIA',26488191,329116,'W',NULL,NULL,NULL,1000,'U',NULL,'no_agricola','SII_CSV'),
('12204-05101-00217','12204','05101','00217','ESTANCIA STA MARIA',6360363,33934,'W',NULL,NULL,NULL,8500,'R',NULL,'no_agricola','SII_CSV'),
('12204-05101-00220','12204','05101','00220','ADOLFO IBANEZ ST 1',32108749,NULL,'H',32108749,NULL,NULL,1000,'U',NULL,'no_agricola','SII_CSV'),
('12204-05101-00222','12204','05101','00222','PUNTA DELGADA CCMM',1825050,9556,'W',NULL,NULL,NULL,2439,'R',NULL,'no_agricola','SII_CSV'),
('12204-05101-00223','12204','05101','00223','LOTE N 4 PTA DELGADA',9353475,48972,'W',NULL,NULL,NULL,10000,'R',NULL,'no_agricola','SII_CSV'),
('12204-05101-00225','12204','05101','00225','PLANTA DEW POINT',653455711,3486186,'M',NULL,NULL,NULL,5000,'R',NULL,'no_agricola','SII_CSV'),
('12204-05101-00226','12204','05101','00226','LOTE E- 2',41195959,NULL,'H',41195959,NULL,NULL,500,'R',NULL,'no_agricola','SII_CSV'),
('12204-05101-00228','12204','05101','00228','VILLA OHIGGINS ST T',79959817,426588,'V',NULL,NULL,NULL,1000,'U',NULL,'no_agricola','SII_CSV'),
('12204-05101-00235','12204','05101','00235','D BOSCO VAPOR AMADEOAONIKENSN',154022515,NULL,'S',154022515,NULL,NULL,3712,'R',NULL,'no_agricola','SII_CSV'),
('12204-05101-00236','12204','05101','00236','PUNTA DELGADA',6282729,NULL,'W',6282729,NULL,NULL,6717,'U',NULL,'no_agricola','SII_CSV'),
('12204-05101-00237','12204','05101','00237','PUNTA DELGADA',54047182,NULL,'W',54047182,NULL,NULL,57783,'U',NULL,'no_agricola','SII_CSV'),
('12204-05101-00238','12204','05101','00238','PUNTA DELGADA',9335703,NULL,'W',9335703,NULL,NULL,9981,'U',NULL,'no_agricola','SII_CSV'),
('12204-05101-00239','12204','05101','00239','PUNTA DELGADA',13520447,NULL,'W',13520447,NULL,NULL,14455,'U',NULL,'no_agricola','SII_CSV'),
('12204-05101-00241','12204','05101','00241','PUNTA DELGADA',44236323,NULL,'W',44236323,NULL,NULL,47294,'U',NULL,'no_agricola','SII_CSV'),
('12204-05101-00242','12204','05101','00242','PUNTA DELGADA',66053302,NULL,'W',66053302,NULL,NULL,70619,'U',NULL,'no_agricola','SII_CSV'),
('12204-05101-00243','12204','05101','00243','PUNTA DELGADA',25263735,NULL,'W',25263735,NULL,NULL,27010,'U',NULL,'no_agricola','SII_CSV'),
('12204-05101-00244','12204','05101','00244','PUNTA DELGADA',88359468,NULL,'W',88359468,NULL,NULL,94467,'U',NULL,'no_agricola','SII_CSV'),
('12204-05101-00245','12204','05101','00245','PUNTA DELGADA',62474663,NULL,'W',62474663,NULL,NULL,66793,'U',NULL,'no_agricola','SII_CSV'),
('12204-05101-00247','12204','05101','00247','POSESION',284346,NULL,'W',NULL,NULL,NULL,304,'R',NULL,'no_agricola','SII_CSV'),
('12204-05101-00249','12204','05101','00249','LOTE UNO B RANGE',21849717,116570,'W',NULL,NULL,NULL,29200,'R',NULL,'no_agricola','SII_CSV'),
('12204-05101-00255','12204','05101','00255','RUTA 255 LT 1 H',4676737,24952,'W',NULL,NULL,NULL,5000,'R',NULL,'no_agricola','SII_CSV'),
('12204-05101-00258','12204','05101','00258','PUNTA VALLE BAHIA GREGORIO',59395,NULL,'W',59395,NULL,NULL,87,'R',NULL,'no_agricola','SII_CSV'),
('12204-05101-00263','12204','05101','00263','AV BENJAMIN V DON B AV H D MAGALLAN',84701288,NULL,'W',84701288,NULL,NULL,3762,'R',NULL,'no_agricola','SII_CSV'),
('12204-05101-00264','12204','05101','00264','AV BENJAMIN VIEL DONBOSCO AONIKEN',137668026,NULL,'E',137668026,NULL,NULL,3207,'R',NULL,'no_agricola','SII_CSV'),
('12204-05101-00265','12204','05101','00265','AV BENJAMIN VIEL D BAV H D MAGALLAN',50944472,NULL,'W',50944472,NULL,NULL,2161,'R',NULL,'no_agricola','SII_CSV'),
('12204-05101-00277','12204','05101','00277','PD 1 L',158293428,844498,'W',NULL,NULL,NULL,7200,'R',NULL,'no_agricola','SII_CSV'),
('12204-05101-00287','12204','05101','00287','SAN GREGORIO LT BF 2',17012334,NULL,'H',17012334,NULL,NULL,485,'R',NULL,'no_agricola','SII_CSV'),
('12204-05101-00288','12204','05101','00288','SAN GREGORIO LT BF 3',22077127,NULL,'H',22077127,NULL,NULL,450,'R',NULL,'no_agricola','SII_CSV'),
('12204-05101-00289','12204','05101','00289','SAN GREGORIO LT BF 4',22100967,NULL,'H',22100967,NULL,NULL,451,'R',NULL,'no_agricola','SII_CSV'),
('12204-05101-00292','12204','05101','00292','SAN GREGORIO LT BF 7',21814894,NULL,'H',21814894,NULL,NULL,439,'R',NULL,'no_agricola','SII_CSV'),
('12204-05101-00293','12204','05101','00293','SAN GREGORIO LT BF 8',22053288,NULL,'H',22053288,NULL,NULL,449,'R',NULL,'no_agricola','SII_CSV'),
('12204-05101-00294','12204','05101','00294','SAN GREGORIO LT BF 9',21671858,NULL,'H',21671858,NULL,NULL,433,'R',NULL,'no_agricola','SII_CSV'),
('12204-05101-00295','12204','05101','00295','SAN GREGORIO LT BF 10',18952488,NULL,'H',18952488,NULL,NULL,452,'R',NULL,'no_agricola','SII_CSV'),
('12204-05101-00296','12204','05101','00296','SAN GREGORIO LT BF 11',21552661,NULL,'H',21552661,NULL,NULL,428,'R',NULL,'no_agricola','SII_CSV'),
('12204-05101-00297','12204','05101','00297','SAN GREGORIO LT BF 12',21624179,NULL,'H',21624179,NULL,NULL,431,'R',NULL,'no_agricola','SII_CSV'),
('12204-05101-00299','12204','05101','00299','SAN GREGORIO LT BF 14',21648019,NULL,'H',21648019,NULL,NULL,432,'R',NULL,'no_agricola','SII_CSV'),
('12204-05101-00302','12204','05101','00302','SAN GREGORIO LT BF 17',10036376,53546,'W',NULL,NULL,NULL,421,'R',NULL,'no_agricola','SII_CSV'),
('12204-05101-00309','12204','05101','00309','COMP. F MONTE AYMOND KM 192 TEL 1',280604,NULL,'W',NULL,NULL,NULL,300,'R',NULL,'no_agricola','SII_CSV'),
('12204-05101-70001','12204','05101','70001','BATERIA DUNGENES',21169023,NULL,'V',NULL,NULL,NULL,133,'U','12204-05101-00011','no_agricola','SII_CSV'),
('12204-05101-70002','12204','05101','70002','BATERIA DANIEL ESTE',33743107,NULL,'V',NULL,NULL,NULL,212,'U','12204-05101-00011','no_agricola','SII_CSV'),
('12204-05101-70003','12204','05101','70003','CENTRAL 5 DANIEL ESTE',11141590,NULL,'V',NULL,NULL,NULL,70,'U','12204-05101-00011','no_agricola','SII_CSV'),
('12204-05101-70004','12204','05101','70004','COMPRESORES DANIEL ESTE',72845242,NULL,'V',NULL,NULL,NULL,171,'U','12204-05101-00011','no_agricola','SII_CSV'),
('12204-05101-70005','12204','05101','70005','ESTACION DANIEL FRONTERA',12096586,NULL,'V',NULL,NULL,NULL,76,'U','12204-05101-00011','no_agricola','SII_CSV'),
('12204-05101-70006','12204','05101','70006','COMPRESORES DANIEL CENTRAL',246588422,NULL,'V',NULL,NULL,NULL,818,'U','12204-05101-00011','no_agricola','SII_CSV'),
('12204-05101-70007','12204','05101','70007','BATERIA 1 DANIEL SUR',39798573,NULL,'V',NULL,NULL,NULL,293,'U','12204-05101-00011','no_agricola','SII_CSV'),
('12204-05101-70008','12204','05101','70008','BATERIA 2 DANIEL SUR',20373195,NULL,'V',NULL,NULL,NULL,128,'U','12204-05101-00011','no_agricola','SII_CSV'),
('12204-05101-70009','12204','05101','70009','BATERIA 3 DANIEL SUR',11619088,NULL,'V',NULL,NULL,NULL,73,'U','12204-05101-00011','no_agricola','SII_CSV'),
('12204-05101-70010','12204','05101','70010','BATERIA 4 DANIEL SUR',15120732,NULL,'V',NULL,NULL,NULL,95,'U','12204-05101-00011','no_agricola','SII_CSV'),
('12204-05101-70011','12204','05101','70011','POZO DE AGUA DANIEL SUR',4607037,NULL,'V',NULL,NULL,NULL,25,'U','12204-05101-00011','no_agricola','SII_CSV'),
('12204-05101-70012','12204','05101','70012','BATERIA CANADON',25625662,NULL,'V',NULL,NULL,NULL,161,'U','12204-05101-00011','no_agricola','SII_CSV'),
('12204-05101-70013','12204','05101','70013','D A U 1 POSESION',14675580,NULL,'V',NULL,NULL,NULL,74,'U','12204-05101-00011','no_agricola','SII_CSV'),
('12204-05101-70014','12204','05101','70014','D A U 2 POSESION',10478146,NULL,'V',NULL,NULL,NULL,48,'U','12204-05101-00011','no_agricola','SII_CSV'),
('12204-05101-70015','12204','05101','70015','BATERIA FARO POSESION',6207458,NULL,'V',NULL,NULL,NULL,39,'U','12204-05101-00011','no_agricola','SII_CSV'),
('12204-05101-70016','12204','05101','70016','COMPRESORES POSESION SUR',97864258,NULL,'V',NULL,NULL,NULL,235,'U','12204-05101-00011','no_agricola','SII_CSV'),
('12204-05101-70017','12204','05101','70017','BATERIA RECEPCION POSESION',196285872,NULL,'V',NULL,NULL,NULL,494,'U','12204-05101-00011','no_agricola','SII_CSV'),
('12204-05101-70018','12204','05101','70018','POZO DE AGUA POSESION SUR',5486095,NULL,'V',NULL,NULL,NULL,25,'U','12204-05101-00011','no_agricola','SII_CSV'),
('12204-05101-70019','12204','05101','70019','BATERIA MONTE AYMOND',8754107,NULL,'V',NULL,NULL,NULL,55,'U','12204-05101-00011','no_agricola','SII_CSV'),
('12204-05101-70020','12204','05101','70020','ESTACION DESCARGA DIRECCION',7958278,NULL,'V',NULL,NULL,NULL,50,'U','12204-05101-00011','no_agricola','SII_CSV'),
('12204-05101-70021','12204','05101','70021','BATERIA FARO DELGADA ESTE',6048293,NULL,'V',NULL,NULL,NULL,38,'U','12204-05101-00011','no_agricola','SII_CSV'),
('12204-05101-70022','12204','05101','70022','TERMINAL GREGORIO',133328946,NULL,'V',NULL,NULL,NULL,1178,'U','12204-05101-00002','no_agricola','SII_CSV'),
('12204-05101-70023','12204','05101','70023','PB GREGORIO',152144681,NULL,'V',NULL,NULL,NULL,5402,'U','12204-05101-00002','no_agricola','SII_CSV'),
('12204-05101-70024','12204','05101','70024','CASAS CAPTO GREGORIO',85915635,NULL,'V',NULL,NULL,NULL,2227,'U','12204-05101-00002','no_agricola','SII_CSV'),
('12204-05101-70025','12204','05101','70025','POSTA GREGORIO',14512192,NULL,'V',14512192,NULL,NULL,528,'U','12204-05101-00002','no_agricola','SII_CSV'),
('12204-05101-70026','12204','05101','70026','OF PLANTA TOPPING Y ENTEL',18759928,NULL,'V',NULL,NULL,NULL,136,'U','12204-05101-00002','no_agricola','SII_CSV'),
('12204-05101-70027','12204','05101','70027','EX ADMINISTR SN GREGORIO',122088305,NULL,'V',NULL,NULL,NULL,3794,'U','12204-05101-00002','no_agricola','SII_CSV'),
('12204-05101-70028','12204','05101','70028','EST COMBUSTIBLE Y COMPRESOR GAS',23881258,NULL,'V',NULL,NULL,NULL,147,'U','12204-05101-00002','no_agricola','SII_CSV'),
('12204-05101-70029','12204','05101','70029','CAMINOS CALLES POBL VERED A VERD',323876216,NULL,'W',323876216,NULL,NULL,346263,'R','12204-05101-00002','no_agricola','SII_CSV'),
('12204-05101-70030','12204','05101','70030','PAMPA COIRON',2189017033,NULL,'W',NULL,NULL,NULL,2340325,'R','12204-05101-00002','no_agricola','SII_CSV'),
('12204-05101-70031','12204','05101','70031','PLANTA POSECION',504747403,NULL,'V',NULL,NULL,NULL,30409,'U','12204-05101-00027','no_agricola','SII_CSV'),
('12204-05101-70032','12204','05101','70032','HELIPUERTO POSESION',212824743,NULL,'V',NULL,NULL,NULL,24700,'U','12204-05101-00027','no_agricola','SII_CSV'),
('12204-05101-70033','12204','05101','70033','AREA INDUSTRIAL',567068987,NULL,'V',NULL,NULL,NULL,14040,'U','12204-05101-00027','no_agricola','SII_CSV'),
('12204-05101-70034','12204','05101','70034','AREA INDUSTRIAL 2',377862017,NULL,'V',NULL,NULL,NULL,13312,'U','12204-05101-00027','no_agricola','SII_CSV'),
('12204-05101-70035','12204','05101','70035','AREA INDUSTRIAL 3',212928866,NULL,'V',NULL,NULL,NULL,2869,'U','12204-05101-00027','no_agricola','SII_CSV'),
('12204-05101-70036','12204','05101','70036','AREA INDUSTRIAL 4',82868039,NULL,'V',NULL,NULL,NULL,9591,'U','12204-05101-00027','no_agricola','SII_CSV'),
('12204-05101-70037','12204','05101','70037','POBLACION N 2 POSEC',124643855,NULL,'V',NULL,NULL,NULL,2608,'U','12204-05101-00027','no_agricola','SII_CSV'),
('12204-05101-70038','12204','05101','70038','POBLACION 2 POSECION',108315794,NULL,'V',NULL,NULL,NULL,3024,'U','12204-05101-00027','no_agricola','SII_CSV'),
('12204-05101-70039','12204','05101','70039','POBLACION N 3 POSECION',111396230,NULL,'V',NULL,NULL,NULL,1820,'U','12204-05101-00027','no_agricola','SII_CSV'),
('12204-05101-70040','12204','05101','70040','POBLACION 4',427751563,NULL,'V',NULL,NULL,NULL,4778,'U','12204-05101-00027','no_agricola','SII_CSV'),
('12204-05101-70041','12204','05101','70041','EQUIPAMIENTO COMUNITARIO',868148362,NULL,'V',868148362,NULL,NULL,2517,'U','12204-05101-00027','no_agricola','SII_CSV'),
('12204-05101-70042','12204','05101','70042','EQUIPAMIENTO COMUNITARIO',350154429,NULL,'V',350154429,NULL,NULL,1459,'U','12204-05101-00027','no_agricola','SII_CSV'),
('12204-05101-70043','12204','05101','70043','CASAS CAMPAMENTO POSES',33308853,NULL,'V',NULL,NULL,NULL,203,'U','12204-05101-00027','no_agricola','SII_CSV'),
('12204-05101-70044','12204','05101','70044','POBLACION POSESION',46266240,NULL,'V',NULL,NULL,NULL,724,'U','12204-05101-00027','no_agricola','SII_CSV'),
('12204-05101-70045','12204','05101','70045','AERODROMO POSESION',3154760,NULL,'V',NULL,NULL,NULL,36,'U','12204-05101-00027','no_agricola','SII_CSV'),
('12204-05101-70046','12204','05101','70046','CAMIN PUBL VEREDAS AR VER',173509026,NULL,'V',173509026,NULL,NULL,150533,'R','12204-05101-00027','no_agricola','SII_CSV'),
('12204-05101-70047','12204','05101','70047','RESTO SUPERFICIE',686639502,NULL,'W',NULL,NULL,NULL,734101,'R','12204-05101-00027','no_agricola','SII_CSV'),
('12204-05106-00001','12204','05106','00001','GALLEGO CHICO',9353475,NULL,'W',9353475,NULL,NULL,10000,'R',NULL,'no_agricola','SII_CSV'),
('12204-05106-00080','12204','05106','00080','GOB PHILLIPI RE 3',59625387,NULL,'Z',59625387,NULL,NULL,2000,'R',NULL,'no_agricola','SII_CSV'),
('12204-05106-00091','12204','05106','00091','CONC MART D S 27/2009 MODIF D.S 142/2001',4001416,21348,'V',NULL,NULL,NULL,4278,'R',NULL,'no_agricola','SII_CSV'),
('12204-05106-00095','12204','05106','00095','SECTOR TERMINAL GREGORIO CCMM',3741390,19962,'V',NULL,NULL,NULL,4000,'R',NULL,'no_agricola','SII_CSV')
ON CONFLICT (rol) DO UPDATE SET
  avaluo_total_vigente = EXCLUDED.avaluo_total_vigente,
  contribucion_semestre = EXCLUDED.contribucion_semestre,
  destino_sii          = EXCLUDED.destino_sii,
  avaluo_total_exento  = EXCLUDED.avaluo_total_exento,
  sup_terreno_m2       = EXCLUDED.sup_terreno_m2,
  cod_ubicacion        = EXCLUDED.cod_ubicacion,
  fuente_datos         = 'SII_CSV',
  fecha_actualizacion  = now();

-- ─────────────────────────────────────────────────
-- NL: BRTMPCATASNL_2025_2_12204  |  CÓDIGO 12204
-- 456 filas
-- ─────────────────────────────────────────────────
INSERT INTO catastro.construcciones (
  rol, numero_construccion, material_codigo,
  calidad_codigo, anio_construccion,
  sup_total_m2, destino_construccion, condicion_especial,
  numero_pisos, fuente_datos
) VALUES
('12204-05101-00008',1,'GA',2,1960,49,'I',NULL,1,'SII_CSV'),
('12204-05101-00008',2,'GA',2,1960,105,'I',NULL,1,'SII_CSV'),
('12204-05101-00008',3,'GA',2,1960,44,'I',NULL,1,'SII_CSV'),
('12204-05101-00008',4,'GA',2,1960,38,'I',NULL,1,'SII_CSV'),
('12204-05101-00008',5,'GA',2,1960,39,'I',NULL,1,'SII_CSV'),
('12204-05101-00008',6,'GA',2,1960,61,'I',NULL,1,'SII_CSV'),
('12204-05101-00009',1,'GE',2,1960,35,'I',NULL,1,'SII_CSV'),
('12204-05101-00009',2,'GA',1,1958,218,'H',NULL,1,'SII_CSV'),
('12204-05101-00009',3,'GE',1,1983,104,'H',NULL,1,'SII_CSV'),
('12204-05101-00009',4,'GE',3,1958,64,'I',NULL,1,'SII_CSV'),
('12204-05101-00009',5,'GE',2,1958,13,'I',NULL,1,'SII_CSV'),
('12204-05101-00009',6,'GE',2,1958,64,'D',NULL,1,'SII_CSV'),
('12204-05101-00009',7,'GE',3,1958,27,'I',NULL,1,'SII_CSV'),
('12204-05101-00009',8,'GE',2,1960,13,'Z',NULL,1,'SII_CSV'),
('12204-05101-00023',1,'C',3,1960,650,'C',NULL,2,'SII_CSV'),
('12204-05101-00023',2,'E',4,1960,67,'V',NULL,1,'SII_CSV'),
('12204-05101-00025',1,'E',3,2011,446,'C',NULL,1,'SII_CSV'),
('12204-05101-00025',2,'E',4,2011,22,'G',NULL,1,'SII_CSV'),
('12204-05101-00025',3,'E',4,2011,22,'G',NULL,1,'SII_CSV'),
('12204-05101-00025',4,'E',4,2011,22,'G',NULL,1,'SII_CSV'),
('12204-05101-00025',5,'E',4,2011,22,'G',NULL,1,'SII_CSV'),
('12204-05101-00025',6,'E',5,2011,115,'L',NULL,1,'SII_CSV'),
('12204-05101-00031',1,'E',3,1971,90,'G',NULL,1,'SII_CSV'),
('12204-05101-00034',1,'E',4,1974,2,'T',NULL,1,'SII_CSV'),
('12204-05101-00059',1,'E',3,1937,145,'E',NULL,1,'SII_CSV'),
('12204-05101-00061',1,'E',4,1928,180,'H',NULL,1,'SII_CSV'),
('12204-05101-00062',1,'E',4,1970,80,'H',NULL,1,'SII_CSV'),
('12204-05101-00063',1,'E',4,1970,80,'H',NULL,1,'SII_CSV'),
('12204-05101-00064',1,'E',4,1972,80,'H',NULL,1,'SII_CSV'),
('12204-05101-00065',1,'E',4,1972,97,'H',NULL,1,'SII_CSV'),
('12204-05101-00066',1,'E',4,1970,80,'H',NULL,1,'SII_CSV'),
('12204-05101-00067',1,'E',4,1970,80,'H',NULL,1,'SII_CSV'),
('12204-05101-00068',1,'E',4,1970,80,'H',NULL,1,'SII_CSV'),
('12204-05101-00069',1,'E',4,1970,80,'H',NULL,1,'SII_CSV'),
('12204-05101-00070',1,'E',4,1970,80,'H',NULL,1,'SII_CSV'),
('12204-05101-00071',1,'E',4,1970,80,'H',NULL,1,'SII_CSV'),
('12204-05101-00072',1,'E',4,1970,80,'H',NULL,1,'SII_CSV'),
('12204-05101-00076',1,'E',4,1970,80,'H',NULL,1,'SII_CSV'),
('12204-05101-00077',1,'E',4,1970,80,'H',NULL,1,'SII_CSV'),
('12204-05101-00078',1,'E',4,1970,80,'H',NULL,1,'SII_CSV'),
('12204-05101-00079',1,'E',4,1970,80,'H',NULL,1,'SII_CSV'),
('12204-05101-00080',1,'E',4,1970,80,'H',NULL,1,'SII_CSV'),
('12204-05101-00081',1,'E',4,1970,80,'H',NULL,1,'SII_CSV'),
('12204-05101-00082',1,'E',4,1970,80,'H',NULL,1,'SII_CSV'),
('12204-05101-00083',1,'E',4,1970,80,'H',NULL,1,'SII_CSV'),
('12204-05101-00085',1,'E',4,1970,80,'H',NULL,1,'SII_CSV'),
('12204-05101-00086',1,'E',4,1970,80,'H',NULL,1,'SII_CSV'),
('12204-05101-00089',1,'E',4,1970,80,'H',NULL,1,'SII_CSV'),
('12204-05101-00090',1,'E',4,1970,80,'H',NULL,1,'SII_CSV'),
('12204-05101-00091',1,'E',4,1970,80,'H',NULL,1,'SII_CSV'),
('12204-05101-00092',1,'E',4,1970,80,'H',NULL,1,'SII_CSV'),
('12204-05101-00093',1,'E',4,1970,80,'H',NULL,1,'SII_CSV'),
('12204-05101-00094',1,'E',4,1970,80,'H',NULL,1,'SII_CSV'),
('12204-05101-00095',1,'E',4,1970,80,'H',NULL,1,'SII_CSV'),
('12204-05101-00096',1,'E',4,1970,80,'H',NULL,1,'SII_CSV'),
('12204-05101-00097',1,'E',4,1970,80,'H',NULL,1,'SII_CSV'),
('12204-05101-00098',1,'E',4,1970,80,'H',NULL,1,'SII_CSV'),
('12204-05101-00099',1,'E',4,1970,80,'H',NULL,1,'SII_CSV'),
('12204-05101-00101',1,'E',4,1970,80,'H',NULL,1,'SII_CSV'),
('12204-05101-00102',1,'E',4,1970,80,'H',NULL,1,'SII_CSV'),
('12204-05101-00103',1,'E',4,1970,80,'H',NULL,1,'SII_CSV'),
('12204-05101-00104',1,'E',4,1970,80,'H',NULL,1,'SII_CSV'),
('12204-05101-00105',1,'E',4,1970,80,'H',NULL,1,'SII_CSV'),
('12204-05101-00106',1,'E',4,1970,80,'H',NULL,1,'SII_CSV'),
('12204-05101-00109',1,'E',4,1970,80,'H',NULL,1,'SII_CSV'),
('12204-05101-00110',1,'E',4,1970,80,'H',NULL,1,'SII_CSV'),
('12204-05101-00111',1,'E',4,1970,80,'H',NULL,1,'SII_CSV'),
('12204-05101-00112',1,'E',4,1970,80,'H',NULL,1,'SII_CSV'),
('12204-05101-00113',1,'E',4,1970,70,'H',NULL,1,'SII_CSV'),
('12204-05101-00114',1,'E',4,1970,70,'H',NULL,1,'SII_CSV'),
('12204-05101-00115',1,'E',4,1970,70,'H',NULL,1,'SII_CSV'),
('12204-05101-00116',1,'E',4,1968,110,'H',NULL,1,'SII_CSV'),
('12204-05101-00117',1,'E',4,1970,70,'H',NULL,1,'SII_CSV'),
('12204-05101-00118',1,'E',4,1970,70,'H',NULL,1,'SII_CSV'),
('12204-05101-00119',1,'E',4,1970,70,'H',NULL,1,'SII_CSV'),
('12204-05101-00120',1,'E',4,1928,180,'H',NULL,1,'SII_CSV'),
('12204-05101-00121',1,'E',4,1928,180,'H',NULL,1,'SII_CSV'),
('12204-05101-00124',1,'E',4,1970,80,'H',NULL,1,'SII_CSV'),
('12204-05101-00126',1,'E',4,1970,96,'H',NULL,1,'SII_CSV'),
('12204-05101-00127',1,'E',4,1970,80,'H',NULL,1,'SII_CSV'),
('12204-05101-00128',1,'E',4,1970,70,'H',NULL,1,'SII_CSV'),
('12204-05101-00128',2,'E',4,2006,22,'C',NULL,1,'SII_CSV'),
('12204-05101-00129',1,'E',4,1970,80,'H',NULL,1,'SII_CSV'),
('12204-05101-00130',1,'E',4,1970,80,'H',NULL,1,'SII_CSV'),
('12204-05101-00131',1,'E',4,1970,80,'H',NULL,1,'SII_CSV'),
('12204-05101-00132',1,'E',4,1943,75,'H',NULL,1,'SII_CSV'),
('12204-05101-00133',1,'E',4,1970,80,'H',NULL,1,'SII_CSV'),
('12204-05101-00134',1,'E',4,1970,80,'H',NULL,1,'SII_CSV'),
('12204-05101-00135',1,'E',4,1970,80,'H',NULL,1,'SII_CSV'),
('12204-05101-00136',1,'E',4,1970,80,'H',NULL,1,'SII_CSV'),
('12204-05101-00138',1,'E',4,1970,80,'H',NULL,1,'SII_CSV'),
('12204-05101-00139',1,'E',4,1970,80,'H',NULL,1,'SII_CSV'),
('12204-05101-00140',1,'E',4,1943,75,'H',NULL,1,'SII_CSV'),
('12204-05101-00141',1,'E',4,1970,80,'H',NULL,1,'SII_CSV'),
('12204-05101-00142',1,'E',4,1970,80,'H',NULL,1,'SII_CSV'),
('12204-05101-00143',1,'E',4,1943,75,'H',NULL,1,'SII_CSV'),
('12204-05101-00144',1,'E',4,1970,80,'H',NULL,1,'SII_CSV'),
('12204-05101-00145',1,'E',4,1970,80,'H',NULL,1,'SII_CSV'),
('12204-05101-00146',1,'E',4,1970,80,'H',NULL,1,'SII_CSV'),
('12204-05101-00147',1,'E',4,1970,80,'H',NULL,1,'SII_CSV'),
('12204-05101-00148',1,'E',4,1970,80,'H',NULL,1,'SII_CSV'),
('12204-05101-00149',1,'E',4,1966,76,'H',NULL,1,'SII_CSV'),
('12204-05101-00149',2,'E',4,2006,66,'C',NULL,1,'SII_CSV'),
('12204-05101-00149',3,'E',4,2006,39,'H',NULL,2,'SII_CSV'),
('12204-05101-00150',1,'E',4,1970,80,'H',NULL,1,'SII_CSV'),
('12204-05101-00151',1,'E',4,1943,75,'H',NULL,1,'SII_CSV'),
('12204-05101-00152',1,'E',4,1970,80,'H',NULL,1,'SII_CSV'),
('12204-05101-00153',1,'E',4,1970,80,'H',NULL,1,'SII_CSV'),
('12204-05101-00154',1,'E',4,1970,80,'H',NULL,1,'SII_CSV'),
('12204-05101-00155',1,'E',4,1970,80,'H',NULL,1,'SII_CSV'),
('12204-05101-00155',2,'E',4,2007,61,'H','MS',1,'SII_CSV'),
('12204-05101-00155',3,'C',4,2007,228,'G',NULL,1,'SII_CSV'),
('12204-05101-00161',1,'E',4,1970,80,'H',NULL,1,'SII_CSV'),
('12204-05101-00162',1,'E',4,1972,72,'H',NULL,1,'SII_CSV'),
('12204-05101-00163',1,'E',4,1970,80,'H',NULL,1,'SII_CSV'),
('12204-05101-00164',1,'E',4,1970,72,'H',NULL,1,'SII_CSV'),
('12204-05101-00165',1,'E',4,1970,59,'H',NULL,1,'SII_CSV'),
('12204-05101-00165',2,'E',4,1970,20,'C',NULL,1,'SII_CSV'),
('12204-05101-00165',3,'E',4,1970,47,'H','MS',1,'SII_CSV'),
('12204-05101-00166',1,'E',4,1965,86,'H',NULL,1,'SII_CSV'),
('12204-05101-00167',1,'E',4,1970,72,'H',NULL,1,'SII_CSV'),
('12204-05101-00168',1,'E',4,1970,72,'H',NULL,1,'SII_CSV'),
('12204-05101-00169',1,'E',4,1970,72,'H',NULL,1,'SII_CSV'),
('12204-05101-00172',1,'E',4,1970,72,'H',NULL,1,'SII_CSV'),
('12204-05101-00173',1,'E',4,1970,72,'H',NULL,1,'SII_CSV'),
('12204-05101-00174',1,'E',4,1970,72,'H',NULL,1,'SII_CSV'),
('12204-05101-00175',1,'E',4,1970,74,'H',NULL,1,'SII_CSV'),
('12204-05101-00175',2,'E',4,1970,51,'H','MS',1,'SII_CSV'),
('12204-05101-00176',1,'E',4,1970,72,'H',NULL,1,'SII_CSV'),
('12204-05101-00177',1,'E',4,1970,80,'H',NULL,1,'SII_CSV'),
('12204-05101-00178',1,'E',3,1970,80,'V',NULL,1,'SII_CSV'),
('12204-05101-00179',1,'E',4,1991,33,'V',NULL,1,'SII_CSV'),
('12204-05101-00180',1,'E',4,1975,70,'H',NULL,1,'SII_CSV'),
('12204-05101-00180',2,'E',4,1975,148,'G',NULL,1,'SII_CSV'),
('12204-05101-00180',3,'E',4,2007,39,'G',NULL,1,'SII_CSV'),
('12204-05101-00181',1,'E',4,1970,80,'H',NULL,1,'SII_CSV'),
('12204-05101-00182',1,'E',4,1969,72,'H',NULL,1,'SII_CSV'),
('12204-05101-00183',1,'E',4,1970,99,'H',NULL,1,'SII_CSV'),
('12204-05101-00183',2,'GE',2,1980,18,'Z',NULL,1,'SII_CSV'),
('12204-05101-00183',3,'E',5,1975,24,'L',NULL,1,'SII_CSV'),
('12204-05101-00184',1,'K',3,2016,300,'L',NULL,1,'SII_CSV'),
('12204-05101-00185',1,'E',4,1970,72,'H',NULL,1,'SII_CSV'),
('12204-05101-00190',1,'C',3,1981,372,'P',NULL,0,'SII_CSV'),
('12204-05101-00190',2,'C',4,1981,175,'V',NULL,0,'SII_CSV'),
('12204-05101-00191',1,'C',3,1901,420,'P',NULL,0,'SII_CSV'),
('12204-05101-00193',1,'E',4,1970,68,'H',NULL,1,'SII_CSV'),
('12204-05101-00194',1,'E',4,1970,80,'H',NULL,1,'SII_CSV'),
('12204-05101-00203',1,'E',4,1970,80,'H',NULL,1,'SII_CSV'),
('12204-05101-00204',1,'E',4,1980,77,'P',NULL,1,'SII_CSV'),
('12204-05101-00204',2,'E',3,1980,138,'P',NULL,1,'SII_CSV'),
('12204-05101-00204',3,'C',3,2003,107,'P',NULL,1,'SII_CSV'),
('12204-05101-00204',4,'E',3,2000,113,'P',NULL,1,'SII_CSV'),
('12204-05101-00204',5,'C',3,1980,520,'P',NULL,1,'SII_CSV'),
('12204-05101-00204',6,'E',5,1980,26,'P',NULL,1,'SII_CSV'),
('12204-05101-00204',7,'E',5,1980,27,'P',NULL,1,'SII_CSV'),
('12204-05101-00204',8,'E',4,1980,265,'P',NULL,1,'SII_CSV'),
('12204-05101-00205',1,'E',4,1970,80,'H',NULL,1,'SII_CSV'),
('12204-05101-00207',1,'E',4,1970,80,'H',NULL,1,'SII_CSV'),
('12204-05101-00220',1,'E',4,1970,135,'H',NULL,1,'SII_CSV'),
('12204-05101-00225',1,'GA',2,2011,562,'L',NULL,1,'SII_CSV'),
('12204-05101-00225',2,'C',2,2011,71,'L',NULL,1,'SII_CSV'),
('12204-05101-00225',3,'G',2,2011,26,'L',NULL,1,'SII_CSV'),
('12204-05101-00225',4,'EA',0,2011,5,'M',NULL,0,'SII_CSV'),
('12204-05101-00225',5,'B',3,2014,62,'V',NULL,1,'SII_CSV'),
('12204-05101-00225',6,'E',3,2014,1154,'H',NULL,1,'SII_CSV'),
('12204-05101-00226',1,'E',3,2013,82,'H',NULL,1,'SII_CSV'),
('12204-05101-00228',1,'GA',3,2013,174,'V',NULL,1,'SII_CSV'),
('12204-05101-00228',2,'E',3,2013,93,'V',NULL,1,'SII_CSV'),
('12204-05101-00235',1,'G',3,2012,166,'S',NULL,1,'SII_CSV'),
('12204-05101-00235',2,'E',4,2012,44,'S',NULL,1,'SII_CSV'),
('12204-05101-00264',1,'E',3,1922,562,'E',NULL,1,'SII_CSV'),
('12204-05101-00264',2,'GE',2,1922,66,'Z',NULL,1,'SII_CSV'),
('12204-05101-00264',3,'GE',1,1927,65,'Z',NULL,1,'SII_CSV'),
('12204-05101-00264',4,'E',4,1973,216,'H',NULL,1,'SII_CSV'),
('12204-05101-00287',1,'E',4,1982,72,'H',NULL,1,'SII_CSV'),
('12204-05101-00288',1,'E',3,1982,72,'H',NULL,1,'SII_CSV'),
('12204-05101-00289',1,'E',3,1982,72,'H',NULL,1,'SII_CSV'),
('12204-05101-00292',1,'E',3,1982,72,'H',NULL,1,'SII_CSV'),
('12204-05101-00293',1,'E',3,1982,72,'H',NULL,1,'SII_CSV'),
('12204-05101-00294',1,'E',3,1982,72,'H',NULL,1,'SII_CSV'),
('12204-05101-00295',1,'E',3,1983,50,'H',NULL,1,'SII_CSV'),
('12204-05101-00296',1,'E',3,1982,72,'H',NULL,1,'SII_CSV'),
('12204-05101-00297',1,'E',3,1982,72,'H',NULL,1,'SII_CSV'),
('12204-05101-00299',1,'E',3,1982,72,'H',NULL,1,'SII_CSV'),
('12204-05101-70001',1,'GA',2,1960,44,'I',NULL,1,'SII_CSV'),
('12204-05101-70001',2,'GA',2,1960,39,'I',NULL,1,'SII_CSV'),
('12204-05101-70001',3,'GA',2,1960,50,'I',NULL,1,'SII_CSV'),
('12204-05101-70002',1,'GA',2,1960,47,'I',NULL,1,'SII_CSV'),
('12204-05101-70002',2,'GA',2,1960,25,'I',NULL,1,'SII_CSV'),
('12204-05101-70002',3,'GA',2,1960,92,'I',NULL,1,'SII_CSV'),
('12204-05101-70002',4,'GA',2,1960,48,'I',NULL,1,'SII_CSV'),
('12204-05101-70003',1,'GA',2,1960,28,'I',NULL,1,'SII_CSV'),
('12204-05101-70003',2,'GA',2,1960,42,'I',NULL,1,'SII_CSV'),
('12204-05101-70004',1,'GA',1,1986,171,'I',NULL,1,'SII_CSV'),
('12204-05101-70005',1,'GA',2,1960,76,'I',NULL,1,'SII_CSV'),
('12204-05101-70006',1,'GA',1,1960,188,'I',NULL,1,'SII_CSV'),
('12204-05101-70006',2,'GA',1,1960,511,'I',NULL,1,'SII_CSV'),
('12204-05101-70006',3,'GA',1,1960,118,'I',NULL,1,'SII_CSV'),
('12204-05101-70007',1,'GA',2,1960,44,'I',NULL,1,'SII_CSV'),
('12204-05101-70007',2,'GA',2,1960,38,'I',NULL,1,'SII_CSV'),
('12204-05101-70007',3,'GE',2,1960,16,'I',NULL,1,'SII_CSV'),
('12204-05101-70007',4,'GA',2,1960,38,'I',NULL,1,'SII_CSV'),
('12204-05101-70007',5,'GA',2,1960,38,'I',NULL,1,'SII_CSV'),
('12204-05101-70007',6,'GE',2,1960,45,'I',NULL,1,'SII_CSV'),
('12204-05101-70007',7,'GA',2,1960,25,'I',NULL,1,'SII_CSV'),
('12204-05101-70007',8,'GE',2,1960,5,'V',NULL,1,'SII_CSV'),
('12204-05101-70007',9,'GA',2,1960,44,'I',NULL,1,'SII_CSV'),
('12204-05101-70008',1,'GA',2,1960,25,'I',NULL,1,'SII_CSV'),
('12204-05101-70008',2,'GA',2,1960,25,'I',NULL,1,'SII_CSV'),
('12204-05101-70008',3,'GA',2,1960,40,'I',NULL,1,'SII_CSV'),
('12204-05101-70008',4,'GA',2,1960,38,'I',NULL,1,'SII_CSV'),
('12204-05101-70009',1,'GA',2,1960,48,'I',NULL,1,'SII_CSV'),
('12204-05101-70009',2,'GA',2,1960,25,'I',NULL,1,'SII_CSV'),
('12204-05101-70010',1,'GA',2,1960,50,'I',NULL,1,'SII_CSV'),
('12204-05101-70010',2,'GA',2,1960,45,'I',NULL,1,'SII_CSV'),
('12204-05101-70011',1,'GA',2,1970,25,'I',NULL,1,'SII_CSV'),
('12204-05101-70012',1,'GA',2,1960,100,'I',NULL,1,'SII_CSV'),
('12204-05101-70012',2,'GA',2,1960,61,'I',NULL,1,'SII_CSV'),
('12204-05101-70013',1,'C',3,1960,49,'I',NULL,1,'SII_CSV'),
('12204-05101-70013',2,'GA',2,1960,25,'I',NULL,1,'SII_CSV'),
('12204-05101-70014',1,'C',3,1960,48,'I',NULL,1,'SII_CSV'),
('12204-05101-70015',1,'GA',2,1960,39,'I',NULL,1,'SII_CSV'),
('12204-05101-70016',1,'GA',1,1984,235,'I',NULL,1,'SII_CSV'),
('12204-05101-70017',1,'GA',1,1980,234,'I',NULL,1,'SII_CSV'),
('12204-05101-70017',2,'GA',1,1980,234,'I',NULL,1,'SII_CSV'),
('12204-05101-70017',3,'GA',1,1980,26,'I',NULL,1,'SII_CSV'),
('12204-05101-70018',1,'GA',2,1984,25,'I',NULL,1,'SII_CSV'),
('12204-05101-70019',1,'GA',2,1960,28,'I',NULL,1,'SII_CSV'),
('12204-05101-70019',2,'GA',2,1960,27,'I',NULL,1,'SII_CSV'),
('12204-05101-70020',1,'GA',2,1960,25,'I',NULL,1,'SII_CSV'),
('12204-05101-70020',2,'GA',2,1960,25,'I',NULL,1,'SII_CSV'),
('12204-05101-70021',1,'GA',2,1960,38,'I',NULL,1,'SII_CSV'),
('12204-05101-70022',1,'GA',2,1960,38,'I',NULL,1,'SII_CSV'),
('12204-05101-70022',2,'GA',2,1960,6,'I',NULL,1,'SII_CSV'),
('12204-05101-70022',3,'GA',2,1960,56,'I',NULL,1,'SII_CSV'),
('12204-05101-70022',4,'C',3,1960,68,'O',NULL,1,'SII_CSV'),
('12204-05101-70022',5,'GA',2,1960,35,'I',NULL,1,'SII_CSV'),
('12204-05101-70022',6,'GA',2,1960,76,'I',NULL,1,'SII_CSV'),
('12204-05101-70022',7,'E',3,1984,22,'O',NULL,1,'SII_CSV'),
('12204-05101-70022',8,'GA',2,1965,70,'I',NULL,1,'SII_CSV'),
('12204-05101-70022',9,'GA',2,1965,39,'I',NULL,1,'SII_CSV'),
('12204-05101-70022',10,'G',3,1960,56,'I',NULL,1,'SII_CSV'),
('12204-05101-70022',11,'GB',2,1960,175,'L',NULL,1,'SII_CSV'),
('12204-05101-70022',12,'E',3,1986,8,'V',NULL,1,'SII_CSV'),
('12204-05101-70022',13,'E',2,1960,68,'I',NULL,1,'SII_CSV'),
('12204-05101-70022',14,'GA',2,1960,44,'I',NULL,1,'SII_CSV'),
('12204-05101-70022',15,'EB',0,1920,216,NULL,NULL,0,'SII_CSV'),
('12204-05101-70022',16,'GA',2,1960,4,'I',NULL,1,'SII_CSV'),
('12204-05101-70023',1,'E',3,1961,92,'H',NULL,1,'SII_CSV'),
('12204-05101-70023',2,'E',3,1961,92,'H',NULL,1,'SII_CSV'),
('12204-05101-70023',3,'E',3,1961,92,'H',NULL,1,'SII_CSV'),
('12204-05101-70023',4,'E',3,1961,92,'H',NULL,1,'SII_CSV'),
('12204-05101-70023',5,'E',3,1961,92,'H',NULL,1,'SII_CSV'),
('12204-05101-70023',6,'E',3,1961,92,'H',NULL,1,'SII_CSV'),
('12204-05101-70023',7,'E',3,1961,123,'H',NULL,1,'SII_CSV'),
('12204-05101-70023',8,'GE',2,1961,23,'Z',NULL,1,'SII_CSV'),
('12204-05101-70023',9,'E',3,1983,123,'H',NULL,1,'SII_CSV'),
('12204-05101-70023',10,'E',3,1983,103,'H',NULL,1,'SII_CSV'),
('12204-05101-70023',11,'E',3,1983,98,'H',NULL,1,'SII_CSV'),
('12204-05101-70023',12,'E',3,1983,103,'H',NULL,1,'SII_CSV'),
('12204-05101-70023',13,'E',3,1983,98,'H',NULL,1,'SII_CSV'),
('12204-05101-70023',14,'GE',2,1960,124,'Z',NULL,1,'SII_CSV'),
('12204-05101-70024',1,'E',3,1920,581,'H',NULL,1,'SII_CSV'),
('12204-05101-70024',2,'E',3,1920,172,'D',NULL,1,'SII_CSV'),
('12204-05101-70024',3,'E',3,1960,197,'H',NULL,1,'SII_CSV'),
('12204-05101-70024',4,'GE',2,1920,125,'I',NULL,1,'SII_CSV'),
('12204-05101-70024',5,'E',3,1960,7,'O',NULL,1,'SII_CSV'),
('12204-05101-70024',6,'E',3,1960,20,'C',NULL,1,'SII_CSV'),
('12204-05101-70025',1,'E',3,1986,60,'S',NULL,1,'SII_CSV'),
('12204-05101-70025',2,'GE',2,1986,25,'Z',NULL,1,'SII_CSV'),
('12204-05101-70026',1,'E',3,1980,90,'O',NULL,1,'SII_CSV'),
('12204-05101-70026',2,'GB',3,1970,46,'I',NULL,1,'SII_CSV'),
('12204-05101-70027',1,'B',2,1950,356,'H',NULL,2,'SII_CSV'),
('12204-05101-70027',2,'GE',2,1950,45,'Z',NULL,1,'SII_CSV'),
('12204-05101-70027',3,'GE',2,1950,27,'V',NULL,1,'SII_CSV'),
('12204-05101-70027',4,'E',4,1950,44,'H',NULL,1,'SII_CSV'),
('12204-05101-70028',1,'GA',3,1985,70,'V',NULL,1,'SII_CSV'),
('12204-05101-70028',2,'C',3,1985,6,'O',NULL,1,'SII_CSV'),
('12204-05101-70028',3,'GA',2,1976,77,'I',NULL,1,'SII_CSV'),
('12204-05101-70031',1,'GB',2,1969,410,'I',NULL,1,'SII_CSV'),
('12204-05101-70031',2,'B',3,1969,123,'I',NULL,1,'SII_CSV'),
('12204-05101-70031',3,'GA',2,1969,112,'I',NULL,0,'SII_CSV'),
('12204-05101-70031',4,'GA',2,1982,51,'I',NULL,0,'SII_CSV'),
('12204-05101-70031',5,'GA',2,1969,233,'I',NULL,0,'SII_CSV'),
('12204-05101-70031',6,'GA',2,1969,483,'I',NULL,0,'SII_CSV'),
('12204-05101-70031',7,'GA',2,1969,55,'I',NULL,0,'SII_CSV'),
('12204-05101-70031',8,'GE',2,1969,7,'I',NULL,0,'SII_CSV'),
('12204-05101-70031',9,'GA',2,1969,74,'L',NULL,1,'SII_CSV'),
('12204-05101-70031',10,'GE',2,1969,40,'L',NULL,1,'SII_CSV'),
('12204-05101-70031',11,'GA',2,1969,27,'I',NULL,1,'SII_CSV'),
('12204-05101-70031',12,'C',3,1969,255,'O',NULL,1,'SII_CSV'),
('12204-05101-70031',13,'GA',2,1975,99,'I',NULL,1,'SII_CSV'),
('12204-05101-70031',14,'GE',2,1975,3,'I',NULL,1,'SII_CSV'),
('12204-05101-70031',15,'GA',2,1980,176,'I',NULL,1,'SII_CSV'),
('12204-05101-70031',16,'GA',2,1980,84,'I',NULL,1,'SII_CSV'),
('12204-05101-70031',17,'GE',2,1980,117,'L',NULL,1,'SII_CSV'),
('12204-05101-70031',18,'GE',2,1980,75,'O',NULL,1,'SII_CSV'),
('12204-05101-70031',19,'E',4,1980,36,'L','CI',0,'SII_CSV'),
('12204-05101-70031',20,'GE',2,1960,5,'I',NULL,0,'SII_CSV'),
('12204-05101-70032',1,'GA',1,1983,207,'I',NULL,1,'SII_CSV'),
('12204-05101-70032',2,'E',4,1983,24,'O','CI',1,'SII_CSV'),
('12204-05101-70032',3,'GA',3,1983,116,'L',NULL,1,'SII_CSV'),
('12204-05101-70032',4,'GA',2,1983,37,'T',NULL,1,'SII_CSV'),
('12204-05101-70032',5,'E',3,1980,60,'O',NULL,1,'SII_CSV'),
('12204-05101-70032',6,'GA',1,1980,169,'I',NULL,1,'SII_CSV'),
('12204-05101-70032',7,'E',3,1980,60,'O','CI',1,'SII_CSV'),
('12204-05101-70032',8,'GE',2,1983,15,'I',NULL,1,'SII_CSV'),
('12204-05101-70033',1,'GA',2,1985,321,'I',NULL,1,'SII_CSV'),
('12204-05101-70033',2,'E',3,1985,44,'O','CI',2,'SII_CSV'),
('12204-05101-70033',3,'GA',1,1979,386,'I',NULL,1,'SII_CSV'),
('12204-05101-70033',4,'C',3,1979,66,'O',NULL,1,'SII_CSV'),
('12204-05101-70033',5,'C',3,1979,67,'I',NULL,1,'SII_CSV'),
('12204-05101-70033',6,'G',4,1979,9,'I','CI',1,'SII_CSV'),
('12204-05101-70033',7,'G',4,1979,29,'L','CI',1,'SII_CSV'),
('12204-05101-70033',8,'GC',2,1979,130,'I',NULL,1,'SII_CSV'),
('12204-05101-70033',9,'C',3,1979,33,'V','CI',1,'SII_CSV'),
('12204-05101-70033',10,'GA',2,1982,88,'L',NULL,1,'SII_CSV'),
('12204-05101-70033',11,'C',3,1985,3,'O',NULL,1,'SII_CSV'),
('12204-05101-70033',12,'GA',3,1985,68,'I',NULL,1,'SII_CSV'),
('12204-05101-70033',13,'E',3,1986,4,'I',NULL,1,'SII_CSV'),
('12204-05101-70033',14,'GA',2,1981,220,'I',NULL,1,'SII_CSV'),
('12204-05101-70033',15,'E',3,1981,60,'O',NULL,1,'SII_CSV'),
('12204-05101-70033',16,'GA',1,1979,384,'I',NULL,1,'SII_CSV'),
('12204-05101-70033',17,'E',3,1979,90,'O',NULL,1,'SII_CSV'),
('12204-05101-70033',18,'E',3,1979,68,'O','CI',2,'SII_CSV'),
('12204-05101-70034',1,'GA',2,1965,80,'I',NULL,1,'SII_CSV'),
('12204-05101-70034',2,'GA',2,1974,1229,'L',NULL,1,'SII_CSV'),
('12204-05101-70034',3,'E',3,1974,25,'O','CI',1,'SII_CSV'),
('12204-05101-70034',4,'E',3,1965,68,'C',NULL,1,'SII_CSV'),
('12204-05101-70034',5,'GE',2,1965,25,'L',NULL,1,'SII_CSV'),
('12204-05101-70034',6,'GA',2,1960,306,'I',NULL,1,'SII_CSV'),
('12204-05101-70034',7,'E',3,1985,114,'O','CI',1,'SII_CSV'),
('12204-05101-70034',8,'GE',2,1960,498,'I',NULL,1,'SII_CSV'),
('12204-05101-70034',9,'E',3,1965,54,'O','CI',1,'SII_CSV'),
('12204-05101-70034',10,'E',3,1965,15,'L','CI',1,'SII_CSV'),
('12204-05101-70034',11,'E',3,1965,11,'O','CI',1,'SII_CSV'),
('12204-05101-70034',12,'GE',2,1965,92,'I',NULL,1,'SII_CSV'),
('12204-05101-70034',13,'GE',2,1965,63,'O',NULL,1,'SII_CSV'),
('12204-05101-70035',1,'GA',2,1960,314,'I',NULL,1,'SII_CSV'),
('12204-05101-70035',2,'E',3,1965,32,'L',NULL,1,'SII_CSV'),
('12204-05101-70035',3,'E',4,1982,63,'O','CI',1,'SII_CSV'),
('12204-05101-70035',4,'E',4,1965,82,'L','CI',1,'SII_CSV'),
('12204-05101-70035',5,'GE',2,1982,159,'O',NULL,1,'SII_CSV'),
('12204-05101-70035',6,'E',4,1982,25,'O',NULL,1,'SII_CSV'),
('12204-05101-70035',7,'E',4,1985,32,'O','CI',1,'SII_CSV'),
('12204-05101-70035',8,'E',4,1985,33,'L','CI',1,'SII_CSV'),
('12204-05101-70035',9,'C',2,1985,283,'I',NULL,1,'SII_CSV'),
('12204-05101-70036',1,'GA',2,1969,100,'I',NULL,1,'SII_CSV'),
('12204-05101-70036',2,'GA',2,1969,254,'I',NULL,1,'SII_CSV'),
('12204-05101-70036',3,'GE',2,1965,105,'L',NULL,1,'SII_CSV'),
('12204-05101-70036',4,'GE',2,1969,74,'L',NULL,1,'SII_CSV'),
('12204-05101-70037',1,'C',3,1972,37,'H',NULL,1,'SII_CSV'),
('12204-05101-70037',2,'E',3,1972,57,'H',NULL,1,'SII_CSV'),
('12204-05101-70037',3,'GC',2,1983,20,'L',NULL,1,'SII_CSV'),
('12204-05101-70037',4,'GE',2,1983,33,'Z',NULL,1,'SII_CSV'),
('12204-05101-70037',5,'C',3,1972,37,'H',NULL,1,'SII_CSV'),
('12204-05101-70037',6,'E',3,1972,57,'H',NULL,1,'SII_CSV'),
('12204-05101-70037',7,'GE',2,1983,24,'Z',NULL,1,'SII_CSV'),
('12204-05101-70037',8,'C',3,1972,37,'H',NULL,1,'SII_CSV'),
('12204-05101-70037',9,'E',3,1972,57,'H',NULL,1,'SII_CSV'),
('12204-05101-70037',10,'C',3,1972,37,'H',NULL,1,'SII_CSV'),
('12204-05101-70037',11,'E',3,1972,57,'H',NULL,1,'SII_CSV'),
('12204-05101-70037',12,'GC',2,1983,20,'L',NULL,1,'SII_CSV'),
('12204-05101-70037',13,'C',2,1972,37,'H',NULL,1,'SII_CSV'),
('12204-05101-70037',14,'E',3,1972,57,'H',NULL,1,'SII_CSV'),
('12204-05101-70037',15,'GC',2,1983,20,'L',NULL,1,'SII_CSV'),
('12204-05101-70037',16,'GE',2,1983,24,'Z',NULL,1,'SII_CSV'),
('12204-05101-70037',17,'C',3,1972,37,'H',NULL,1,'SII_CSV'),
('12204-05101-70037',18,'E',3,1972,57,'H',NULL,1,'SII_CSV'),
('12204-05101-70037',19,'GE',2,1983,49,'Z',NULL,1,'SII_CSV'),
('12204-05101-70038',1,'C',3,1972,37,'H',NULL,1,'SII_CSV'),
('12204-05101-70038',2,'E',3,1972,57,'H',NULL,1,'SII_CSV'),
('12204-05101-70038',3,'GC',2,1983,20,'L',NULL,1,'SII_CSV'),
('12204-05101-70038',4,'C',3,1972,37,'H',NULL,1,'SII_CSV'),
('12204-05101-70038',5,'E',3,1972,57,'H',NULL,1,'SII_CSV'),
('12204-05101-70038',6,'GC',2,1983,20,'L',NULL,1,'SII_CSV'),
('12204-05101-70038',7,'C',3,1972,37,'H',NULL,1,'SII_CSV'),
('12204-05101-70038',8,'E',3,1972,57,'H',NULL,1,'SII_CSV'),
('12204-05101-70038',9,'GC',2,1983,20,'L',NULL,1,'SII_CSV'),
('12204-05101-70038',10,'C',3,1972,37,'H',NULL,1,'SII_CSV'),
('12204-05101-70038',11,'E',3,1972,57,'H',NULL,1,'SII_CSV'),
('12204-05101-70038',12,'C',3,1972,37,'H',NULL,1,'SII_CSV'),
('12204-05101-70038',13,'E',3,1972,57,'H',NULL,1,'SII_CSV'),
('12204-05101-70038',14,'C',3,1972,37,'H',NULL,1,'SII_CSV'),
('12204-05101-70038',15,'E',3,1972,57,'H',NULL,1,'SII_CSV'),
('12204-05101-70038',16,'GE',2,1983,24,'Z',NULL,1,'SII_CSV'),
('12204-05101-70039',1,'E',3,1980,85,'H',NULL,1,'SII_CSV'),
('12204-05101-70039',2,'GE',2,1983,21,'Z',NULL,1,'SII_CSV'),
('12204-05101-70039',3,'E',3,1980,85,'H',NULL,1,'SII_CSV'),
('12204-05101-70039',4,'E',3,1980,85,'H',NULL,1,'SII_CSV'),
('12204-05101-70039',5,'E',3,1980,85,'H',NULL,1,'SII_CSV'),
('12204-05101-70039',6,'GE',2,1983,21,'Z',NULL,1,'SII_CSV'),
('12204-05101-70039',7,'E',3,1980,85,'H',NULL,1,'SII_CSV'),
('12204-05101-70039',8,'GE',2,1983,28,'Z',NULL,1,'SII_CSV'),
('12204-05101-70039',9,'E',3,1980,85,'H',NULL,1,'SII_CSV'),
('12204-05101-70039',10,'E',3,1980,85,'H',NULL,1,'SII_CSV'),
('12204-05101-70039',11,'GE',2,1983,23,'Z',NULL,1,'SII_CSV'),
('12204-05101-70039',12,'E',3,1980,85,'H',NULL,1,'SII_CSV'),
('12204-05101-70040',1,'C',3,1985,36,'H',NULL,1,'SII_CSV'),
('12204-05101-70040',2,'E',3,1985,69,'H',NULL,1,'SII_CSV'),
('12204-05101-70040',3,'GE',2,1987,28,'Z',NULL,1,'SII_CSV'),
('12204-05101-70040',4,'C',3,1985,36,'H',NULL,1,'SII_CSV'),
('12204-05101-70040',5,'E',3,1985,69,'H',NULL,1,'SII_CSV'),
('12204-05101-70040',6,'GE',2,1987,32,'Z',NULL,1,'SII_CSV'),
('12204-05101-70040',7,'C',3,1985,36,'H',NULL,1,'SII_CSV'),
('12204-05101-70040',8,'E',3,1985,69,'H',NULL,1,'SII_CSV'),
('12204-05101-70040',9,'C',3,1985,36,'H',NULL,1,'SII_CSV'),
('12204-05101-70040',10,'E',3,1985,69,'H',NULL,1,'SII_CSV'),
('12204-05101-70040',11,'GE',2,1987,24,'Z',NULL,1,'SII_CSV'),
('12204-05101-70040',12,'C',3,1985,36,'H',NULL,1,'SII_CSV'),
('12204-05101-70040',13,'E',3,1985,69,'H',NULL,1,'SII_CSV'),
('12204-05101-70040',14,'C',3,1985,36,'H',NULL,1,'SII_CSV'),
('12204-05101-70040',15,'E',3,1985,69,'H',NULL,1,'SII_CSV'),
('12204-05101-70040',16,'C',3,1982,187,'H',NULL,1,'SII_CSV'),
('12204-05101-70040',17,'C',3,1982,187,'H',NULL,1,'SII_CSV'),
('12204-05101-70040',18,'C',3,1982,187,'H',NULL,1,'SII_CSV'),
('12204-05101-70040',19,'C',3,1982,187,'H',NULL,1,'SII_CSV'),
('12204-05101-70040',20,'C',3,1982,187,'H',NULL,1,'SII_CSV'),
('12204-05101-70041',1,'C',2,1985,307,'S',NULL,1,'SII_CSV'),
('12204-05101-70041',2,'C',2,1985,149,'V',NULL,1,'SII_CSV'),
('12204-05101-70041',3,'GA',1,1980,1299,'D',NULL,1,'SII_CSV'),
('12204-05101-70041',4,'GE',2,1980,37,'D',NULL,1,'SII_CSV'),
('12204-05101-70041',5,'GE',2,1980,148,'D',NULL,2,'SII_CSV'),
('12204-05101-70041',6,'GE',2,1980,396,'D',NULL,2,'SII_CSV'),
('12204-05101-70041',7,'GA',2,1960,501,'E',NULL,1,'SII_CSV'),
('12204-05101-70041',8,'E',3,1960,82,'E',NULL,1,'SII_CSV'),
('12204-05101-70042',1,'C',3,1980,248,'O',NULL,2,'SII_CSV'),
('12204-05101-70042',2,'C',3,1980,29,'V',NULL,1,'SII_CSV'),
('12204-05101-70042',3,'E',3,1984,258,'C',NULL,1,'SII_CSV'),
('12204-05101-70042',4,'E',3,1973,93,'O',NULL,1,'SII_CSV'),
('12204-05101-70042',5,'C',3,1972,163,'H',NULL,1,'SII_CSV'),
('12204-05101-70042',6,'GA',2,1984,243,'L',NULL,1,'SII_CSV'),
('12204-05101-70042',7,'E',3,1982,295,'H',NULL,1,'SII_CSV'),
('12204-05101-70042',8,'C',3,1975,163,'V',NULL,1,'SII_CSV'),
('12204-05101-70042',9,'GE',2,1976,17,'V',NULL,1,'SII_CSV'),
('12204-05101-70042',10,'GA',2,1986,52,'I',NULL,1,'SII_CSV'),
('12204-05101-70042',11,'EB',0,1960,318,NULL,NULL,0,'SII_CSV'),
('12204-05101-70042',12,'EB',0,1960,318,NULL,NULL,0,'SII_CSV'),
('12204-05101-70042',13,'GA',2,1965,25,'I',NULL,0,'SII_CSV'),
('12204-05101-70043',1,'GE',2,1965,22,'V',NULL,1,'SII_CSV'),
('12204-05101-70043',2,'GB',2,1968,9,'V',NULL,1,'SII_CSV'),
('12204-05101-70043',3,'GE',2,1968,2,'I',NULL,1,'SII_CSV'),
('12204-05101-70043',4,'C',3,1979,69,'I',NULL,1,'SII_CSV'),
('12204-05101-70043',5,'C',3,1973,24,'H',NULL,1,'SII_CSV'),
('12204-05101-70043',6,'E',4,1973,20,'H',NULL,1,'SII_CSV'),
('12204-05101-70043',7,'GE',2,1965,57,'L',NULL,1,'SII_CSV'),
('12204-05101-70044',1,'GE',2,1960,404,'Z',NULL,1,'SII_CSV'),
('12204-05101-70044',2,'GE',2,1984,49,'Z',NULL,1,'SII_CSV'),
('12204-05101-70044',3,'GE',2,1960,29,'L',NULL,1,'SII_CSV'),
('12204-05101-70044',4,'GE',2,1960,174,'Z',NULL,1,'SII_CSV'),
('12204-05101-70044',5,'GE',2,1960,122,'Z',NULL,1,'SII_CSV'),
('12204-05101-70045',1,'E',3,1970,36,'T',NULL,1,'SII_CSV'),
('12204-05101-70046',1,'E',3,2024,66,'V',NULL,1,'SII_CSV'),
('12204-05101-70046',2,'E',3,2024,9,'V',NULL,1,'SII_CSV'),
('12204-05101-70046',3,'E',3,2024,8,'V',NULL,1,'SII_CSV'),
('12204-05106-00080',1,'GE',2,1933,1057,'Z',NULL,1,'SII_CSV')
ON CONFLICT (rol, numero_construccion) DO UPDATE SET
  material_codigo       = EXCLUDED.material_codigo,
  calidad_codigo        = EXCLUDED.calidad_codigo,
  anio_construccion     = EXCLUDED.anio_construccion,
  sup_total_m2          = EXCLUDED.sup_total_m2,
  destino_construccion  = EXCLUDED.destino_construccion,
  condicion_especial    = EXCLUDED.condicion_especial,
  numero_pisos          = EXCLUDED.numero_pisos;

-- ─────────────────────────────────────────────────
-- A: BRTMPCATASA_2025_2_12204  |  CÓDIGO 12204
-- 126 filas
-- ─────────────────────────────────────────────────
INSERT INTO catastro.predios (
  rol, codigo_comuna, manzana, predio, direccion,
  avaluo_total_vigente, contribucion_semestre,
  destino_sii, avaluo_total_exento,
  cod_ubicacion, serie_predio, fuente_datos
) VALUES
('12204-05101-00014','12204','05101','00014','PARCELA 69 LOS PIONEROS',1035528821,1974880,'A',48089106,'R','agricola','SII_CSV'),
('12204-05101-00015','12204','05101','00015','ESTANCIA BRAZO NORTE',2073891180,4051604,'A',48089106,'R','agricola','SII_CSV'),
('12204-05101-00016','12204','05101','00016','LT 63 P',860202172,1624226,'A',48089106,'R','agricola','SII_CSV'),
('12204-05101-00017','12204','05101','00017','ESTANCIA LOS POZOS SECTOR POSESION',596686580,1097196,'A',48089106,'R','agricola','SII_CSV'),
('12204-05101-00018','12204','05101','00018','ESTANCIA LAS BARRANCAS - POSESION',565822805,1035468,'A',48089106,'R','agricola','SII_CSV'),
('12204-05101-00019','12204','05101','00019','LT A 1 PL 12104 - 02 -CR ESTANCIA STA MA',4811801151,NULL,'B',4811801151,'R','agricola','SII_CSV'),
('12204-05101-00020','12204','05101','00020','LOS PIONEROS PC 84 V',745788289,1395398,'A',48089106,'R','agricola','SII_CSV'),
('12204-05101-00021','12204','05101','00021','LOS PIONEROS P- 84 I',534224164,972270,'A',48089106,'R','agricola','SII_CSV'),
('12204-05101-00028','12204','05101','00028','CANADON GRANDE',10026689952,19957202,'A',48089106,'R','agricola','SII_CSV'),
('12204-05101-00029','12204','05101','00029','RUTA 255 CH LT 1 PUNTA ADELGADA X',9785596963,19475016,'A',48089106,'R','agricola','SII_CSV'),
('12204-05101-00030','12204','05101','00030','ESTANCIA PIRAMIDE',881203359,1666230,'A',48089106,'R','agricola','SII_CSV'),
('12204-05101-00032','12204','05101','00032','ESTANCIA 5 DE ENERO',2214482245,4332786,'A',48089106,'R','agricola','SII_CSV'),
('12204-05101-00033','12204','05101','00033','ESTANCIA SAN GREGORIO',1955910256,3815642,'A',48089106,'R','agricola','SII_CSV'),
('12204-05101-00035','12204','05101','00035','PARQUE NACIONAL PALI-AIKE',269994066,NULL,'A',269994066,'R','agricola','SII_CSV'),
('12204-05101-00037','12204','05101','00037','ESTANCIA SAN RIYER PC 85 IP 1',778467943,1460758,'A',48089106,'R','agricola','SII_CSV'),
('12204-05101-00038','12204','05101','00038','ESTANCIA SANRIYER',564080611,1031984,'A',48089106,'R','agricola','SII_CSV'),
('12204-05101-00039','12204','05101','00039','PARC 86 M SAN GREGORIO',1378141788,2660106,'A',48089106,'R','agricola','SII_CSV'),
('12204-05101-00040','12204','05101','00040','LT 87 M LOS PIONEROS',1295198717,2494220,'A',48089106,'R','agricola','SII_CSV'),
('12204-05101-00042','12204','05101','00042','LT LL PV LOS PIONEROS EST ALEJANDRA',830269934,1564362,'A',48089106,'R','agricola','SII_CSV'),
('12204-05101-00043','12204','05101','00043','PC 67 V KIMIRIAIKE',716076899,1335976,'A',48089106,'R','agricola','SII_CSV'),
('12204-05101-00044','12204','05101','00044','LT 64 PV LOS PIONEROS',745228808,1394280,'A',48089106,'R','agricola','SII_CSV'),
('12204-05101-00045','12204','05101','00045','PARCELA N 65 PV EST. BAHIA OAZARBOUR',769985847,1416872,'A',48089106,'R','agricola','SII_CSV'),
('12204-05101-00046','12204','05101','00046','LT 68 PV LOS PIONEROS',728444376,1360712,'A',48089106,'R','agricola','SII_CSV'),
('12204-05101-00047','12204','05101','00047','PARCELA 70 PV LOS PIONEROS',722429954,1348682,'A',48089106,'R','agricola','SII_CSV'),
('12204-05101-00048','12204','05101','00048','PC 71 PV LOS PIONEROS',567498451,1038820,'A',48089106,'R','agricola','SII_CSV'),
('12204-05101-00049','12204','05101','00049','LT 75 PV 4 HERMANAS',833207209,1570236,'A',48089106,'R','agricola','SII_CSV'),
('12204-05101-00050','12204','05101','00050','LT 72 ESTANCIA JULIA',851670085,1607162,'A',48089106,'R','agricola','SII_CSV'),
('12204-05101-00051','12204','05101','00051','LT 73 DV LOS PIONEROS',841599426,1587022,'A',48089106,'R','agricola','SII_CSV'),
('12204-05101-00052','12204','05101','00052','ESTANCIA LAS MERCEDES - LOTE 74',780476117,1464774,'A',48089106,'R','agricola','SII_CSV'),
('12204-05101-00053','12204','05101','00053','PC 63 I',718932985,1341688,'A',48089106,'R','agricola','SII_CSV'),
('12204-05101-00054','12204','05101','00054','LT 64 I LOS PIONEROS',649726281,1203274,'A',48089106,'R','agricola','SII_CSV'),
('12204-05101-00055','12204','05101','00055','LT LL I LOS PIONEROS EST ALEJANDRA',637905261,1179632,'A',48089106,'R','agricola','SII_CSV'),
('12204-05101-00056','12204','05101','00056','PC 67 I KIMIRIAIKE',411638210,727098,'A',48089106,'R','agricola','SII_CSV'),
('12204-05101-00057','12204','05101','00057','ESTANCIA ZUNILDA LT 68',650371065,1204564,'A',48089106,'R','agricola','SII_CSV'),
('12204-05101-00058','12204','05101','00058','PARCELA 70 I',410798989,725420,'A',48089106,'R','agricola','SII_CSV'),
('12204-05101-00122','12204','05101','00122','ESTANCIA DON ALEJANDRO SAN GREGORIO',33827837,NULL,'A',33827837,'R','agricola','SII_CSV'),
('12204-05101-00123','12204','05101','00123','PUNTA DELGADA',3091869166,6087560,'A',48089106,'R','agricola','SII_CSV'),
('12204-05101-00125','12204','05101','00125','RETEN CANADON GRANDE',2601351,NULL,'A',2601351,'R','agricola','SII_CSV'),
('12204-05101-00156','12204','05101','00156','ESTANCIA PIRAMIDE',493258954,890340,'A',48089106,'R','agricola','SII_CSV'),
('12204-05101-00157','12204','05101','00157','LOS PIONEROS LOTE 87',9580786,NULL,'A',9580786,'R','agricola','SII_CSV'),
('12204-05101-00158','12204','05101','00158','SITIO 11 UG 86 M',9034023,NULL,'A',9034023,'R','agricola','SII_CSV'),
('12204-05101-00170','12204','05101','00170','BCE 13 LOS PIONEROS',25576390,NULL,'A',25576390,'R','agricola','SII_CSV'),
('12204-05101-00171','12204','05101','00171','BCE 14 LOS PIONEROS',79523230,51340,'A',48089106,'R','agricola','SII_CSV'),
('12204-05101-00187','12204','05101','00187','ESTANCIA LOS POZOS LOTEB',8592632,NULL,'A',8592632,'R','agricola','SII_CSV'),
('12204-05101-00189','12204','05101','00189','PC 85 IP 2',21492765,NULL,'A',21492765,'R','agricola','SII_CSV'),
('12204-05101-00196','12204','05101','00196','BCE 12 LOS PIONEROS',12168714,NULL,'A',12168714,'R','agricola','SII_CSV'),
('12204-05101-00208','12204','05101','00208','LT A 3 PL 12104 - 02 -CR',45790138,NULL,'A',45790138,'R','agricola','SII_CSV'),
('12204-05101-00209','12204','05101','00209','LT A 2 PL 12104 - 140 -CR',1632600,NULL,'A',1632600,'R','agricola','SII_CSV'),
('12204-05101-00210','12204','05101','00210','ESTANCIA ZUNILDA IT 68 I A',22782331,NULL,'A',22782331,'R','agricola','SII_CSV'),
('12204-05101-00211','12204','05101','00211','ESTANCIA ZUNILDALT 68 IB',32239147,NULL,'A',32239147,'R','agricola','SII_CSV'),
('12204-05101-00230','12204','05101','00230','LOTE PV -C LOS PIONEROS',222209104,348240,'A',48089106,'R','agricola','SII_CSV'),
('12204-05101-00232','12204','05101','00232','CANADON GRANDELT CG- 1 D',3119126,NULL,'A',3119126,'R','agricola','SII_CSV'),
('12204-05101-00310','12204','05101','00310','PARCELA 84 -B',126893284,154670,'A',48089106,'R','agricola','SII_CSV'),
('12204-05106-00004','12204','05106','00004','PARC 57 V PROY PARC LOS PIONEROS',826353566,1556530,'A',48089106,'R','agricola','SII_CSV'),
('12204-05106-00005','12204','05106','00005','GALLEGOS CHICO',68311428,NULL,'A',68311428,'R','agricola','SII_CSV'),
('12204-05106-00007','12204','05106','00007','CABANA AMADITA LOTE 7 PV PARCELIPI',774628067,1453078,'A',48089106,'R','agricola','SII_CSV'),
('12204-05106-00008','12204','05106','00008','LOTE 1 EX ESTANCIA AVELINA',889165185,1682152,'A',48089106,'R','agricola','SII_CSV'),
('12204-05106-00009','12204','05106','00009','PUNTA PERNO',272804271,449430,'A',48089106,'R','agricola','SII_CSV'),
('12204-05106-00010','12204','05106','00010','LOTE 9 GOBERNADOR PHILLIPPI',699928856,1303680,'A',48089106,'R','agricola','SII_CSV'),
('12204-05106-00012','12204','05106','00012','ESTANCIA TRES CHORRILLOS',867859405,1639542,'A',48089106,'R','agricola','SII_CSV'),
('12204-05106-00013','12204','05106','00013','LOTE 17 M. GOBERNADOR PHILLIPI',1140805494,2185434,'A',48089106,'R','agricola','SII_CSV'),
('12204-05106-00014','12204','05106','00014','DANY SILVIA LOTE 18 M',1175219470,2254262,'A',48089106,'R','agricola','SII_CSV'),
('12204-05106-00015','12204','05106','00015','HIJUELA 58 - A LOS PIONEROS',488147249,880116,'A',48089106,'R','agricola','SII_CSV'),
('12204-05106-00016','12204','05106','00016','LOS PIONEROS LT 59 PV',187146424,278116,'A',48089106,'R','agricola','SII_CSV'),
('12204-05106-00025','12204','05106','00025','LOTE N 12 - GOBERNADOR B. PHILLIPI',537769338,979360,'A',48089106,'R','agricola','SII_CSV'),
('12204-05106-00030','12204','05106','00030','GOB PHILLIPI LT 6 PV B',330653322,565128,'A',48089106,'R','agricola','SII_CSV'),
('12204-05106-00031','12204','05106','00031','LOTE 9 - PV. GOBERNADOR PHILLIPI',732920224,1369662,'A',48089106,'R','agricola','SII_CSV'),
('12204-05106-00032','12204','05106','00032','ESTANCIA TAMELAIKE PC 1',748585695,1400994,'A',48089106,'R','agricola','SII_CSV'),
('12204-05106-00033','12204','05106','00033','PUNTA PERNOS (SECCIO LA PELECHA)',654313132,1212448,'A',48089106,'R','agricola','SII_CSV'),
('12204-05106-00034','12204','05106','00034','LOTE 12 - GOBERNACION B. PHILLIPI',869993091,1643808,'A',48089106,'R','agricola','SII_CSV'),
('12204-05106-00035','12204','05106','00035','PC 13 PV PARC GOBERNADOR PHILLIPI',755299468,1414422,'A',48089106,'R','agricola','SII_CSV'),
('12204-05106-00036','12204','05106','00036','ESTANCIA LOS COIPOS',736137240,1376096,'A',48089106,'R','agricola','SII_CSV'),
('12204-05106-00037','12204','05106','00037','LOTE 15 PV PROY PARC GOB PHILIPPI',699631099,1303084,'A',48089106,'R','agricola','SII_CSV'),
('12204-05106-00038','12204','05106','00038','LT 16 PV LOS CISNES',652879093,1209580,'A',48089106,'R','agricola','SII_CSV'),
('12204-05106-00039','12204','05106','00039','LOS FANY PC 19 PV',738654905,1381132,'A',48089106,'R','agricola','SII_CSV'),
('12204-05106-00040','12204','05106','00040','LOTE 21 PV',729045082,1361912,'A',48089106,'R','agricola','SII_CSV'),
('12204-05106-00041','12204','05106','00041','LOTE 22 PV ESTANCIA JOSEFINA',793204311,1490230,'A',48089106,'R','agricola','SII_CSV'),
('12204-05106-00042','12204','05106','00042','LT 35 - V LOS PIONEROS',752676625,1409176,'A',48089106,'R','agricola','SII_CSV'),
('12204-05106-00043','12204','05106','00043','LT 39 PV',553606536,1011036,'A',48089106,'R','agricola','SII_CSV'),
('12204-05106-00044','12204','05106','00044','PARCELA N 60 PV',929577827,1762978,'A',48089106,'R','agricola','SII_CSV'),
('12204-05106-00045','12204','05106','00045','LOTE 61 PV',857404766,1588450,'A',48089106,'R','agricola','SII_CSV'),
('12204-05106-00046','12204','05106','00046','PC 62 PV LOS PIONEROS',886637653,1677098,'A',48089106,'R','agricola','SII_CSV'),
('12204-05106-00047','12204','05106','00047','LOTE 76 PV',787609500,1479042,'A',48089106,'R','agricola','SII_CSV'),
('12204-05106-00048','12204','05106','00048','LOTE N 77',731241781,1366306,'A',48089106,'R','agricola','SII_CSV'),
('12204-05106-00049','12204','05106','00049','LOTE 78 PV',782574171,1441580,'A',48089106,'R','agricola','SII_CSV'),
('12204-05106-00050','12204','05106','00050','PC NINFA MARIA LT 79 PV B 1 B 2 B 3',628716872,1161256,'A',48089106,'R','agricola','SII_CSV'),
('12204-05106-00051','12204','05106','00051','LOTE 80 M',1165538975,2234900,'A',48089106,'R','agricola','SII_CSV'),
('12204-05106-00052','12204','05106','00052','LOTE N 81 LOS PIONEROS',1129032834,2161888,'A',48089106,'R','agricola','SII_CSV'),
('12204-05106-00053','12204','05106','00053','LOTE 82 M LOS PIONEROS',1104275796,2112374,'A',48089106,'R','agricola','SII_CSV'),
('12204-05106-00054','12204','05106','00054','SAN ANDRES',1106233980,2116290,'A',48089106,'R','agricola','SII_CSV'),
('12204-05106-00055','12204','05106','00055','EST LA QUERENCIA LT 57 I',690562535,1284948,'A',48089106,'R','agricola','SII_CSV'),
('12204-05106-00056','12204','05106','00056','LOTE 58 I LOS PIONEROS',667565277,1238952,'A',48089106,'R','agricola','SII_CSV'),
('12204-05106-00057','12204','05106','00057','LOTE 59 I LOS PIONEROS',681535574,1266894,'A',48089106,'R','agricola','SII_CSV'),
('12204-05106-00058','12204','05106','00058','PARCELA 60 I',658108460,1220040,'A',48089106,'R','agricola','SII_CSV'),
('12204-05106-00059','12204','05106','00059','LOTE 62 I LOS PIONEROS',669284697,1242392,'A',48089106,'R','agricola','SII_CSV'),
('12204-05106-00060','12204','05106','00060','LOTE 71 I LOS PIONEROS',763208080,1430238,'A',48089106,'R','agricola','SII_CSV'),
('12204-05106-00061','12204','05106','00061','LOTE N 72 ESTANCIA JULIA',727530091,1358882,'A',48089106,'R','agricola','SII_CSV'),
('12204-05106-00062','12204','05106','00062','LOTE 73 INV LOS PIONEROS',584603204,1073028,'A',48089106,'R','agricola','SII_CSV'),
('12204-05106-00063','12204','05106','00063','ESTANCIA LAS MERCEDES - LOTE 74',598141384,1100106,'A',48089106,'R','agricola','SII_CSV'),
('12204-05106-00064','12204','05106','00064','LOTE 75 I 4 HERMANAS',589546540,1082916,'A',48089106,'R','agricola','SII_CSV'),
('12204-05106-00065','12204','05106','00065','LOTE 3 EX 76 I',898427322,1700676,'A',48089106,'R','agricola','SII_CSV'),
('12204-05106-00066','12204','05106','00066','LOTE N 77 LOS PIONEROS',588585022,1080992,'A',48089106,'R','agricola','SII_CSV'),
('12204-05106-00067','12204','05106','00067','LOTE 78 I',592494442,1088812,'A',48089106,'R','agricola','SII_CSV'),
('12204-05106-00068','12204','05106','00068','LOTE 61 I',483899420,871622,'A',48089106,'R','agricola','SII_CSV'),
('12204-05106-00069','12204','05106','00069','PARCELA N 65 EST. BAHIA OAZY SOUR',474017273,835972,'A',48089106,'R','agricola','SII_CSV'),
('12204-05106-00070','12204','05106','00070','PC NINFA MARIA PC 79 I',476924452,857672,'A',48089106,'R','agricola','SII_CSV'),
('12204-05106-00072','12204','05106','00072','EST. 7 HERRADURAS PC 8 P',790826516,1485476,'A',48089106,'R','agricola','SII_CSV'),
('12204-05106-00073','12204','05106','00073','ESTANCIA TAMELAIKE PC 10 1',712919535,1329662,'A',48089106,'R','agricola','SII_CSV'),
('12204-05106-00074','12204','05106','00074','LOTE 11 I PUNTA PERNOS',604738531,1113300,'A',48089106,'R','agricola','SII_CSV'),
('12204-05106-00075','12204','05106','00075','LT 13 GOB PHILLPI',682906586,1269636,'A',48089106,'R','agricola','SII_CSV'),
('12204-05106-00076','12204','05106','00076','ESTANCIA LOS COIPOS PC',583012739,1069848,'A',48089106,'R','agricola','SII_CSV'),
('12204-05106-00077','12204','05106','00077','LOTE 15',555463540,1014750,'A',48089106,'R','agricola','SII_CSV'),
('12204-05106-00078','12204','05106','00078','LOS CISNES LOTE 16 I',611233871,1126290,'A',48089106,'R','agricola','SII_CSV'),
('12204-05106-00079','12204','05106','00079','LOS FANY PC 19 I GOB PHILLIPI',542248883,988320,'A',48089106,'R','agricola','SII_CSV'),
('12204-05106-00082','12204','05106','00082','HIJUELA 58 B LOS PIONEROS',488426989,880676,'A',48089106,'R','agricola','SII_CSV'),
('12204-05106-00083','12204','05106','00083','SAN GREGORIO',82622713,58912,'A',48089106,'R','agricola','SII_CSV'),
('12204-05106-00084','12204','05106','00084','BCE 11 LOS PIONEROS',95857732,91226,'A',48089106,'R','agricola','SII_CSV'),
('12204-05106-00085','12204','05106','00085','LOTE 2 EX.ESTANCIA AVELINA',889165185,1682152,'A',48089106,'R','agricola','SII_CSV'),
('12204-05106-00086','12204','05106','00086','LOTE 4 BIEN COMUN',33966585,NULL,'A',33966585,'R','agricola','SII_CSV'),
('12204-05106-00087','12204','05106','00087','PC NINFA MARIA LT 79 PV A',183649667,271122,'A',48089106,'R','agricola','SII_CSV'),
('12204-05106-00088','12204','05106','00088','EST CABANA DN STGO LT 6 PV A',441010967,785844,'A',48089106,'R','agricola','SII_CSV'),
('12204-05106-00089','12204','05106','00089','LOS PIONEROS LT 59 PV HJ 2',658509240,1220840,'A',48089106,'R','agricola','SII_CSV'),
('12204-05106-00090','12204','05106','00090','ESTANCIA LOS COIPOS PC 14 I B',7611264,NULL,'A',7611264,'R','agricola','SII_CSV'),
('12204-05106-00094','12204','05106','00094','LT 11 B PV PARC GOBERNADOR PHILLIPI',65319417,31300,'A',48089106,'R','agricola','SII_CSV'),
('12204-05106-00096','12204','05106','00096','LOS CISNES LT 16 I-B',4477214,NULL,'A',4477214,'R','agricola','SII_CSV'),
('12204-05106-00097','12204','05106','00097','LOTE 14 I-A 2 ESTANCIA LOSCOIPOS',49274991,NULL,'A',48089106,'R','agricola','SII_CSV')
ON CONFLICT (rol) DO UPDATE SET
  avaluo_total_vigente = EXCLUDED.avaluo_total_vigente,
  contribucion_semestre = EXCLUDED.contribucion_semestre,
  destino_sii          = EXCLUDED.destino_sii,
  avaluo_total_exento  = EXCLUDED.avaluo_total_exento,
  cod_ubicacion        = EXCLUDED.cod_ubicacion,
  fuente_datos         = 'SII_CSV',
  fecha_actualizacion  = now();

-- ─────────────────────────────────────────────────
-- AL: BRTMPCATASAL_2025_2_12204  |  CÓDIGO 12204
-- 145 filas
-- ─────────────────────────────────────────────────
INSERT INTO catastro.suelos_agricolas (
  rol, cod_suelo, sup_ha, fuente_datos
) VALUES
('12204-05101-00014','26',8373.00,'SII_CSV'),
('12204-05101-00015','26',16742.00,'SII_CSV'),
('12204-05101-00016','26',6150.00,'SII_CSV'),
('12204-05101-00017','26',4266.00,'SII_CSV'),
('12204-05101-00018','26',4045.34,'SII_CSV'),
('12204-05101-00019','25',21957.04,'SII_CSV'),
('12204-05101-00020','26',5332.00,'SII_CSV'),
('12204-05101-00021','25',2485.60,'SII_CSV'),
('12204-05101-00028','26',71685.64,'SII_CSV'),
('12204-05101-00029','26',69961.95,'SII_CSV'),
('12204-05101-00030','25',4100.00,'SII_CSV'),
('12204-05101-00032','25',10182.19,'SII_CSV'),
('12204-05101-00033','26',13968.00,'SII_CSV'),
('12204-05101-00035','27',5030.00,'SII_CSV'),
('12204-05101-00037','25',3622.00,'SII_CSV'),
('12204-05101-00038','26',4561.00,'SII_CSV'),
('12204-05101-00039','26',9853.00,'SII_CSV'),
('12204-05101-00040','26',9260.00,'SII_CSV'),
('12204-05101-00042','26',5936.00,'SII_CSV'),
('12204-05101-00043','26',5790.00,'SII_CSV'),
('12204-05101-00044','26',5328.00,'SII_CSV'),
('12204-05101-00045','26',5505.00,'SII_CSV'),
('12204-05101-00046','26',5208.00,'SII_CSV'),
('12204-05101-00047','26',5165.00,'SII_CSV'),
('12204-05101-00048','26',4057.32,'SII_CSV'),
('12204-05101-00049','26',5957.00,'SII_CSV'),
('12204-05101-00050','26',6089.00,'SII_CSV'),
('12204-05101-00051','26',6017.00,'SII_CSV'),
('12204-05101-00052','26',5580.00,'SII_CSV'),
('12204-05101-00053','25',3345.00,'SII_CSV'),
('12204-05101-00054','25',3023.00,'SII_CSV'),
('12204-05101-00055','25',2968.00,'SII_CSV'),
('12204-05101-00056','26',2943.00,'SII_CSV'),
('12204-05101-00057','25',3026.00,'SII_CSV'),
('12204-05101-00058','26',2937.00,'SII_CSV'),
('12204-05101-00122','22',85.00,'SII_CSV'),
('12204-05101-00123','26',25000.00,'SII_CSV'),
('12204-05101-00125','22',5.93,'SII_CSV'),
('12204-05101-00156','25',2295.00,'SII_CSV'),
('12204-05101-00157','22',22.30,'SII_CSV'),
('12204-05101-00158','22',22.70,'SII_CSV'),
('12204-05101-00170','25',119.00,'SII_CSV'),
('12204-05101-00171','25',370.00,'SII_CSV'),
('12204-05101-00187','22',20.00,'SII_CSV'),
('12204-05101-00189','25',100.00,'SII_CSV'),
('12204-05101-00196','26',87.00,'SII_CSV'),
('12204-05101-00208','22',106.58,'SII_CSV'),
('12204-05101-00209','22',3.80,'SII_CSV'),
('12204-05101-00210','25',106.00,'SII_CSV'),
('12204-05101-00211','25',150.00,'SII_CSV'),
('12204-05101-00230','26',1588.68,'SII_CSV'),
('12204-05101-00232','22',7.26,'SII_CSV'),
('12204-05101-00310','25',590.40,'SII_CSV'),
('12204-05106-00004','26',5908.00,'SII_CSV'),
('12204-05106-00005','22',159.00,'SII_CSV'),
('12204-05106-00007','26',5424.00,'SII_CSV'),
('12204-05106-00008','25',4093.95,'SII_CSV'),
('12204-05106-00009','25',1218.00,'SII_CSV'),
('12204-05106-00010','25',3125.00,'SII_CSV'),
('12204-05106-00012','26',5874.00,'SII_CSV'),
('12204-05106-00013','26',7988.00,'SII_CSV'),
('12204-05106-00014','26',8145.00,'SII_CSV'),
('12204-05106-00015','26',3490.00,'SII_CSV'),
('12204-05106-00016','26',1338.00,'SII_CSV'),
('12204-05106-00025','25',2401.00,'SII_CSV'),
('12204-05106-00030','26',2364.00,'SII_CSV'),
('12204-05106-00031','26',5240.00,'SII_CSV'),
('12204-05106-00032','26',5352.00,'SII_CSV'),
('12204-05106-00033','26',4678.00,'SII_CSV'),
('12204-05106-00034','26',6220.00,'SII_CSV'),
('12204-05106-00035','26',5400.00,'SII_CSV'),
('12204-05106-00036','26',5263.00,'SII_CSV'),
('12204-05106-00037','26',5002.00,'SII_CSV'),
('12204-05106-00038','26',5279.00,'SII_CSV'),
('12204-05106-00039','26',5281.00,'SII_CSV'),
('12204-05106-00040','26',5158.00,'SII_CSV'),
('12204-05106-00041','26',5671.00,'SII_CSV'),
('12204-05106-00042','25',3502.00,'SII_CSV'),
('12204-05106-00043','26',3958.00,'SII_CSV'),
('12204-05106-00044','26',6646.00,'SII_CSV'),
('12204-05106-00045','26',6130.00,'SII_CSV'),
('12204-05106-00046','26',6339.00,'SII_CSV'),
('12204-05106-00047','26',5631.00,'SII_CSV'),
('12204-05106-00048','26',5228.00,'SII_CSV'),
('12204-05106-00049','26',5595.00,'SII_CSV'),
('12204-05106-00050','26',4495.00,'SII_CSV'),
('12204-05106-00051','26',8333.00,'SII_CSV'),
('12204-05106-00052','26',8072.00,'SII_CSV'),
('12204-05106-00053','26',7895.00,'SII_CSV'),
('12204-05106-00054','26',7909.00,'SII_CSV'),
('12204-05106-00055','25',3213.00,'SII_CSV'),
('12204-05106-00056','25',3106.00,'SII_CSV'),
('12204-05106-00057','25',3171.00,'SII_CSV'),
('12204-05106-00058','25',3062.00,'SII_CSV'),
('12204-05106-00059','25',3114.00,'SII_CSV'),
('12204-05106-00060','25',3551.00,'SII_CSV'),
('12204-05106-00061','25',3385.00,'SII_CSV'),
('12204-05106-00062','25',2720.00,'SII_CSV'),
('12204-05106-00063','25',2754.00,'SII_CSV'),
('12204-05106-00064','25',2743.00,'SII_CSV'),
('12204-05106-00065','25',4093.95,'SII_CSV'),
('12204-05106-00066','25',2710.00,'SII_CSV'),
('12204-05106-00067','25',2728.00,'SII_CSV'),
('12204-05106-00068','25',2228.00,'SII_CSV'),
('12204-05106-00069','25',2160.00,'SII_CSV'),
('12204-05106-00070','25',2219.00,'SII_CSV'),
('12204-05106-00072','26',5654.00,'SII_CSV'),
('12204-05106-00073','25',3183.00,'SII_CSV'),
('12204-05106-00074','25',2700.00,'SII_CSV'),
('12204-05106-00075','25',3049.00,'SII_CSV'),
('12204-05106-00076','25',2603.00,'SII_CSV'),
('12204-05106-00077','25',2480.00,'SII_CSV'),
('12204-05106-00078','25',2729.00,'SII_CSV'),
('12204-05106-00079','25',2421.00,'SII_CSV'),
('12204-05106-00082','26',3492.00,'SII_CSV'),
('12204-05106-00083','25',415.00,'SII_CSV'),
('12204-05106-00084','25',446.00,'SII_CSV'),
('12204-05106-00085','25',4093.95,'SII_CSV'),
('12204-05106-00086','22',53.85,'SII_CSV'),
('12204-05106-00087','26',1313.00,'SII_CSV'),
('12204-05106-00088','26',3153.00,'SII_CSV'),
('12204-05106-00089','26',4708.00,'SII_CSV'),
('12204-05106-00090','22',17.00,'SII_CSV'),
('12204-05106-00094','26',467.00,'SII_CSV'),
('12204-05106-00096','22',10.00,'SII_CSV'),
('12204-05106-00097','25',220.00,'SII_CSV')
ON CONFLICT (rol, cod_suelo) DO UPDATE SET
  sup_ha = EXCLUDED.sup_ha;

INSERT INTO catastro.construcciones (
  rol, numero_construccion, material_codigo,
  calidad_codigo, sup_total_m2,
  destino_construccion, condicion_especial, fuente_datos
) VALUES
('12204-05101-00015',1,'E',3,295,'P',NULL,'SII_CSV'),
('12204-05101-00019',1,'E',4,225,'H',NULL,'SII_CSV'),
('12204-05101-00019',2,'C',4,35,'V',NULL,'SII_CSV'),
('12204-05101-00019',3,'E',4,60,'L',NULL,'SII_CSV'),
('12204-05101-00019',4,'E',4,53,'L',NULL,'SII_CSV'),
('12204-05101-00019',5,'C',4,31,'L',NULL,'SII_CSV'),
('12204-05101-00019',6,'E',4,75,'H',NULL,'SII_CSV'),
('12204-05101-00019',7,'C',4,34,'V',NULL,'SII_CSV'),
('12204-05101-00019',8,'GA',3,720,'V',NULL,'SII_CSV'),
('12204-05101-00019',9,'E',4,60,'L',NULL,'SII_CSV'),
('12204-05101-00019',10,'E',4,73,'L',NULL,'SII_CSV'),
('12204-05101-00019',11,'E',4,461,'O',NULL,'SII_CSV'),
('12204-05101-00019',12,'GA',3,165,'L',NULL,'SII_CSV'),
('12204-05101-00019',13,'GA',3,330,'L',NULL,'SII_CSV'),
('12204-05101-00032',1,'E',2,200,'P',NULL,'SII_CSV'),
('12204-05101-00033',1,'E',3,275,'P',NULL,'SII_CSV'),
('12204-05106-00012',1,'E',3,904,'P',NULL,'SII_CSV'),
('12204-05106-00032',1,'E',3,210,'P',NULL,'SII_CSV'),
('12204-05106-00086',1,'E',2,293,'P',NULL,'SII_CSV')
ON CONFLICT (rol, numero_construccion) DO NOTHING;

-- ─────────────────────────────────────────────────
-- Registro en catastro.importaciones
-- ─────────────────────────────────────────────────
INSERT INTO catastro.importaciones
  (codigo_comuna, nombre_comuna, archivo_fuente, tipo_archivo,
   total_registros, fecha_importacion, estado, error_msg)
VALUES
('12204', 'CÓDIGO 12204', 'BRTMPCATASN_2025_2_12204', 'N', 238, '2026-03-19T19:52:06.109571', 'completado', NULL),
('12204', 'CÓDIGO 12204', 'BRTMPCATASNL_2025_2_12204', 'NL', 456, '2026-03-19T19:52:06.109571', 'completado', NULL),
('12204', 'CÓDIGO 12204', 'BRTMPCATASA_2025_2_12204', 'A', 126, '2026-03-19T19:52:06.109571', 'completado', NULL),
('12204', 'CÓDIGO 12204', 'BRTMPCATASAL_2025_2_12204', 'AL', 145, '2026-03-19T19:52:06.109571', 'completado', NULL);

COMMIT;
-- ══ FIN DE INGESTIÓN ══
