-- ══════════════════════════════════════════════════════════════
-- SNRI — Ingestión Catastral SII
-- Generado : 2026-03-19 16:52:06
-- Comuna(s): 12304 CÓDIGO 12304
-- Archivos :
--   BRTMPCATASN_2025_2_12304
--   BRTMPCATASNL_2025_2_12304
--   BRTMPCATASA_2025_2_12304
--   BRTMPCATASAL_2025_2_12304
-- ══════════════════════════════════════════════════════════════

SET search_path TO catastro, public;
BEGIN;

-- DDL auxiliar

-- Tabla auxiliar para suelos agrícolas (si no existe)
CREATE TABLE IF NOT EXISTS catastro.suelos_agricolas (
    id          uuid PRIMARY KEY DEFAULT gen_random_uuid(),
    rol         text NOT NULL,
    cod_suelo   text NOT NULL,
    sup_ha      numeric(12,2),
    fuente_datos text,
    created_at  timestamptz DEFAULT now(),
    CONSTRAINT fk_suelos_predio FOREIGN KEY (rol)
        REFERENCES catastro.predios(rol) ON DELETE CASCADE
);
CREATE UNIQUE INDEX IF NOT EXISTS uq_suelos_rol_cod
    ON catastro.suelos_agricolas(rol, cod_suelo);


-- ─────────────────────────────────────────────────
-- N: BRTMPCATASN_2025_2_12304  |  CÓDIGO 12304
-- 221 filas
-- ─────────────────────────────────────────────────
INSERT INTO catastro.predios (
  rol, codigo_comuna, manzana, predio, direccion,
  avaluo_total_vigente, contribucion_semestre, destino_sii,
  avaluo_total_exento, bc1_rol, bc2_rol,
  sup_terreno_m2, cod_ubicacion, rol_padre,
  serie_predio, fuente_datos
) VALUES
('12304-00666-00017','12304','00666','00017','TIMAUKEL C 8',4194945,NULL,'H',4194945,NULL,NULL,5000,'R',NULL,'no_agricola','SII_CSV'),
('12304-00666-00018','12304','00666','00018','TIMAUKEL C 1',4194945,NULL,'H',4194945,NULL,NULL,5000,'R',NULL,'no_agricola','SII_CSV'),
('12304-00666-00019','12304','00666','00019','TIMAUKEL C 2',4194945,NULL,'H',4194945,NULL,NULL,5000,'R',NULL,'no_agricola','SII_CSV'),
('12304-00666-00020','12304','00666','00020','TIMAUKEL C 4',4194945,NULL,'H',4194945,NULL,NULL,5000,'R',NULL,'no_agricola','SII_CSV'),
('12304-00666-00021','12304','00666','00021','TIMAUKEL C 5',4094645,NULL,'H',4094645,NULL,NULL,5000,'R',NULL,'no_agricola','SII_CSV'),
('12304-00666-00022','12304','00666','00022','TIMAUKEL C 6',4094645,NULL,'H',4094645,NULL,NULL,5000,'R',NULL,'no_agricola','SII_CSV'),
('12304-00666-00023','12304','00666','00023','TIMAUKEL C 7',4094645,NULL,'H',4094645,NULL,NULL,5000,'R',NULL,'no_agricola','SII_CSV'),
('12304-00666-00024','12304','00666','00024','CASA 9',3489123,NULL,'H',3489123,NULL,NULL,5000,'R',NULL,'no_agricola','SII_CSV'),
('12304-00666-00025','12304','00666','00025','TIMAUKEL C 10',3784285,NULL,'H',3784285,NULL,NULL,5000,'U',NULL,'no_agricola','SII_CSV'),
('12304-00666-00026','12304','00666','00026','TIMAUKEL C 11',3519342,NULL,'H',3519342,NULL,NULL,5000,'U',NULL,'no_agricola','SII_CSV'),
('12304-00666-00027','12304','00666','00027','TIMAUKEL C 12',3701016,NULL,'H',3701016,NULL,NULL,5000,'R',NULL,'no_agricola','SII_CSV'),
('12304-00666-00028','12304','00666','00028','TIMAUKEL C 13',3701016,NULL,'H',3701016,NULL,NULL,5000,'R',NULL,'no_agricola','SII_CSV'),
('12304-00666-00029','12304','00666','00029','TIMAUKEL C 3',3326313,NULL,'H',3326313,NULL,NULL,5000,'R',NULL,'no_agricola','SII_CSV'),
('12304-00666-00044','12304','00666','00044','MUNICP TIMAUKEL ESC G 43',184447029,NULL,'P',184447029,NULL,NULL,10000,'R',NULL,'no_agricola','SII_CSV'),
('12304-00666-00053','12304','00666','00053','LOTES 1 AL 9',2572518,NULL,'W',2572518,NULL,NULL,10000,'R',NULL,'no_agricola','SII_CSV'),
('12304-00666-00056','12304','00666','00056','PROYECTADA UNO ST 4',74089,NULL,'W',74089,NULL,NULL,288,'R',NULL,'no_agricola','SII_CSV'),
('12304-00666-00057','12304','00666','00057','PROYECTADA UNO ST 7',57110,NULL,'W',57110,NULL,NULL,222,'R',NULL,'no_agricola','SII_CSV'),
('12304-00666-00058','12304','00666','00058','PROYECTADA UNO ST B',57110,NULL,'W',57110,NULL,NULL,222,'R',NULL,'no_agricola','SII_CSV'),
('12304-00666-00062','12304','00666','00062','PL-12303 - 491 -CR LT SN',28795718,NULL,'P',28795718,NULL,NULL,1584,'R',NULL,'no_agricola','SII_CSV'),
('12304-00666-00071','12304','00666','00071','CAMERON LT C 7',187625582,NULL,'I',187625582,NULL,NULL,5587,'R',NULL,'no_agricola','SII_CSV'),
('12304-00666-00084','12304','00666','00084','LT 1 -C/1 - 5',1646411,NULL,'W',1646411,NULL,NULL,8000,'R',NULL,'no_agricola','SII_CSV'),
('12304-00666-00085','12304','00666','00085','LT 1 -C/1 - 6',1646411,NULL,'W',1646411,NULL,NULL,8000,'R',NULL,'no_agricola','SII_CSV'),
('12304-00666-00088','12304','00666','00088','LT 1 -C/1 - 9',1646411,NULL,'W',1646411,NULL,NULL,8000,'R',NULL,'no_agricola','SII_CSV'),
('12304-00666-00195','12304','00666','00195','PARCELA 1 C 2 - 3',1701978,NULL,'W',1701978,NULL,NULL,8270,'R',NULL,'no_agricola','SII_CSV'),
('12304-00666-00196','12304','00666','00196','LT 1 -C/2 4',1701978,NULL,'W',1701978,NULL,NULL,8270,'R',NULL,'no_agricola','SII_CSV'),
('12304-00666-00197','12304','00666','00197','PARCELA 1 -C 2 - 5',1701978,NULL,'W',1701978,NULL,NULL,8270,'R',NULL,'no_agricola','SII_CSV'),
('12304-00666-00198','12304','00666','00198','LT 1 -C/2 6',1701978,NULL,'W',1701978,NULL,NULL,8270,'R',NULL,'no_agricola','SII_CSV'),
('12304-00666-00199','12304','00666','00199','LT 1 -C/2 7',1701978,NULL,'W',1701978,NULL,NULL,8270,'R',NULL,'no_agricola','SII_CSV'),
('12304-00666-00200','12304','00666','00200','LT 1 -C/2 8',1701978,NULL,'W',1701978,NULL,NULL,8270,'R',NULL,'no_agricola','SII_CSV'),
('12304-00666-00201','12304','00666','00201','LT 1 -C/2 9',1701978,NULL,'W',1701978,NULL,NULL,8270,'R',NULL,'no_agricola','SII_CSV'),
('12304-00666-00202','12304','00666','00202','LT 1 -C/2 10',1701978,NULL,'W',1701978,NULL,NULL,8270,'R',NULL,'no_agricola','SII_CSV'),
('12304-00666-00203','12304','00666','00203','LT 1 -C/2 11',1701978,NULL,'W',1701978,NULL,NULL,8270,'R',NULL,'no_agricola','SII_CSV'),
('12304-00666-00211','12304','00666','00211','LT 1 -C/2 19',1157633,NULL,'W',1157633,NULL,NULL,5000,'R',NULL,'no_agricola','SII_CSV'),
('12304-00666-00214','12304','00666','00214','LT 1 -C/2 22',1157633,NULL,'W',1157633,NULL,NULL,5000,'R',NULL,'no_agricola','SII_CSV'),
('12304-00666-00272','12304','00666','00272','LT 1 -C/2 80',1157633,NULL,'W',1157633,NULL,NULL,5000,'R',NULL,'no_agricola','SII_CSV'),
('12304-00666-00273','12304','00666','00273','LT 1 -C/2 81',1157633,NULL,'W',1157633,NULL,NULL,5000,'R',NULL,'no_agricola','SII_CSV'),
('12304-00666-00274','12304','00666','00274','LT 1 -C/2 82',1157633,NULL,'W',1157633,NULL,NULL,5000,'R',NULL,'no_agricola','SII_CSV'),
('12304-00666-00275','12304','00666','00275','LT 1 -C/2 83',1157633,NULL,'W',1157633,NULL,NULL,5000,'R',NULL,'no_agricola','SII_CSV'),
('12304-00666-00276','12304','00666','00276','LT 1 -C/2 84',1157633,NULL,'W',1157633,NULL,NULL,5000,'R',NULL,'no_agricola','SII_CSV'),
('12304-00666-00277','12304','00666','00277','LT 1 -C/2 85',1157633,NULL,'W',1157633,NULL,NULL,5000,'R',NULL,'no_agricola','SII_CSV'),
('12304-00666-00278','12304','00666','00278','LT 1 -C/2 86',1157633,NULL,'W',1157633,NULL,NULL,5000,'R',NULL,'no_agricola','SII_CSV'),
('12304-00666-00317','12304','00666','00317','LT 1 -C/4 1',1029007,NULL,'W',1029007,NULL,NULL,5000,'R',NULL,'no_agricola','SII_CSV'),
('12304-00666-00318','12304','00666','00318','LT 1 -C/4 2',1029007,NULL,'W',1029007,NULL,NULL,5000,'R',NULL,'no_agricola','SII_CSV'),
('12304-00666-00319','12304','00666','00319','LT 1 -C/4 3',1029007,NULL,'W',1029007,NULL,NULL,5000,'R',NULL,'no_agricola','SII_CSV'),
('12304-00666-00320','12304','00666','00320','LT 1 -C/4 4',1029007,NULL,'W',1029007,NULL,NULL,5000,'R',NULL,'no_agricola','SII_CSV'),
('12304-00666-00322','12304','00666','00322','LT 1 -C/4 6',1029007,NULL,'W',1029007,NULL,NULL,5000,'R',NULL,'no_agricola','SII_CSV'),
('12304-00666-00323','12304','00666','00323','LT 1 -C/4 7',1029007,NULL,'W',1029007,NULL,NULL,5000,'R',NULL,'no_agricola','SII_CSV'),
('12304-00666-00324','12304','00666','00324','LT 1 -C/4 8',1029007,NULL,'W',1029007,NULL,NULL,5000,'R',NULL,'no_agricola','SII_CSV'),
('12304-00666-00325','12304','00666','00325','LT 1 -C/4 9',1029007,NULL,'W',1029007,NULL,NULL,5000,'R',NULL,'no_agricola','SII_CSV'),
('12304-00666-00337','12304','00666','00337','KM 150 CAMERON LT C 1',1437008,NULL,'W',1437008,NULL,NULL,5586,'R',NULL,'no_agricola','SII_CSV'),
('12304-00666-00339','12304','00666','00339','KM 150 CAMERON LT C 3',1286773,NULL,'W',1286773,NULL,NULL,5002,'R',NULL,'no_agricola','SII_CSV'),
('12304-00666-00340','12304','00666','00340','KM 150 CAMERON LT C 4',1286773,NULL,'W',1286773,NULL,NULL,5002,'R',NULL,'no_agricola','SII_CSV'),
('12304-00666-00341','12304','00666','00341','KM 150 CAMERON LT C 5',1286773,NULL,'W',1286773,NULL,NULL,5002,'R',NULL,'no_agricola','SII_CSV'),
('12304-00666-00342','12304','00666','00342','KM 150 CAMERON LT C 6',1286773,NULL,'W',1286773,NULL,NULL,5002,'R',NULL,'no_agricola','SII_CSV'),
('12304-00666-00343','12304','00666','00343','KM 150 CAMERON LT C 8',1636893,NULL,'W',1636893,NULL,NULL,6363,'R',NULL,'no_agricola','SII_CSV'),
('12304-00666-00344','12304','00666','00344','KM 150 CAMERON LT C 9',1286773,NULL,'W',1286773,NULL,NULL,5002,'R',NULL,'no_agricola','SII_CSV'),
('12304-00666-00345','12304','00666','00345','KM 150 CAMERON LT C 10',1286773,NULL,'W',1286773,NULL,NULL,5002,'R',NULL,'no_agricola','SII_CSV'),
('12304-00666-00346','12304','00666','00346','KM 150 CAMERON LT C 11',1599592,NULL,'W',1599592,NULL,NULL,6218,'R',NULL,'no_agricola','SII_CSV'),
('12304-00666-00347','12304','00666','00347','KM 150 CAMERON LT C 12',1286773,NULL,'W',1286773,NULL,NULL,5002,'R',NULL,'no_agricola','SII_CSV'),
('12304-00666-00348','12304','00666','00348','KM 150 CAMERON LT C 13',1286773,NULL,'W',1286773,NULL,NULL,5002,'R',NULL,'no_agricola','SII_CSV'),
('12304-00666-00349','12304','00666','00349','KM 150 CAMERON LT C 14',1636893,NULL,'W',1636893,NULL,NULL,6363,'R',NULL,'no_agricola','SII_CSV'),
('12304-00666-00352','12304','00666','00352','LOTE 1 B- 3 ESTANCIA',2623968,NULL,'W',2623968,NULL,NULL,10200,'R',NULL,'no_agricola','SII_CSV'),
('12304-00666-00353','12304','00666','00353','LOTE 1 B- 4 ESTANCIA',3035571,NULL,'W',3035571,NULL,NULL,11800,'R',NULL,'no_agricola','SII_CSV'),
('12304-00666-00354','12304','00666','00354','LOTE 1 B- 5 ESTANCIA',3781601,NULL,'W',3781601,NULL,NULL,14700,'R',NULL,'no_agricola','SII_CSV'),
('12304-00666-00355','12304','00666','00355','LOTE 1 B- 6 ESTANCIA',4193204,NULL,'W',4193204,NULL,NULL,16300,'R',NULL,'no_agricola','SII_CSV'),
('12304-00666-00356','12304','00666','00356','LOTE 1 B- 7 ESTANCIA',4193204,NULL,'W',4193204,NULL,NULL,16300,'R',NULL,'no_agricola','SII_CSV'),
('12304-00666-00357','12304','00666','00357','LOTE 1 B- 8 ESTANCIA',4141753,NULL,'W',4141753,NULL,NULL,16100,'R',NULL,'no_agricola','SII_CSV'),
('12304-00666-00358','12304','00666','00358','LOTE 1 B- 9 ESTANCIA',3781601,NULL,'W',3781601,NULL,NULL,14700,'R',NULL,'no_agricola','SII_CSV'),
('12304-00666-00359','12304','00666','00359','LOTE 1 B- 10 ESTANCIA',4013128,NULL,'W',4013128,NULL,NULL,15600,'R',NULL,'no_agricola','SII_CSV'),
('12304-00671-00029','12304','00671','00029','RETEN PAMPA GUANACO',33597057,NULL,'P',33597057,NULL,NULL,3332,'R',NULL,'no_agricola','SII_CSV'),
('12304-00671-00047','12304','00671','00047','LOTE 12 B',42703794,NULL,'W',42703794,NULL,NULL,200000,'R',NULL,'no_agricola','SII_CSV'),
('12304-00671-00077','12304','00671','00077','LOTE 14 LAGO FAGNANOLT 14 B 3',1311984,NULL,'W',1311984,NULL,NULL,5100,'R',NULL,'no_agricola','SII_CSV'),
('12304-00671-00091','12304','00671','00091','PASO FRONTERIZO LOTE 8',113362916,NULL,'P',113362916,NULL,NULL,24000,'R',NULL,'no_agricola','SII_CSV'),
('12304-00671-00112','12304','00671','00112','LOTE 2 - 4',6431294,NULL,'W',6431294,NULL,NULL,25000,'R',NULL,'no_agricola','SII_CSV'),
('12304-00671-00113','12304','00671','00113','LOTE 2 - 5',6431294,NULL,'W',6431294,NULL,NULL,25000,'R',NULL,'no_agricola','SII_CSV'),
('12304-00671-00114','12304','00671','00114','LOTE 2 - 6',6431294,NULL,'W',6431294,NULL,NULL,25000,'R',NULL,'no_agricola','SII_CSV'),
('12304-00671-00115','12304','00671','00115','LOTE 2 - 7',7717553,NULL,'W',7717553,NULL,NULL,30000,'R',NULL,'no_agricola','SII_CSV'),
('12304-00671-00116','12304','00671','00116','LOTE 2 - 8',7717553,NULL,'W',7717553,NULL,NULL,30000,'R',NULL,'no_agricola','SII_CSV'),
('12304-00671-00117','12304','00671','00117','LOTE 2 - 9',7022973,NULL,'W',7022973,NULL,NULL,35000,'R',NULL,'no_agricola','SII_CSV'),
('12304-00671-00118','12304','00671','00118','LOTE 2 - 10',7074424,NULL,'W',7074424,NULL,NULL,27500,'R',NULL,'no_agricola','SII_CSV'),
('12304-00671-00119','12304','00671','00119','LOTE 2 - 11',7022973,NULL,'W',7022973,NULL,NULL,35000,'R',NULL,'no_agricola','SII_CSV'),
('12304-00671-00120','12304','00671','00120','LOTE 2 - 12',7022973,NULL,'W',7022973,NULL,NULL,35000,'R',NULL,'no_agricola','SII_CSV'),
('12304-00671-00121','12304','00671','00121','LOTE 2 - 13',7717553,NULL,'W',7717553,NULL,NULL,30000,'R',NULL,'no_agricola','SII_CSV'),
('12304-00671-00122','12304','00671','00122','LOTE 2 - 14',7717553,NULL,'W',7717553,NULL,NULL,30000,'R',NULL,'no_agricola','SII_CSV'),
('12304-00671-00123','12304','00671','00123','LOTE 2 - 15',7717553,NULL,'W',7717553,NULL,NULL,30000,'R',NULL,'no_agricola','SII_CSV'),
('12304-00671-00124','12304','00671','00124','LOTE 2 - 16',7717553,NULL,'W',7717553,NULL,NULL,30000,'R',NULL,'no_agricola','SII_CSV'),
('12304-00671-00125','12304','00671','00125','LOTE 2 - 17',7717553,NULL,'W',7717553,NULL,NULL,30000,'R',NULL,'no_agricola','SII_CSV'),
('12304-00671-00126','12304','00671','00126','LOTE 2 - 18',7074424,NULL,'W',7074424,NULL,NULL,27500,'R',NULL,'no_agricola','SII_CSV'),
('12304-00671-00127','12304','00671','00127','LOTE 2 - 19',5762440,NULL,'W',5762440,NULL,NULL,28000,'R',NULL,'no_agricola','SII_CSV'),
('12304-00671-00128','12304','00671','00128','LOTE 2 - 20',7074424,NULL,'W',7074424,NULL,NULL,27500,'R',NULL,'no_agricola','SII_CSV'),
('12304-00671-00129','12304','00671','00129','LOTE 2 - 21',6431294,NULL,'W',6431294,NULL,NULL,25000,'R',NULL,'no_agricola','SII_CSV'),
('12304-00671-00130','12304','00671','00130','LOTE 2 - 22',6431294,NULL,'W',6431294,NULL,NULL,25000,'R',NULL,'no_agricola','SII_CSV'),
('12304-00671-00131','12304','00671','00131','LOTE 2 - 23',6431294,NULL,'W',6431294,NULL,NULL,25000,'R',NULL,'no_agricola','SII_CSV'),
('12304-00671-00132','12304','00671','00132','LOTE 2 - 24',6431294,NULL,'W',6431294,NULL,NULL,25000,'R',NULL,'no_agricola','SII_CSV'),
('12304-00671-00133','12304','00671','00133','LOTE 2 - 25',7717553,NULL,'W',7717553,NULL,NULL,30000,'R',NULL,'no_agricola','SII_CSV'),
('12304-00671-00134','12304','00671','00134','LOTE 2 - 26',6431294,NULL,'W',6431294,NULL,NULL,25000,'R',NULL,'no_agricola','SII_CSV'),
('12304-00671-00135','12304','00671','00135','LOTE 2 - 27',5788165,NULL,'W',5788165,NULL,NULL,25000,'R',NULL,'no_agricola','SII_CSV'),
('12304-00671-00136','12304','00671','00136','LOTE 2 - 28',5788165,NULL,'W',5788165,NULL,NULL,25000,'R',NULL,'no_agricola','SII_CSV'),
('12304-00671-00137','12304','00671','00137','LOTE 2 - 29',5788165,NULL,'W',5788165,NULL,NULL,25000,'R',NULL,'no_agricola','SII_CSV'),
('12304-00671-00138','12304','00671','00138','LOTE 2 - 30',6431294,NULL,'W',6431294,NULL,NULL,25000,'R',NULL,'no_agricola','SII_CSV'),
('12304-00671-00139','12304','00671','00139','LOTE 2 - 31',5788165,NULL,'W',5788165,NULL,NULL,25000,'R',NULL,'no_agricola','SII_CSV'),
('12304-00671-00140','12304','00671','00140','LOTE 2 - 32',6431294,NULL,'W',6431294,NULL,NULL,25000,'R',NULL,'no_agricola','SII_CSV'),
('12304-00671-00141','12304','00671','00141','LOTE 2 - 33',6431294,NULL,'W',6431294,NULL,NULL,25000,'R',NULL,'no_agricola','SII_CSV'),
('12304-00671-00142','12304','00671','00142','LOTE 2 - 34',6431294,NULL,'W',6431294,NULL,NULL,25000,'R',NULL,'no_agricola','SII_CSV'),
('12304-00671-00143','12304','00671','00143','LOTE 2 - 35',6431294,NULL,'W',6431294,NULL,NULL,25000,'R',NULL,'no_agricola','SII_CSV'),
('12304-00671-00144','12304','00671','00144','LOTE 2 - 36',6431294,NULL,'W',6431294,NULL,NULL,25000,'R',NULL,'no_agricola','SII_CSV'),
('12304-00671-00145','12304','00671','00145','LOTE 2 - 37',5145035,NULL,'W',5145035,NULL,NULL,25000,'R',NULL,'no_agricola','SII_CSV'),
('12304-00671-00146','12304','00671','00146','LOTE 2 - 38',6431294,NULL,'W',6431294,NULL,NULL,25000,'R',NULL,'no_agricola','SII_CSV'),
('12304-00671-00147','12304','00671','00147','LOTE 2 - 39',5788165,NULL,'W',5788165,NULL,NULL,25000,'R',NULL,'no_agricola','SII_CSV'),
('12304-00671-00148','12304','00671','00148','LOTE 2 - 40',4630532,NULL,'W',4630532,NULL,NULL,20000,'R',NULL,'no_agricola','SII_CSV'),
('12304-00671-00149','12304','00671','00149','LOTE 2 - 41',5145035,NULL,'W',5145035,NULL,NULL,20000,'R',NULL,'no_agricola','SII_CSV'),
('12304-00671-00150','12304','00671','00150','LOTE 2 - 42',5145035,NULL,'W',5145035,NULL,NULL,20000,'R',NULL,'no_agricola','SII_CSV'),
('12304-00671-00151','12304','00671','00151','LOTE 2 - 43',5145035,NULL,'W',5145035,NULL,NULL,20000,'R',NULL,'no_agricola','SII_CSV'),
('12304-00671-00153','12304','00671','00153','LOTE 3 - 1 - 2',2058014,NULL,'W',2058014,NULL,NULL,8000,'R',NULL,'no_agricola','SII_CSV'),
('12304-00671-00155','12304','00671','00155','LOTE 3 - 1 - 4',1620686,NULL,'W',1620686,NULL,NULL,7000,'R',NULL,'no_agricola','SII_CSV'),
('12304-00671-00156','12304','00671','00156','LOTE 3 - 1 - 5',1800762,NULL,'W',1800762,NULL,NULL,7000,'R',NULL,'no_agricola','SII_CSV'),
('12304-00671-00158','12304','00671','00158','LOTE 3 - 1 - 7',1800762,NULL,'W',1800762,NULL,NULL,7000,'R',NULL,'no_agricola','SII_CSV'),
('12304-00671-00161','12304','00671','00161','LOTE 3 - 1 - 10',1543511,NULL,'W',1543511,NULL,NULL,6000,'R',NULL,'no_agricola','SII_CSV'),
('12304-00671-00162','12304','00671','00162','LOTE 3 - 1 - 11',1543511,NULL,'W',1543511,NULL,NULL,6000,'R',NULL,'no_agricola','SII_CSV'),
('12304-00671-00163','12304','00671','00163','LOTE 3 - 1 - 12',2058014,NULL,'W',2058014,NULL,NULL,10000,'R',NULL,'no_agricola','SII_CSV'),
('12304-00671-00164','12304','00671','00164','LOTE 3 - 1 - 13',2829769,NULL,'W',2829769,NULL,NULL,11000,'R',NULL,'no_agricola','SII_CSV'),
('12304-00671-00165','12304','00671','00165','LOTE 3 - 1 - 14',2881220,NULL,'W',2881220,NULL,NULL,14000,'R',NULL,'no_agricola','SII_CSV'),
('12304-00671-00166','12304','00671','00166','LOTE 3 - 1 - 15',2881220,NULL,'W',2881220,NULL,NULL,14000,'R',NULL,'no_agricola','SII_CSV'),
('12304-00671-00168','12304','00671','00168','LOTE 3 - 1 - 17',3858777,NULL,'W',3858777,NULL,NULL,15000,'R',NULL,'no_agricola','SII_CSV'),
('12304-00671-00172','12304','00671','00172','LOTE 3 - 1 - 21',5968241,NULL,'W',5968241,NULL,NULL,29000,'R',NULL,'no_agricola','SII_CSV'),
('12304-00671-00173','12304','00671','00173','LOTE 3 - 1 - 22',4373280,NULL,'W',4373280,NULL,NULL,17000,'R',NULL,'no_agricola','SII_CSV'),
('12304-00671-00175','12304','00671','00175','LOTE 3 - 1 - 24',5916791,NULL,'W',5916791,NULL,NULL,23000,'R',NULL,'no_agricola','SII_CSV'),
('12304-00671-00176','12304','00671','00176','LOTE 3 - 1 - 25',5916791,NULL,'W',5916791,NULL,NULL,23000,'R',NULL,'no_agricola','SII_CSV'),
('12304-00671-00177','12304','00671','00177','LOTE 3 - 1 - 26',3087021,NULL,'W',3087021,NULL,NULL,12000,'R',NULL,'no_agricola','SII_CSV'),
('12304-00671-00178','12304','00671','00178','LOTE 3 - 1 - 27',3087021,NULL,'W',3087021,NULL,NULL,12000,'R',NULL,'no_agricola','SII_CSV'),
('12304-00671-00179','12304','00671','00179','LOTE 3 - 1 - 28',7717553,NULL,'W',7717553,NULL,NULL,30000,'R',NULL,'no_agricola','SII_CSV'),
('12304-00671-00181','12304','00671','00181','LOTE 3 - 1 - 30',3704425,NULL,'W',3704425,NULL,NULL,18000,'R',NULL,'no_agricola','SII_CSV'),
('12304-00671-00183','12304','00671','00183','LOTE 3 - 1 - 32',4630532,NULL,'W',4630532,NULL,NULL,20000,'R',NULL,'no_agricola','SII_CSV'),
('12304-00671-00184','12304','00671','00184','LOTE 3 - 1 - 33',1620686,NULL,'W',1620686,NULL,NULL,7000,'R',NULL,'no_agricola','SII_CSV'),
('12304-00671-00187','12304','00671','00187','LOTE 3 - 1 - 36',2881220,NULL,'W',2881220,NULL,NULL,14000,'R',NULL,'no_agricola','SII_CSV'),
('12304-00671-00188','12304','00671','00188','LOTE 3 - 1 - 37',9518315,NULL,'W',9518315,NULL,NULL,50000,'R',NULL,'no_agricola','SII_CSV'),
('12304-00671-00189','12304','00671','00189','LOTE 3 - 1 - 38',4373280,NULL,'W',4373280,NULL,NULL,17000,'R',NULL,'no_agricola','SII_CSV'),
('12304-00671-00190','12304','00671','00190','LOTE 3 - 1 - 39',2315266,NULL,'W',2315266,NULL,NULL,10000,'R',NULL,'no_agricola','SII_CSV'),
('12304-00671-00192','12304','00671','00192','LOTE 3 - 1 - 41',9518315,NULL,'W',9518315,NULL,NULL,50000,'R',NULL,'no_agricola','SII_CSV'),
('12304-00671-00195','12304','00671','00195','LOTE 3 - 1 - 44',3472899,NULL,'W',3472899,NULL,NULL,15000,'R',NULL,'no_agricola','SII_CSV'),
('12304-00671-00196','12304','00671','00196','LOTE 3 - 1 - 45',4116028,NULL,'W',4116028,NULL,NULL,20000,'R',NULL,'no_agricola','SII_CSV'),
('12304-00671-00197','12304','00671','00197','LOTE 3 - 1 - 46',3472899,NULL,'W',3472899,NULL,NULL,15000,'R',NULL,'no_agricola','SII_CSV'),
('12304-00671-00198','12304','00671','00198','LOTE 3 - 1 - 47',3910227,NULL,'W',3910227,NULL,NULL,19000,'R',NULL,'no_agricola','SII_CSV'),
('12304-00671-00199','12304','00671','00199','LOTE 3 - 1 - 48',3704425,NULL,'W',3704425,NULL,NULL,16000,'R',NULL,'no_agricola','SII_CSV'),
('12304-00671-00200','12304','00671','00200','LOTE 3 - 1 - 49',4167479,NULL,'W',4167479,NULL,NULL,18000,'R',NULL,'no_agricola','SII_CSV'),
('12304-00671-00202','12304','00671','00202','LOTE 3 - 1 - 51',4167479,NULL,'W',4167479,NULL,NULL,18000,'R',NULL,'no_agricola','SII_CSV'),
('12304-00671-00203','12304','00671','00203','LOTE 3 - 1 - 52',4167479,NULL,'W',4167479,NULL,NULL,18000,'R',NULL,'no_agricola','SII_CSV'),
('12304-00671-00204','12304','00671','00204','LOTE 3 - 1 - 53',3498624,NULL,'W',3498624,NULL,NULL,17000,'R',NULL,'no_agricola','SII_CSV'),
('12304-00671-00205','12304','00671','00205','LOTE 3 - 1 - 54',20142814,NULL,'W',20142814,NULL,NULL,90000,'R',NULL,'no_agricola','SII_CSV'),
('12304-00671-00206','12304','00671','00206','LOTE 3 - 1 - 55',3704425,NULL,'W',3704425,NULL,NULL,18000,'R',NULL,'no_agricola','SII_CSV'),
('12304-00671-00207','12304','00671','00207','LOTE 3 - 1 - 56',4116028,NULL,'W',4116028,NULL,NULL,20000,'R',NULL,'no_agricola','SII_CSV'),
('12304-00671-00208','12304','00671','00208','LOTE 3 - 1 - 57',9137583,NULL,'W',9137583,NULL,NULL,37000,'R',NULL,'no_agricola','SII_CSV'),
('12304-00671-00209','12304','00671','00209','LOTE 3 - 1 - 58',5916791,NULL,'W',5916791,NULL,NULL,23000,'R',NULL,'no_agricola','SII_CSV'),
('12304-00671-00210','12304','00671','00210','LOTE 3 - 1 - 59',9384545,NULL,'W',9384545,NULL,NULL,38000,'R',NULL,'no_agricola','SII_CSV'),
('12304-00671-00214','12304','00671','00214','LOTE 3 - 1 - 63',7820454,NULL,'W',7820454,NULL,NULL,40000,'R',NULL,'no_agricola','SII_CSV'),
('12304-00671-00219','12304','00671','00219','LOTE 3 - 2 - 1',1852213,NULL,'W',1852213,NULL,NULL,9000,'R',NULL,'no_agricola','SII_CSV'),
('12304-00671-00220','12304','00671','00220','LOTE 3 - 2 - 2',1852213,NULL,'W',1852213,NULL,NULL,8000,'R',NULL,'no_agricola','SII_CSV'),
('12304-00671-00222','12304','00671','00222','LOTE 3 - 2 - 4',2315266,NULL,'W',2315266,NULL,NULL,9000,'R',NULL,'no_agricola','SII_CSV'),
('12304-00671-00224','12304','00671','00224','LOTE 3 - 2 - 6',1800762,NULL,'W',1800762,NULL,NULL,7000,'R',NULL,'no_agricola','SII_CSV'),
('12304-00671-00225','12304','00671','00225','LOTE 3 - 2 - 7',1620686,NULL,'W',1620686,NULL,NULL,7000,'R',NULL,'no_agricola','SII_CSV'),
('12304-00671-00226','12304','00671','00226','LOTE 3 - 2 - 8',1157633,NULL,'W',1157633,NULL,NULL,5000,'R',NULL,'no_agricola','SII_CSV'),
('12304-00671-00228','12304','00671','00228','LOTE 3 - 2 - 10',1543511,NULL,'W',1543511,NULL,NULL,6000,'R',NULL,'no_agricola','SII_CSV'),
('12304-00671-00229','12304','00671','00229','LOTE 3 - 2 - 11',1543511,NULL,'W',1543511,NULL,NULL,6000,'R',NULL,'no_agricola','SII_CSV'),
('12304-00671-00238','12304','00671','00238','LOTE 5 -B 2 LAGO',2572518,NULL,'W',2572518,NULL,NULL,10000,'R',NULL,'no_agricola','SII_CSV'),
('12304-00671-00240','12304','00671','00240','LOTE 5 -B 4 LAGO',208185013,NULL,'V',208185013,NULL,NULL,11000,'R',NULL,'no_agricola','SII_CSV'),
('12304-00671-00243','12304','00671','00243','LOTE 4 -A- 1 ESTANCIA',1286259,NULL,'W',1286259,NULL,NULL,5000,'R',NULL,'no_agricola','SII_CSV'),
('12304-00671-00244','12304','00671','00244','LOTE 4 -A- 2 ESTANCIA',1286259,NULL,'W',1286259,NULL,NULL,5000,'R',NULL,'no_agricola','SII_CSV'),
('12304-00671-00249','12304','00671','00249','LOTE 4 -A- 7 ESTANCIA',1286259,NULL,'W',1286259,NULL,NULL,5000,'R',NULL,'no_agricola','SII_CSV'),
('12304-00671-00261','12304','00671','00261','LOTE 4 -A- 19 ESTANCIA',1286259,NULL,'W',1286259,NULL,NULL,5000,'R',NULL,'no_agricola','SII_CSV'),
('12304-00671-00262','12304','00671','00262','LOTE 4 -A- 20 ESTANCIA',1286259,NULL,'W',1286259,NULL,NULL,5000,'R',NULL,'no_agricola','SII_CSV'),
('12304-00671-00263','12304','00671','00263','LOTE 4 -A- 21 ESTANCIA',1286259,NULL,'W',1286259,NULL,NULL,5000,'R',NULL,'no_agricola','SII_CSV'),
('12304-00671-00264','12304','00671','00264','LOTE 4 -A- 22 ESTANCIA',1286259,NULL,'W',1286259,NULL,NULL,5000,'R',NULL,'no_agricola','SII_CSV'),
('12304-00671-00265','12304','00671','00265','LOTE 4 -A- 23 ESTANCIA',1286259,NULL,'W',1286259,NULL,NULL,5000,'R',NULL,'no_agricola','SII_CSV'),
('12304-00671-00266','12304','00671','00266','LOTE 4 -A- 24 ESTANCIA',1286259,NULL,'W',1286259,NULL,NULL,5000,'R',NULL,'no_agricola','SII_CSV'),
('12304-00671-00267','12304','00671','00267','LOTE 4 -A- 25 ESTANCIA',1286259,NULL,'W',1286259,NULL,NULL,5000,'R',NULL,'no_agricola','SII_CSV'),
('12304-00671-00268','12304','00671','00268','LOTE 4 -A- 26 ESTANCIA',1286259,NULL,'W',1286259,NULL,NULL,5000,'R',NULL,'no_agricola','SII_CSV'),
('12304-00671-00269','12304','00671','00269','LOTE 4 -A- 27 ESTANCIA',1286259,NULL,'W',1286259,NULL,NULL,5000,'R',NULL,'no_agricola','SII_CSV'),
('12304-00671-00270','12304','00671','00270','LOTE 4 -A- 28 ESTANCIA',1286259,NULL,'W',1286259,NULL,NULL,5000,'R',NULL,'no_agricola','SII_CSV'),
('12304-00671-00271','12304','00671','00271','LOTE 4 -A- 29 ESTANCIA',1286259,NULL,'W',1286259,NULL,NULL,5000,'R',NULL,'no_agricola','SII_CSV'),
('12304-00671-00284','12304','00671','00284','LOTE 4 -A- 42 ESTANCIA',1286259,NULL,'W',1286259,NULL,NULL,5000,'R',NULL,'no_agricola','SII_CSV'),
('12304-00671-00285','12304','00671','00285','LOTE 4 -A- 43 ESTANCIA',1286259,NULL,'W',1286259,NULL,NULL,5000,'R',NULL,'no_agricola','SII_CSV'),
('12304-00671-00286','12304','00671','00286','LOTE 4 -A- 44 ESTANCIA',1286259,NULL,'W',1286259,NULL,NULL,5000,'R',NULL,'no_agricola','SII_CSV'),
('12304-00671-00287','12304','00671','00287','LOTE 4 -A- 45 ESTANCIA',1286259,NULL,'W',1286259,NULL,NULL,5000,'R',NULL,'no_agricola','SII_CSV'),
('12304-00671-00288','12304','00671','00288','LOTE 4 -A- 46 ESTANCIA',1286259,NULL,'W',1286259,NULL,NULL,5000,'R',NULL,'no_agricola','SII_CSV'),
('12304-00671-00290','12304','00671','00290','LOTE 4 -A- 48 ESTANCIA',1286259,NULL,'W',1286259,NULL,NULL,5000,'R',NULL,'no_agricola','SII_CSV'),
('12304-00671-00291','12304','00671','00291','LOTE 4 -A- 49 ESTANCIA',1286259,NULL,'W',1286259,NULL,NULL,5000,'R',NULL,'no_agricola','SII_CSV'),
('12304-00671-00292','12304','00671','00292','LOTE 4 -A- 50 ESTANCIA',1286259,NULL,'W',1286259,NULL,NULL,5000,'R',NULL,'no_agricola','SII_CSV'),
('12304-00671-00293','12304','00671','00293','LOTE 4 -A- 51 ESTANCIA',1286259,NULL,'W',1286259,NULL,NULL,5000,'R',NULL,'no_agricola','SII_CSV'),
('12304-00671-00298','12304','00671','00298','LOTE F 01 RIO',1302723,NULL,'W',1302723,NULL,NULL,5064,'R',NULL,'no_agricola','SII_CSV'),
('12304-00671-00299','12304','00671','00299','LOTE F 02 RIO',1287802,NULL,'W',1287802,NULL,NULL,5006,'R',NULL,'no_agricola','SII_CSV'),
('12304-00671-00301','12304','00671','00301','LOTE F 04 RIO',1159717,NULL,'W',1159717,NULL,NULL,5009,'R',NULL,'no_agricola','SII_CSV'),
('12304-00671-00302','12304','00671','00302','LOTE F 05 RIO',1163421,NULL,'W',1163421,NULL,NULL,5025,'R',NULL,'no_agricola','SII_CSV'),
('12304-00671-00360','12304','00671','00360','LOTE 4 - B- 50',1286259,NULL,'W',1286259,NULL,NULL,5000,'R',NULL,'no_agricola','SII_CSV'),
('12304-00671-00361','12304','00671','00361','LOTE 4 - B- 51',1286259,NULL,'W',1286259,NULL,NULL,5000,'R',NULL,'no_agricola','SII_CSV'),
('12304-00671-00366','12304','00671','00366','LOTE AZ 1',2665643,NULL,'W',2665643,NULL,NULL,10362,'R',NULL,'no_agricola','SII_CSV'),
('12304-00671-00386','12304','00671','00386','LOTE 11 - 10 ESTANCIA',3730151,NULL,'W',3730151,NULL,NULL,14500,'R',NULL,'no_agricola','SII_CSV'),
('12304-00671-00389','12304','00671','00389','LOTE 11 - 13 ESTANCIA',3524349,NULL,'W',3524349,NULL,NULL,13700,'R',NULL,'no_agricola','SII_CSV'),
('12304-00671-00390','12304','00671','00390','LOTE 11 - 14 ESTANCIA',3447174,NULL,'W',3447174,NULL,NULL,13400,'R',NULL,'no_agricola','SII_CSV'),
('12304-00671-00391','12304','00671','00391','LOTE 11 - 15 ESTANCIA',3447174,NULL,'W',3447174,NULL,NULL,13400,'R',NULL,'no_agricola','SII_CSV'),
('12304-00671-00413','12304','00671','00413','LOTE 11 - 37 ESTANCIA',3550074,NULL,'W',3550074,NULL,NULL,13800,'R',NULL,'no_agricola','SII_CSV'),
('12304-00671-00414','12304','00671','00414','LOTE 11 - 38 ESTANCIA',3498624,NULL,'W',3498624,NULL,NULL,13600,'R',NULL,'no_agricola','SII_CSV'),
('12304-00671-00415','12304','00671','00415','LOTE 11 - 39 Estancia',3498624,NULL,'W',3498624,NULL,NULL,13600,'R',NULL,'no_agricola','SII_CSV'),
('12304-00671-00416','12304','00671','00416','LOTE 11 - 40 Estancia',3550074,NULL,'W',3550074,NULL,NULL,13800,'R',NULL,'no_agricola','SII_CSV'),
('12304-00671-00419','12304','00671','00419','LOTE 11 - 43 Estancia',3575800,NULL,'W',3575800,NULL,NULL,13900,'R',NULL,'no_agricola','SII_CSV'),
('12304-00671-00431','12304','00671','00431','LOTE 11 - 55 ESTANCIA',3755876,NULL,'W',3755876,NULL,NULL,14600,'R',NULL,'no_agricola','SII_CSV'),
('12304-00671-00442','12304','00671','00442','LOTE 11 - 66 Estancia',5273661,NULL,'W',5273661,NULL,NULL,20500,'R',NULL,'no_agricola','SII_CSV'),
('12304-00671-00443','12304','00671','00443','LOTE 11 - 67 Estancia',5247936,NULL,'W',5247936,NULL,NULL,20400,'R',NULL,'no_agricola','SII_CSV'),
('12304-00671-00462','12304','00671','00462','LOTE 11 - 86 ESTANCIA',5145035,NULL,'W',5145035,NULL,NULL,20000,'R',NULL,'no_agricola','SII_CSV'),
('12304-00671-00463','12304','00671','00463','LOTE 11 - 87 Estancia',5196486,NULL,'W',5196486,NULL,NULL,20200,'R',NULL,'no_agricola','SII_CSV'),
('12304-00672-00006','12304','00672','00006','FIORDO PARRY XII 3 484 CR',1260534,NULL,'W',1260534,NULL,NULL,4900,'R',NULL,'no_agricola','SII_CSV'),
('12304-00672-00008','12304','00672','00008','PL XII 3 517 CR',11113276,NULL,'W',11113276,NULL,NULL,60000,'R',NULL,'no_agricola','SII_CSV'),
('12304-00672-00009','12304','00672','00009','PL XII 3 518 CR',11113276,NULL,'W',11113276,NULL,NULL,60000,'R',NULL,'no_agricola','SII_CSV'),
('12304-00672-00010','12304','00672','00010','CONCESION MARITIMA DS 163 CALETA PTA BAJ',4231792,NULL,'V',4231792,NULL,NULL,16450,'R',NULL,'no_agricola','SII_CSV'),
('12304-00672-00012','12304','00672','00012','CALETA MARIA-RIO AZOPARDO',5659539,NULL,'W',5659539,NULL,NULL,22000,'R',NULL,'no_agricola','SII_CSV'),
('12304-00672-00014','12304','00672','00014','CALETA MARIA-RIO AZOPARDO',3436884,NULL,'W',3436884,NULL,NULL,16700,'R',NULL,'no_agricola','SII_CSV'),
('12304-00672-00024','12304','00672','00024','LAGO FAGNANO RA- 2 A',5299386,NULL,'W',5299386,NULL,NULL,20600,'R',NULL,'no_agricola','SII_CSV'),
('12304-00672-00027','12304','00672','00027','RIO AZOPARDO RA- 2 D',4862058,NULL,'W',4862058,NULL,NULL,21000,'R',NULL,'no_agricola','SII_CSV'),
('12304-00672-00031','12304','00672','00031','LAGO FAGNANO-RIO AZOPARDO',4579082,NULL,'W',4579082,NULL,NULL,17800,'R',NULL,'no_agricola','SII_CSV'),
('12304-00672-00033','12304','00672','00033','LAGO FAGNANO-RIO AZOPARDO',3766166,NULL,'W',3766166,NULL,NULL,18300,'R',NULL,'no_agricola','SII_CSV'),
('12304-00672-00036','12304','00672','00036','LAGO FAGNANO-RIO AZOPARDO',4260089,NULL,'W',4260089,NULL,NULL,20700,'R',NULL,'no_agricola','SII_CSV'),
('12304-00672-00038','12304','00672','00038','LAGO FAGNANO-RIO AZOPARDO',4856913,NULL,'W',4856913,NULL,NULL,23600,'R',NULL,'no_agricola','SII_CSV')
ON CONFLICT (rol) DO UPDATE SET
  avaluo_total_vigente = EXCLUDED.avaluo_total_vigente,
  contribucion_semestre = EXCLUDED.contribucion_semestre,
  destino_sii          = EXCLUDED.destino_sii,
  avaluo_total_exento  = EXCLUDED.avaluo_total_exento,
  sup_terreno_m2       = EXCLUDED.sup_terreno_m2,
  cod_ubicacion        = EXCLUDED.cod_ubicacion,
  fuente_datos         = 'SII_CSV',
  fecha_actualizacion  = now();

-- ─────────────────────────────────────────────────
-- NL: BRTMPCATASNL_2025_2_12304  |  CÓDIGO 12304
-- 42 filas
-- ─────────────────────────────────────────────────
INSERT INTO catastro.construcciones (
  rol, numero_construccion, material_codigo,
  calidad_codigo, anio_construccion,
  sup_total_m2, destino_construccion, condicion_especial,
  numero_pisos, fuente_datos
) VALUES
('12304-00666-00017',1,'E',4,1973,58,'H',NULL,1,'SII_CSV'),
('12304-00666-00018',1,'E',4,1973,58,'H',NULL,1,'SII_CSV'),
('12304-00666-00019',1,'E',4,1973,58,'H',NULL,1,'SII_CSV'),
('12304-00666-00020',1,'E',4,1973,58,'H',NULL,1,'SII_CSV'),
('12304-00666-00021',1,'E',4,1973,56,'H',NULL,1,'SII_CSV'),
('12304-00666-00022',1,'E',4,1973,56,'H',NULL,1,'SII_CSV'),
('12304-00666-00023',1,'E',4,1973,56,'H',NULL,1,'SII_CSV'),
('12304-00666-00024',1,'E',4,1970,56,'H',NULL,1,'SII_CSV'),
('12304-00666-00025',1,'E',4,1967,66,'H',NULL,1,'SII_CSV'),
('12304-00666-00026',1,'E',4,1967,59,'H',NULL,1,'SII_CSV'),
('12304-00666-00027',1,'E',4,1970,58,'H',NULL,1,'SII_CSV'),
('12304-00666-00028',1,'E',4,1970,58,'H',NULL,1,'SII_CSV'),
('12304-00666-00029',1,'E',4,1970,49,'H',NULL,1,'SII_CSV'),
('12304-00666-00044',1,'E',3,1982,227,'P',NULL,1,'SII_CSV'),
('12304-00666-00044',2,'E',3,1981,114,'H',NULL,1,'SII_CSV'),
('12304-00666-00044',3,'E',3,1981,55,'H',NULL,1,'SII_CSV'),
('12304-00666-00044',4,'E',3,1981,55,'H',NULL,1,'SII_CSV'),
('12304-00666-00044',5,'E',3,1983,140,'H',NULL,1,'SII_CSV'),
('12304-00666-00044',6,'E',3,1986,128,'S',NULL,1,'SII_CSV'),
('12304-00666-00044',7,'E',3,1986,80,'P',NULL,1,'SII_CSV'),
('12304-00666-00044',8,'E',4,1986,90,'L',NULL,1,'SII_CSV'),
('12304-00666-00044',9,'G',3,2010,117,'E',NULL,1,'SII_CSV'),
('12304-00666-00062',1,'E',3,1960,99,'O',NULL,1,'SII_CSV'),
('12304-00666-00062',2,'E',3,1970,73,'H',NULL,1,'SII_CSV'),
('12304-00666-00062',3,'E',3,1976,74,'H',NULL,1,'SII_CSV'),
('12304-00666-00062',4,'E',4,2005,37,'H',NULL,1,'SII_CSV'),
('12304-00666-00071',1,'E',3,1997,121,'H',NULL,1,'SII_CSV'),
('12304-00666-00071',2,'E',3,1997,121,'H',NULL,1,'SII_CSV'),
('12304-00666-00071',3,'GA',2,1997,504,'I',NULL,1,'SII_CSV'),
('12304-00671-00029',1,'E',3,1990,129,'O',NULL,1,'SII_CSV'),
('12304-00671-00029',2,'E',3,1918,80,'L',NULL,1,'SII_CSV'),
('12304-00671-00091',1,'E',3,2012,320,'P',NULL,1,'SII_CSV'),
('12304-00671-00240',1,'E',3,2010,258,'V',NULL,1,'SII_CSV'),
('12304-00671-00240',2,'E',3,2010,124,'V',NULL,1,'SII_CSV'),
('12304-00671-00240',3,'E',3,2010,35,'V',NULL,1,'SII_CSV'),
('12304-00671-00240',4,'E',3,2010,36,'V',NULL,1,'SII_CSV'),
('12304-00671-00240',5,'E',3,2010,46,'V',NULL,1,'SII_CSV'),
('12304-00671-00240',6,'A',3,2010,20,'V',NULL,1,'SII_CSV'),
('12304-00671-00240',7,'A',3,2010,20,'O',NULL,1,'SII_CSV'),
('12304-00671-00240',8,'E',3,2010,29,'L',NULL,1,'SII_CSV'),
('12304-00671-00240',9,'A',3,2010,15,'L',NULL,1,'SII_CSV'),
('12304-00671-00240',10,'A',3,2010,30,'L',NULL,1,'SII_CSV')
ON CONFLICT (rol, numero_construccion) DO UPDATE SET
  material_codigo       = EXCLUDED.material_codigo,
  calidad_codigo        = EXCLUDED.calidad_codigo,
  anio_construccion     = EXCLUDED.anio_construccion,
  sup_total_m2          = EXCLUDED.sup_total_m2,
  destino_construccion  = EXCLUDED.destino_construccion,
  condicion_especial    = EXCLUDED.condicion_especial,
  numero_pisos          = EXCLUDED.numero_pisos;

-- ─────────────────────────────────────────────────
-- A: BRTMPCATASA_2025_2_12304  |  CÓDIGO 12304
-- 125 filas
-- ─────────────────────────────────────────────────
INSERT INTO catastro.predios (
  rol, codigo_comuna, manzana, predio, direccion,
  avaluo_total_vigente, contribucion_semestre,
  destino_sii, avaluo_total_exento,
  cod_ubicacion, serie_predio, fuente_datos
) VALUES
('12304-00666-00003','12304','00666','00003','ESTANCIA CAMERON PREDIO 1',3080217055,NULL,'A',3080217055,'R','agricola','SII_CSV'),
('12304-00666-00004','12304','00666','00004','KM 150 CAMERON',10469623556,NULL,'A',10469623556,'R','agricola','SII_CSV'),
('12304-00666-00011','12304','00666','00011','PUERTO YARTOU LT 2 A',191747307,NULL,'A',191747307,'R','agricola','SII_CSV'),
('12304-00666-00012','12304','00666','00012','EST DARWIN LT 1 B',332178941,NULL,'A',332178941,'R','agricola','SII_CSV'),
('12304-00666-00014','12304','00666','00014','LOTE 5 -A TIMAUKEL',719204189,NULL,'A',719204189,'R','agricola','SII_CSV'),
('12304-00666-00015','12304','00666','00015','LOTE DOS A ( 2 A)',219535964,NULL,'A',219535964,'R','agricola','SII_CSV'),
('12304-00666-00030','12304','00666','00030','LT 4 PL XII 3 269',142366921,NULL,'A',142366921,'R','agricola','SII_CSV'),
('12304-00666-00031','12304','00666','00031','EST SANDRA EL MEDIO',337876713,NULL,'A',337876713,'R','agricola','SII_CSV'),
('12304-00666-00032','12304','00666','00032','PIRUCHA',641199936,NULL,'A',641199936,'R','agricola','SII_CSV'),
('12304-00666-00033','12304','00666','00033','VERANADA VICENTE',539320444,NULL,'A',539320444,'R','agricola','SII_CSV'),
('12304-00666-00034','12304','00666','00034','EST SANDRA R CHICO ABAJ',388250975,NULL,'A',388250975,'R','agricola','SII_CSV'),
('12304-00666-00035','12304','00666','00035','RIO CHICO ARRIBA',392951350,NULL,'A',392951350,'R','agricola','SII_CSV'),
('12304-00666-00036','12304','00666','00036','LAS SEGADAS',302658293,NULL,'A',302658293,'R','agricola','SII_CSV'),
('12304-00666-00037','12304','00666','00037','ESTANCIA EL EDEN',321579745,NULL,'A',321579745,'R','agricola','SII_CSV'),
('12304-00666-00038','12304','00666','00038','LOTE N 8 MUNETA MEDIO DE CAMERON',147584907,NULL,'A',147584907,'R','agricola','SII_CSV'),
('12304-00666-00039','12304','00666','00039','MUNETA ABAJO',102812105,NULL,'A',102812105,'R','agricola','SII_CSV'),
('12304-00666-00040','12304','00666','00040','VERANADA 8 NORTE CAMERON TIMAUKEL',290509238,NULL,'A',290509238,'R','agricola','SII_CSV'),
('12304-00666-00041','12304','00666','00041','ESTANCIA CAMPO MONETA',245315774,NULL,'A',245315774,'R','agricola','SII_CSV'),
('12304-00666-00042','12304','00666','00042','ESTANCIA ONAMONTE',4310142210,NULL,'A',4310142210,'R','agricola','SII_CSV'),
('12304-00666-00043','12304','00666','00043','LOTE DOS B ( 2 B)',102279394,NULL,'A',102279394,'R','agricola','SII_CSV'),
('12304-00666-00045','12304','00666','00045','CANCHA RUSSFIN',110745421,NULL,'A',110745421,'R','agricola','SII_CSV'),
('12304-00666-00046','12304','00666','00046','CANCHA ONAMONTE',93211520,NULL,'A',93211520,'R','agricola','SII_CSV'),
('12304-00666-00047','12304','00666','00047','PUERTO YARTOU LOTE 2 A 1',51005546,NULL,'A',51005546,'R','agricola','SII_CSV'),
('12304-00666-00048','12304','00666','00048','PUERTO YARTOU LOTE 2 A 2',1065240,NULL,'A',1065240,'R','agricola','SII_CSV'),
('12304-00666-00051','12304','00666','00051','ESTANCIA LAGO ESCONDIDO',743164146,NULL,'A',743164146,'R','agricola','SII_CSV'),
('12304-00666-00052','12304','00666','00052','LOTE 2 PLANO XII- 3 - 290 TR',113796569,NULL,'A',113796569,'R','agricola','SII_CSV'),
('12304-00666-00055','12304','00666','00055','LOTE 5 B - SECTOR CAMERON - TIERRA DEL F',685254747,NULL,'A',685254747,'R','agricola','SII_CSV'),
('12304-00666-00060','12304','00666','00060','LT 2',8374525,NULL,'A',8374525,'R','agricola','SII_CSV'),
('12304-00666-00063','12304','00666','00063','ISLA VICTORIA LAGO BLANCO PL XII 3 571',2284922,NULL,'A',2284922,'R','agricola','SII_CSV'),
('12304-00666-00064','12304','00666','00064','PUERTO YARTOU LT 2 B',54406864,NULL,'A',54406864,'R','agricola','SII_CSV'),
('12304-00666-00065','12304','00666','00065','PUERTO YARTOU LT 2 C',83354070,NULL,'A',83354070,'R','agricola','SII_CSV'),
('12304-00666-00066','12304','00666','00066','LOTE 2 ANDREA',171677758,NULL,'A',171677758,'R','agricola','SII_CSV'),
('12304-00666-00067','12304','00666','00067','LOTE 3 OLGUITA',171711257,NULL,'A',171711257,'R','agricola','SII_CSV'),
('12304-00666-00068','12304','00666','00068','LOTE 2 SEC CALETA MARIA EST CAMERON',5091015,NULL,'A',5091015,'R','agricola','SII_CSV'),
('12304-00666-00072','12304','00666','00072','LOTE 1 A MIGUELITO',85855628,NULL,'A',85855628,'R','agricola','SII_CSV'),
('12304-00666-00073','12304','00666','00073','LOTE 1 B MIGUELITO',68684502,NULL,'A',68684502,'R','agricola','SII_CSV'),
('12304-00666-00075','12304','00666','00075','ESTANCIA CAMERON LT A LT B',3252593,NULL,'A',3252593,'R','agricola','SII_CSV'),
('12304-00666-00076','12304','00666','00076','MIGUELITOLOTE1 C- 1',26439337,NULL,'A',26439337,'R','agricola','SII_CSV'),
('12304-00666-00077','12304','00666','00077','MIGUELITO LOTE 1 C- 2',32118825,NULL,'A',32118825,'R','agricola','SII_CSV'),
('12304-00666-00078','12304','00666','00078','MIGUELITOLOTE1 C- 3',72546963,NULL,'A',72546963,'R','agricola','SII_CSV'),
('12304-00666-00079','12304','00666','00079','MIGUELITOLOTE1 C- 4',12964411,NULL,'A',12964411,'R','agricola','SII_CSV'),
('12304-00666-00334','12304','00666','00334','ESTANCIA CAMERONSECTOR 1',571152884,NULL,'A',571152884,'R','agricola','SII_CSV'),
('12304-00666-00335','12304','00666','00335','ESTANCIA CAMERONSECTOR 2',140094104,NULL,'A',140094104,'R','agricola','SII_CSV'),
('12304-00671-00004','12304','00671','00004','PUERTO ARTURO (TIERRA DEL FUEGO)',261720648,NULL,'A',261720648,'R','agricola','SII_CSV'),
('12304-00671-00005','12304','00671','00005','LT 2 -C PL 65',378882594,NULL,'A',378882594,'R','agricola','SII_CSV'),
('12304-00671-00006','12304','00671','00006','LT 7 PL XII- 3 - 269',639482876,NULL,'A',639482876,'R','agricola','SII_CSV'),
('12304-00671-00008','12304','00671','00008','LT 6 PL XII- 3 - 269',639963626,NULL,'A',639963626,'R','agricola','SII_CSV'),
('12304-00671-00009','12304','00671','00009','ESTANCIA ENTRE LAGOS',264458678,NULL,'A',264458678,'R','agricola','SII_CSV'),
('12304-00671-00010','12304','00671','00010','LOTE C PLANO 72 -A',61407305,NULL,'A',61407305,'R','agricola','SII_CSV'),
('12304-00671-00011','12304','00671','00011','LOTE 5 -A PAMPA GUANACO LA VICUUEGO',197968477,NULL,'A',197968477,'R','agricola','SII_CSV'),
('12304-00671-00012','12304','00671','00012','ESTANCIA LJBITA KM 260 SUR',298627435,NULL,'A',298627435,'R','agricola','SII_CSV'),
('12304-00671-00013','12304','00671','00013','ESTANCIA EL EDEN',239787911,NULL,'A',239787911,'R','agricola','SII_CSV'),
('12304-00671-00014','12304','00671','00014','ESTANCIA BRIDE',278308057,NULL,'A',278308057,'R','agricola','SII_CSV'),
('12304-00671-00016','12304','00671','00016','EST GUMALAV LT 9 -B PL 6',371719413,NULL,'A',371719413,'R','agricola','SII_CSV'),
('12304-00671-00017','12304','00671','00017','ESTANCIA MARIA TERESA',358718863,NULL,'A',358718863,'R','agricola','SII_CSV'),
('12304-00671-00018','12304','00671','00018','LT 11 PL 62 -A',551071140,NULL,'A',551071140,'R','agricola','SII_CSV'),
('12304-00671-00020','12304','00671','00020','LOTE D VICUNA TIMAUKEL',158414102,NULL,'A',158414102,'R','agricola','SII_CSV'),
('12304-00671-00021','12304','00671','00021','LOTE E PLANO 62 -A',158414102,NULL,'A',158414102,'R','agricola','SII_CSV'),
('12304-00671-00022','12304','00671','00022','LT 12 A 4 EX PC 62',296123625,NULL,'A',296123625,'R','agricola','SII_CSV'),
('12304-00671-00023','12304','00671','00023','LT 1 PL XII- 3 - 314 -TR',26001099,NULL,'A',26001099,'R','agricola','SII_CSV'),
('12304-00671-00026','12304','00671','00026','LT S/N PL XII 3 303',10118189,NULL,'A',10118189,'R','agricola','SII_CSV'),
('12304-00671-00027','12304','00671','00027','ISLA TRES MOGOTES',4407645,NULL,'A',4407645,'R','agricola','SII_CSV'),
('12304-00671-00030','12304','00671','00030','LT 9 PL XII- 3 - 269',260888485,NULL,'A',260888485,'R','agricola','SII_CSV'),
('12304-00671-00031','12304','00671','00031','LT B- 1 PL 62 A',12329198,NULL,'A',12329198,'R','agricola','SII_CSV'),
('12304-00671-00032','12304','00671','00032','MATRERO',124947910,NULL,'A',124947910,'R','agricola','SII_CSV'),
('12304-00671-00033','12304','00671','00033','LAGO FAGNANO COMUNA TIMAUKEL TIERRA DEL',16793126,NULL,'A',16793126,'R','agricola','SII_CSV'),
('12304-00671-00034','12304','00671','00034','LAGO CHICO',33895098,NULL,'A',33895098,'R','agricola','SII_CSV'),
('12304-00671-00035','12304','00671','00035','LT 8 B',225018539,NULL,'A',225018539,'R','agricola','SII_CSV'),
('12304-00671-00036','12304','00671','00036','LT 11 PL XII 3 269',288614490,NULL,'A',288614490,'R','agricola','SII_CSV'),
('12304-00671-00037','12304','00671','00037','LOTE 10 PL XII- 3 - 269 VICUNA',767758289,NULL,'A',767758289,'R','agricola','SII_CSV'),
('12304-00671-00039','12304','00671','00039','LT 14 PL XII- 3 - 269',21253286,NULL,'A',21253286,'R','agricola','SII_CSV'),
('12304-00671-00040','12304','00671','00040','LOTE N 2 CAMPO DEL XX SECTOR VICUNA',44784491,NULL,'A',44784491,'R','agricola','SII_CSV'),
('12304-00671-00041','12304','00671','00041','LT 3 PL XII- 3 - 314 TR',42077491,NULL,'A',42077491,'R','agricola','SII_CSV'),
('12304-00671-00042','12304','00671','00042','LT 4 PL XII- 3 - 314 -TR',58055364,NULL,'A',58055364,'R','agricola','SII_CSV'),
('12304-00671-00043','12304','00671','00043','LOTE 5 CAMPOS DEL XX',73017041,NULL,'A',73017041,'R','agricola','SII_CSV'),
('12304-00671-00044','12304','00671','00044','LT 6 PL XII- 3 - 314 TR',51176766,NULL,'A',51176766,'R','agricola','SII_CSV'),
('12304-00671-00045','12304','00671','00045','SECTOR LAGO BLANCO',5850425,NULL,'A',5850425,'R','agricola','SII_CSV'),
('12304-00671-00046','12304','00671','00046','LT 5 C PAMPA GUANACO',100344982,NULL,'A',100344982,'R','agricola','SII_CSV'),
('12304-00671-00048','12304','00671','00048','LOTE 12 A 1 SECTOR VICUNA',180081684,NULL,'A',180081684,'R','agricola','SII_CSV'),
('12304-00671-00049','12304','00671','00049','LOTE 12 A 2 SECTOR VICUNA',71262270,NULL,'A',71262270,'R','agricola','SII_CSV'),
('12304-00671-00050','12304','00671','00050','LT 12 A 3 SECTOR VICUNA',302864650,NULL,'A',302864650,'R','agricola','SII_CSV'),
('12304-00671-00051','12304','00671','00051','EX LOTE 7 PAMPA GUANACO XII 3 485 CR',5897092,NULL,'A',5897092,'R','agricola','SII_CSV'),
('12304-00671-00064','12304','00671','00064','PAMPA GUANACO LT 5 A 1',11879035,NULL,'A',11879035,'R','agricola','SII_CSV'),
('12304-00671-00065','12304','00671','00065','LT 7 A PL XII 3 565 CR DESEM RIO PARALEL',2108528,NULL,'A',2108528,'R','agricola','SII_CSV'),
('12304-00671-00066','12304','00671','00066','LT 7 B PL XII 3 565 CR DESEM RIO PARALEL',3555226,NULL,'A',3555226,'R','agricola','SII_CSV'),
('12304-00671-00067','12304','00671','00067','ISLA GUANACO LAGO BLANCO PL XII- 3 - 570',2429545,NULL,'A',2429545,'R','agricola','SII_CSV'),
('12304-00671-00068','12304','00671','00068','ESTANCIA LAGO FAGNANOLT 3 B',1477808,NULL,'A',1477808,'R','agricola','SII_CSV'),
('12304-00671-00069','12304','00671','00069','LT B- 2 PL 62 A',22699372,NULL,'A',22699372,'R','agricola','SII_CSV'),
('12304-00671-00070','12304','00671','00070','LT8 A',361423475,NULL,'A',361423475,'R','agricola','SII_CSV'),
('12304-00671-00073','12304','00671','00073','LT 11 B',35757702,NULL,'A',35757702,'R','agricola','SII_CSV'),
('12304-00671-00075','12304','00671','00075','LOTE 14 LAGO FAGNANOLT 14 B 1 PLANO XII',1406394,NULL,'A',1406394,'R','agricola','SII_CSV'),
('12304-00671-00076','12304','00671','00076','LOTE 14 LAGO FAGNANOLT 14 B 2 PLANO XII',651226,NULL,'A',651226,'R','agricola','SII_CSV'),
('12304-00671-00078','12304','00671','00078','LT 13 LAGO DESEADOLT 13 APL XII 3 269 TR',31855899,NULL,'A',31855899,'R','agricola','SII_CSV'),
('12304-00671-00079','12304','00671','00079','LT 13 LAGO DESEADOLT 13 BPL XII 3 269 TR',632135,NULL,'A',632135,'R','agricola','SII_CSV'),
('12304-00671-00080','12304','00671','00080','LT 13 LAGO DESEADOLT 13 DPL XII 3 269 TR',2248532,NULL,'A',2248532,'R','agricola','SII_CSV'),
('12304-00671-00082','12304','00671','00082','LAGO FAGNANOLOTE 14 B 5 - 1',1022149,NULL,'A',1022149,'R','agricola','SII_CSV'),
('12304-00671-00085','12304','00671','00085','LAGO FAGNANOLOTE 14 B 8 - 1',1985496,NULL,'A',1985496,'R','agricola','SII_CSV'),
('12304-00671-00090','12304','00671','00090','ISLA SIN NOMBRELAGO BLANCO',626619,NULL,'A',626619,'R','agricola','SII_CSV'),
('12304-00671-00092','12304','00671','00092','A. AERODROMO AZOPARDOLT CM- 1 PL 12303 -',7952590,NULL,'A',7952590,'R','agricola','SII_CSV'),
('12304-00671-00093','12304','00671','00093','A. AERODROMO AZOPARDOLT CM- 2 PL 12303 -',2038527,NULL,'A',2038527,'R','agricola','SII_CSV'),
('12304-00671-00094','12304','00671','00094','LT S/N LT 1 CALETA MARIA',184063,NULL,'A',184063,'R','agricola','SII_CSV'),
('12304-00671-00095','12304','00671','00095','LT S/N LT 2 CALETA MARIA',182212,NULL,'A',182212,'R','agricola','SII_CSV'),
('12304-00671-00096','12304','00671','00096','LT S/N LT 3 CALETA MARIA',1389423,NULL,'A',1389423,'R','agricola','SII_CSV'),
('12304-00671-00097','12304','00671','00097','LT S/N LT 4 CALETA MARIA',1478516,NULL,'A',1478516,'R','agricola','SII_CSV'),
('12304-00671-00098','12304','00671','00098','LT S/N LT 5 CALETA MARIA',1438212,NULL,'A',1438212,'R','agricola','SII_CSV'),
('12304-00671-00099','12304','00671','00099','LT S/N LT 6 CALETA MARIA',1425484,NULL,'A',1425484,'R','agricola','SII_CSV'),
('12304-00671-00100','12304','00671','00100','LT S/N LT 7 CALETA MARIA',1387301,NULL,'A',1387301,'R','agricola','SII_CSV'),
('12304-00671-00101','12304','00671','00101','LT S/N LT 8 CALETA MARIA',1380938,NULL,'A',1380938,'R','agricola','SII_CSV'),
('12304-00671-00102','12304','00671','00102','LAGO FAGNANOLOTE 14 B 5 - 2',303997,NULL,'A',303997,'R','agricola','SII_CSV'),
('12304-00671-00103','12304','00671','00103','LAGO FAGNANOLOTE 14 B 8 - 2',2553992,NULL,'A',2553992,'R','agricola','SII_CSV'),
('12304-00671-00106','12304','00671','00106','EST. LAGO FAGNANOLOTE 3 D',41820614,NULL,'A',41820614,'R','agricola','SII_CSV'),
('12304-00671-00107','12304','00671','00107','ISLA ARTURO LAGO BLANCO PL- 12303 - 1333',728157,NULL,'A',728157,'R','agricola','SII_CSV'),
('12304-00671-00232','12304','00671','00232','LOTE13 ELAGODESEADO',203641,NULL,'A',203641,'R','agricola','SII_CSV'),
('12304-00671-00233','12304','00671','00233','LOTE13 FLAGODESEADO',475161,NULL,'A',475161,'R','agricola','SII_CSV'),
('12304-00671-00234','12304','00671','00234','LOTE13 GLAGODESEADO',621529,NULL,'A',621529,'R','agricola','SII_CSV'),
('12304-00671-00235','12304','00671','00235','LOTE13 HLAGODESEADO',445464,NULL,'A',445464,'R','agricola','SII_CSV'),
('12304-00671-00236','12304','00671','00236','LOTE13 ILAGODESEADO',1170933,NULL,'A',1170933,'R','agricola','SII_CSV'),
('12304-00671-00242','12304','00671','00242','ISLA REMOTA LAGO BLANCO',430050,NULL,'A',430050,'R','agricola','SII_CSV'),
('12304-00672-00001','12304','00672','00001','LT A PLANO XII 3 464 CR SENO ALMIRANTA 2',362925459,NULL,'A',362925459,'R','agricola','SII_CSV'),
('12304-00672-00002','12304','00672','00002','LT B PL XII 3 465 CR',462170027,NULL,'A',462170027,'R','agricola','SII_CSV'),
('12304-00672-00003','12304','00672','00003','LT C PL XII 3 466 CR',111147046,NULL,'A',111147046,'R','agricola','SII_CSV'),
('12304-00672-00005','12304','00672','00005','LT E PL XII 3 467 CR',142983992,NULL,'A',142983992,'R','agricola','SII_CSV'),
('12304-00672-00007','12304','00672','00007','PARQUE NAC ALBERTO DAGOSTINI',599495772,NULL,'A',599495772,'R','agricola','SII_CSV'),
('12304-00672-00011','12304','00672','00011','FIORDO PARRYPL 12303 - 521 -CR',1414171,NULL,'A',1414171,'R','agricola','SII_CSV'),
('12304-00672-00041','12304','00672','00041','LT B-AZ 2 PLANO 12303 - 1562 SENO ALMIRA',564255,NULL,'A',564255,'R','agricola','SII_CSV')
ON CONFLICT (rol) DO UPDATE SET
  avaluo_total_vigente = EXCLUDED.avaluo_total_vigente,
  contribucion_semestre = EXCLUDED.contribucion_semestre,
  destino_sii          = EXCLUDED.destino_sii,
  avaluo_total_exento  = EXCLUDED.avaluo_total_exento,
  cod_ubicacion        = EXCLUDED.cod_ubicacion,
  fuente_datos         = 'SII_CSV',
  fecha_actualizacion  = now();

-- ─────────────────────────────────────────────────
-- AL: BRTMPCATASAL_2025_2_12304  |  CÓDIGO 12304
-- 126 filas
-- ─────────────────────────────────────────────────
INSERT INTO catastro.suelos_agricolas (
  rol, cod_suelo, sup_ha, fuente_datos
) VALUES
('12304-00666-00003','25',18175.00,'SII_CSV'),
('12304-00666-00004','26',97152.63,'SII_CSV'),
('12304-00666-00011','27',4579.30,'SII_CSV'),
('12304-00666-00012','26',3812.50,'SII_CSV'),
('12304-00666-00014','27',21470.00,'SII_CSV'),
('12304-00666-00015','27',5660.00,'SII_CSV'),
('12304-00666-00030','27',3800.00,'SII_CSV'),
('12304-00666-00031','26',3070.00,'SII_CSV'),
('12304-00666-00032','26',6580.00,'SII_CSV'),
('12304-00666-00033','25',3250.00,'SII_CSV'),
('12304-00666-00034','26',4130.00,'SII_CSV'),
('12304-00666-00035','26',4180.00,'SII_CSV'),
('12304-00666-00036','26',3000.00,'SII_CSV'),
('12304-00666-00037','25',2070.00,'SII_CSV'),
('12304-00666-00038','25',950.00,'SII_CSV'),
('12304-00666-00039','26',1180.00,'SII_CSV'),
('12304-00666-00040','25',1870.00,'SII_CSV'),
('12304-00666-00041','25',1930.00,'SII_CSV'),
('12304-00666-00042','26',49468.57,'SII_CSV'),
('12304-00666-00043','27',2550.00,'SII_CSV'),
('12304-00666-00045','26',1050.00,'SII_CSV'),
('12304-00666-00046','25',600.00,'SII_CSV'),
('12304-00666-00047','27',1522.64,'SII_CSV'),
('12304-00666-00048','27',31.80,'SII_CSV'),
('12304-00666-00051','27',19160.00,'SII_CSV'),
('12304-00666-00052','27',4303.00,'SII_CSV'),
('12304-00666-00055','27',17667.00,'SII_CSV'),
('12304-00666-00060','27',250.00,'SII_CSV'),
('12304-00666-00063','27',129.60,'SII_CSV'),
('12304-00666-00064','27',1562.50,'SII_CSV'),
('12304-00666-00065','27',2306.25,'SII_CSV'),
('12304-00666-00066','27',5125.00,'SII_CSV'),
('12304-00666-00067','27',5126.00,'SII_CSV'),
('12304-00666-00068','22',15.00,'SII_CSV'),
('12304-00666-00072','27',2563.00,'SII_CSV'),
('12304-00666-00073','27',2050.40,'SII_CSV'),
('12304-00666-00075','22',10.00,'SII_CSV'),
('12304-00666-00076','22',98.40,'SII_CSV'),
('12304-00666-00077','22',95.63,'SII_CSV'),
('12304-00666-00078','22',270.00,'SII_CSV'),
('12304-00666-00079','22',38.60,'SII_CSV'),
('12304-00666-00334','26',5300.00,'SII_CSV'),
('12304-00666-00335','26',1300.00,'SII_CSV'),
('12304-00671-00004','27',7813.00,'SII_CSV'),
('12304-00671-00005','28',33225.00,'SII_CSV'),
('12304-00671-00006','28',71031.60,'SII_CSV'),
('12304-00671-00008','28',71085.00,'SII_CSV'),
('12304-00671-00009','27',10000.00,'SII_CSV'),
('12304-00671-00010','27',1935.00,'SII_CSV'),
('12304-00671-00011','27',5347.00,'SII_CSV'),
('12304-00671-00012','26',3101.00,'SII_CSV'),
('12304-00671-00013','26',2490.00,'SII_CSV'),
('12304-00671-00014','26',2890.00,'SII_CSV'),
('12304-00671-00016','26',3860.00,'SII_CSV'),
('12304-00671-00017','26',3725.00,'SII_CSV'),
('12304-00671-00018','26',5722.42,'SII_CSV'),
('12304-00671-00020','26',1645.00,'SII_CSV'),
('12304-00671-00021','26',1645.00,'SII_CSV'),
('12304-00671-00022','26',3075.00,'SII_CSV'),
('12304-00671-00023','26',378.00,'SII_CSV'),
('12304-00671-00026','27',382.60,'SII_CSV'),
('12304-00671-00027','27',250.00,'SII_CSV'),
('12304-00671-00030','27',9865.00,'SII_CSV'),
('12304-00671-00031','26',179.24,'SII_CSV'),
('12304-00671-00032','27',3730.00,'SII_CSV'),
('12304-00671-00033','27',952.50,'SII_CSV'),
('12304-00671-00034','25',320.00,'SII_CSV'),
('12304-00671-00035','28',24994.30,'SII_CSV'),
('12304-00671-00036','26',2650.00,'SII_CSV'),
('12304-00671-00037','28',85280.00,'SII_CSV'),
('12304-00671-00039','25',200.65,'SII_CSV'),
('12304-00671-00040','27',1411.20,'SII_CSV'),
('12304-00671-00041','27',1325.90,'SII_CSV'),
('12304-00671-00042','26',844.00,'SII_CSV'),
('12304-00671-00043','27',2761.00,'SII_CSV'),
('12304-00671-00044','26',744.00,'SII_CSV'),
('12304-00671-00045','22',19.70,'SII_CSV'),
('12304-00671-00046','26',1042.00,'SII_CSV'),
('12304-00671-00048','26',1870.00,'SII_CSV'),
('12304-00671-00049','26',740.00,'SII_CSV'),
('12304-00671-00050','26',3145.00,'SII_CSV'),
('12304-00671-00051','22',27.80,'SII_CSV'),
('12304-00671-00064','22',40.00,'SII_CSV'),
('12304-00671-00065','22',9.94,'SII_CSV'),
('12304-00671-00066','22',16.76,'SII_CSV'),
('12304-00671-00067','22',17.18,'SII_CSV'),
('12304-00671-00068','22',10.45,'SII_CSV'),
('12304-00671-00069','26',330.00,'SII_CSV'),
('12304-00671-00070','28',40145.70,'SII_CSV'),
('12304-00671-00073','26',433.20,'SII_CSV'),
('12304-00671-00075','22',6.63,'SII_CSV'),
('12304-00671-00076','22',3.07,'SII_CSV'),
('12304-00671-00078','27',1204.57,'SII_CSV'),
('12304-00671-00079','22',2.98,'SII_CSV'),
('12304-00671-00080','22',10.60,'SII_CSV'),
('12304-00671-00082','25',9.65,'SII_CSV'),
('12304-00671-00085','22',9.36,'SII_CSV'),
('12304-00671-00090','22',2.11,'SII_CSV'),
('12304-00671-00092','22',37.49,'SII_CSV'),
('12304-00671-00093','22',9.61,'SII_CSV'),
('12304-00671-00094','27',6.96,'SII_CSV'),
('12304-00671-00095','27',6.89,'SII_CSV'),
('12304-00671-00096','22',6.55,'SII_CSV'),
('12304-00671-00097','22',6.97,'SII_CSV'),
('12304-00671-00098','22',6.78,'SII_CSV'),
('12304-00671-00099','22',6.72,'SII_CSV'),
('12304-00671-00100','22',6.54,'SII_CSV'),
('12304-00671-00101','22',6.51,'SII_CSV'),
('12304-00671-00102','25',2.87,'SII_CSV'),
('12304-00671-00103','22',12.04,'SII_CSV'),
('12304-00671-00106','27',2372.05,'SII_CSV'),
('12304-00671-00107','22',2.71,'SII_CSV'),
('12304-00671-00232','22',0.96,'SII_CSV'),
('12304-00671-00233','22',2.24,'SII_CSV'),
('12304-00671-00234','22',2.93,'SII_CSV'),
('12304-00671-00235','22',2.10,'SII_CSV'),
('12304-00671-00236','22',5.52,'SII_CSV'),
('12304-00671-00242','26',5.21,'SII_CSV'),
('12304-00672-00001','27',20585.00,'SII_CSV'),
('12304-00672-00002','27',25802.28,'SII_CSV'),
('12304-00672-00002','8',3871.50,'SII_CSV'),
('12304-00672-00003','27',6304.22,'SII_CSV'),
('12304-00672-00005','27',8110.00,'SII_CSV'),
('12304-00672-00007','8',319650.00,'SII_CSV'),
('12304-00672-00011','22',10.00,'SII_CSV'),
('12304-00672-00041','22',3.99,'SII_CSV')
ON CONFLICT (rol, cod_suelo) DO UPDATE SET
  sup_ha = EXCLUDED.sup_ha;

-- ─────────────────────────────────────────────────
-- Registro en catastro.importaciones
-- ─────────────────────────────────────────────────
INSERT INTO catastro.importaciones
  (codigo_comuna, nombre_comuna, archivo_fuente, tipo_archivo,
   total_registros, fecha_importacion, estado, error_msg)
VALUES
('12304', 'CÓDIGO 12304', 'BRTMPCATASN_2025_2_12304', 'N', 221, '2026-03-19T19:52:06.614186', 'completado', NULL),
('12304', 'CÓDIGO 12304', 'BRTMPCATASNL_2025_2_12304', 'NL', 42, '2026-03-19T19:52:06.614186', 'completado', NULL),
('12304', 'CÓDIGO 12304', 'BRTMPCATASA_2025_2_12304', 'A', 125, '2026-03-19T19:52:06.614186', 'completado', NULL),
('12304', 'CÓDIGO 12304', 'BRTMPCATASAL_2025_2_12304', 'AL', 126, '2026-03-19T19:52:06.614186', 'completado', NULL);

COMMIT;
-- ══ FIN DE INGESTIÓN ══
