-- ══════════════════════════════════════════════════════════════
-- SNRI — Ingestión Catastral SII
-- Generado : 2026-03-19 16:52:07
-- Comuna(s): 12103 CÓDIGO 12103
-- Archivos :
--   BRTMPCATASN_2025_2_12103
--   BRTMPCATASNL_2025_2_12103
--   BRTMPCATASA_2025_2_12103
--   BRTMPCATASAL_2025_2_12103
-- ══════════════════════════════════════════════════════════════

SET search_path TO catastro, public;
BEGIN;

-- DDL auxiliar

-- Tabla auxiliar para suelos agrícolas (si no existe)
CREATE TABLE IF NOT EXISTS catastro.suelos_agricolas (
    id          uuid PRIMARY KEY DEFAULT gen_random_uuid(),
    rol         text NOT NULL,
    cod_suelo   text NOT NULL,
    sup_ha      numeric(12,2),
    fuente_datos text,
    created_at  timestamptz DEFAULT now(),
    CONSTRAINT fk_suelos_predio FOREIGN KEY (rol)
        REFERENCES catastro.predios(rol) ON DELETE CASCADE
);
CREATE UNIQUE INDEX IF NOT EXISTS uq_suelos_rol_cod
    ON catastro.suelos_agricolas(rol, cod_suelo);


-- ─────────────────────────────────────────────────
-- N: BRTMPCATASN_2025_2_12103  |  CÓDIGO 12103
-- 125 filas
-- ─────────────────────────────────────────────────
INSERT INTO catastro.predios (
  rol, codigo_comuna, manzana, predio, direccion,
  avaluo_total_vigente, contribucion_semestre, destino_sii,
  avaluo_total_exento, bc1_rol, bc2_rol,
  sup_terreno_m2, cod_ubicacion, rol_padre,
  serie_predio, fuente_datos
) VALUES
('12103-00203-00001','12103','00203','00001','U. ESPERANZA',143845263,NULL,'H',143845263,NULL,NULL,810,'U',NULL,'no_agricola','SII_CSV'),
('12103-00203-00002','12103','00203','00002','U. ESPERANZA',136738596,NULL,'V',136738596,NULL,NULL,652,'U',NULL,'no_agricola','SII_CSV'),
('12103-00203-00003','12103','00203','00003','U. ESPERANZA',32147226,NULL,'H',32147226,NULL,NULL,484,'U',NULL,'no_agricola','SII_CSV'),
('12103-00203-00004','12103','00203','00004','U. ESPERANZA',20388629,NULL,'H',20388629,NULL,NULL,312,'U',NULL,'no_agricola','SII_CSV'),
('12103-00203-00005','12103','00203','00005','U. ESPERANZA',20172028,NULL,'H',20172028,NULL,NULL,296,'U',NULL,'no_agricola','SII_CSV'),
('12103-00203-00006','12103','00203','00006','AVENIDA BERNARDO OHIGGINS 365',20160213,NULL,'H',20160213,NULL,NULL,293,'U',NULL,'no_agricola','SII_CSV'),
('12103-00203-00007','12103','00203','00007','U. ESPERANZA',20609167,NULL,'H',20609167,NULL,NULL,407,'U',NULL,'no_agricola','SII_CSV'),
('12103-00203-00008','12103','00203','00008','U. ESPERANZA',79239840,NULL,'H',79239840,NULL,NULL,653,'U',NULL,'no_agricola','SII_CSV'),
('12103-00203-00009','12103','00203','00009','U. ESPERANZA',37806971,NULL,'H',37806971,NULL,NULL,541,'U',NULL,'no_agricola','SII_CSV'),
('12103-00203-00010','12103','00203','00010','U. ESPERANZA',115379011,NULL,'H',115379011,NULL,NULL,521,'U',NULL,'no_agricola','SII_CSV'),
('12103-00203-00011','12103','00203','00011','EL PASAJERO S/N',26033929,NULL,'O',26033929,NULL,NULL,721,'U',NULL,'no_agricola','SII_CSV'),
('12103-00204-00001','12103','00204','00001','U. ESPERANZA',36772777,NULL,'V',36772777,NULL,NULL,768,'U',NULL,'no_agricola','SII_CSV'),
('12103-00204-00002','12103','00204','00002','U. ESPERANZA',53649869,NULL,'H',53649869,NULL,NULL,2067,'U',NULL,'no_agricola','SII_CSV'),
('12103-00204-00003','12103','00204','00003','U. ESPERANZA',143740632,NULL,'H',143740632,NULL,NULL,2100,'U',NULL,'no_agricola','SII_CSV'),
('12103-00204-00004','12103','00204','00004','U. ESPERANZA',49039352,NULL,'H',49039352,NULL,NULL,783,'U',NULL,'no_agricola','SII_CSV'),
('12103-00204-00005','12103','00204','00005','U. ESPERANZA',26102006,NULL,'H',26102006,NULL,NULL,203,'U',NULL,'no_agricola','SII_CSV'),
('12103-00204-00006','12103','00204','00006','U. ESPERANZA',26102006,NULL,'H',26102006,NULL,NULL,203,'U',NULL,'no_agricola','SII_CSV'),
('12103-00204-00007','12103','00204','00007','U. ESPERANZA',24505867,NULL,'H',24505867,NULL,NULL,243,'U',NULL,'no_agricola','SII_CSV'),
('12103-00204-00008','12103','00204','00008','U. ESPERANZA',21761353,NULL,'H',21761353,NULL,NULL,478,'U',NULL,'no_agricola','SII_CSV'),
('12103-01020-00001','12103','01020','00001','HOTEL TRES PASOS KM 38 RUTA 9',418545035,2191304,'G',NULL,NULL,NULL,250000,'R',NULL,'no_agricola','SII_CSV'),
('12103-01020-00006','12103','01020','00006','HOSTERIA EL PIONERO',525081242,2801310,'G',NULL,NULL,NULL,253500,'R',NULL,'no_agricola','SII_CSV'),
('12103-01020-00007','12103','01020','00007','HOSTERIA PEHOE',671237982,3581056,'G',NULL,NULL,NULL,30600,'R',NULL,'no_agricola','SII_CSV'),
('12103-01020-00037','12103','01020','00037','U ESPERANZA RC 6 A',506062988,NULL,'E',506062988,NULL,NULL,39900,'R',NULL,'no_agricola','SII_CSV'),
('12103-01020-00041','12103','01020','00041','U ESPERANZA RC 6 E',48017543,NULL,'H',48017543,NULL,NULL,6360,'R',NULL,'no_agricola','SII_CSV'),
('12103-01020-00042','12103','01020','00042','U ESPERANZA RC 6 F',62886444,335500,'G',NULL,NULL,NULL,5020,'U',NULL,'no_agricola','SII_CSV'),
('12103-01020-00044','12103','01020','00044','U ESPERANZA RC 6 H',34459249,183842,'W',NULL,NULL,NULL,7000,'R',NULL,'no_agricola','SII_CSV'),
('12103-01020-00045','12103','01020','00045','U ESPERANZA RC 6 I',10960724,NULL,'H',10960724,NULL,NULL,1450,'R',NULL,'no_agricola','SII_CSV'),
('12103-01020-00046','12103','01020','00046','V ESPERANZA RC 6 J',111960572,235828,'H',59143557,NULL,NULL,12568,'R',NULL,'no_agricola','SII_CSV'),
('12103-01020-00047','12103','01020','00047','CERRO CASTILLO LT B',668470053,NULL,'V',668470053,NULL,NULL,188600,'R',NULL,'no_agricola','SII_CSV'),
('12103-01020-00048','12103','01020','00048','C CASTILLO PTEST 3 UG 16',194743008,605452,'H',59143557,NULL,NULL,43573,'R',NULL,'no_agricola','SII_CSV'),
('12103-01020-00049','12103','01020','00049','C CASTILLO ST 1',22438985,NULL,'H',22438985,NULL,NULL,1148,'R',NULL,'no_agricola','SII_CSV'),
('12103-01020-00050','12103','01020','00050','C CASTILLO ST 2',34416272,NULL,'P',34416272,NULL,NULL,2279,'R',NULL,'no_agricola','SII_CSV'),
('12103-01020-00057','12103','01020','00057','SECTOR SALTO CHICO',3142558211,16765548,'G',NULL,NULL,NULL,30000,'R',NULL,'no_agricola','SII_CSV'),
('12103-01020-00058','12103','01020','00058','LT 31 M B',73209170,390572,'G',NULL,NULL,NULL,29200,'R',NULL,'no_agricola','SII_CSV'),
('12103-01020-00060','12103','01020','00060','PASO FRONTERIZO DN GUILLERMO',91964117,NULL,'O',91964117,NULL,NULL,5411,'R',NULL,'no_agricola','SII_CSV'),
('12103-01020-00061','12103','01020','00061','OF EMBARC SECTOR PUDETO',56639280,296536,'O',NULL,NULL,NULL,5000,'R',NULL,'no_agricola','SII_CSV'),
('12103-01020-00062','12103','01020','00062','BIEN COMUN ESPECIAL 5',28026680,149524,'V',NULL,NULL,NULL,5000,'R',NULL,'no_agricola','SII_CSV'),
('12103-01020-00063','12103','01020','00063','CERRO CASTILLO LT 6 J 1',111965052,NULL,'H',58040782,NULL,NULL,12569,'R',NULL,'no_agricola','SII_CSV'),
('12103-01020-00064','12103','01020','00064','CERRO CASTILLO LT 6 J 2',26259861,140096,'G',NULL,NULL,NULL,1668,'R',NULL,'no_agricola','SII_CSV'),
('12103-01020-00065','12103','01020','00065','LOTE 25 QUINCHO',32148675,171516,'V',NULL,NULL,NULL,5000,'R',NULL,'no_agricola','SII_CSV'),
('12103-01020-00068','12103','01020','00068','AREA COMERCIAL BC ESP 4 CERRO CASTILLO',40922899,218324,'C',NULL,NULL,NULL,NULL,'U',NULL,'no_agricola','SII_CSV'),
('12103-01020-00069','12103','01020','00069','CERRO CASTILLO LT A',142374214,NULL,'P',142374214,NULL,NULL,31400,'R',NULL,'no_agricola','SII_CSV'),
('12103-01020-00071','12103','01020','00071','CAMPING RIO SERRANO',296325794,1580900,'G',NULL,NULL,NULL,10000,'R',NULL,'no_agricola','SII_CSV'),
('12103-01020-00072','12103','01020','00072','HOTEL TIERRA PATAGON PC 30 - 2 A',4586014546,24466388,'G',NULL,NULL,NULL,14730,'R',NULL,'no_agricola','SII_CSV'),
('12103-01020-00074','12103','01020','00074','LOTE AREA A 3 -A',4079813,NULL,'W',4079813,NULL,NULL,3000,'R',NULL,'no_agricola','SII_CSV'),
('12103-01020-00075','12103','01020','00075','LOS PIONEROS SN',53844373,NULL,'H',53844373,NULL,NULL,1222,'R',NULL,'no_agricola','SII_CSV'),
('12103-01020-00111','12103','01020','00111','PARCELA N 31 -B 4 SEC LAGO',13599378,72554,'W',NULL,NULL,NULL,10000,'R',NULL,'no_agricola','SII_CSV'),
('12103-01021-00014','12103','01021','00014','BAHIA PERALES CC MM',540576,NULL,'W',NULL,NULL,NULL,401,'R',NULL,'no_agricola','SII_CSV'),
('12103-01021-00025','12103','01021','00025','PL XII 1 552',275730393,NULL,'P',275730393,NULL,NULL,59400,'U',NULL,'no_agricola','SII_CSV'),
('12103-01021-00030','12103','01021','00030','POSADA RIO SERRANO',50808767,NULL,'C',50808767,NULL,NULL,6500,'R',NULL,'no_agricola','SII_CSV'),
('12103-01021-00034','12103','01021','00034','LT 2 3 PL XII 1 606 CR',233469554,1245560,'G',NULL,NULL,NULL,12600,'R',NULL,'no_agricola','SII_CSV'),
('12103-01021-00036','12103','01021','00036','LT 8 PL 12401 -CR',8839595,NULL,'W',8839595,NULL,NULL,6500,'R',NULL,'no_agricola','SII_CSV'),
('12103-01021-00037','12103','01021','00037','LT 12 13 14 PL XII 1 606 CR',8930610009,47644804,'G',NULL,NULL,NULL,38600,'R',NULL,'no_agricola','SII_CSV'),
('12103-01021-00038','12103','01021','00038','RIO SERRANO PL XII 1 723 CU',8567608,NULL,'W',8567608,NULL,NULL,6300,'R',NULL,'no_agricola','SII_CSV'),
('12103-01021-00040','12103','01021','00040','RIO SERRANO LT 6 PL 12401 - 1 -CR',211541988,1128578,'G',NULL,NULL,NULL,25400,'U',NULL,'no_agricola','SII_CSV'),
('12103-01021-00041','12103','01021','00041','HOSTERIA LAGO GREY',1908616372,10182470,'G',NULL,NULL,NULL,10000,'R',NULL,'no_agricola','SII_CSV'),
('12103-01021-00042','12103','01021','00042','LOTE C PL XII 1 757 CR',46509871,NULL,'W',46509871,NULL,NULL,38000,'R',NULL,'no_agricola','SII_CSV'),
('12103-01021-00043','12103','01021','00043','LT 14 A SECTOR VENTIS BALMACEDA',236913045,1263932,'G',NULL,NULL,NULL,20000,'R',NULL,'no_agricola','SII_CSV'),
('12103-01021-00044','12103','01021','00044','CAM PUB RIO NUTRIA LT 7 LT 9',19311116,NULL,'W',19311116,NULL,NULL,14200,'R',NULL,'no_agricola','SII_CSV'),
('12103-01021-00045','12103','01021','00045','LT AR 1 RIO SERRANO PL XII 1 770 CR',398013292,2123402,'C',NULL,NULL,NULL,12600,'R',NULL,'no_agricola','SII_CSV'),
('12103-01021-00046','12103','01021','00046','LT AR 2 R SERRANO PL XII 1 771 CR',62550125,15210,'H',59143557,NULL,NULL,42400,'R',NULL,'no_agricola','SII_CSV'),
('12103-01021-00047','12103','01021','00047','LOTE 10 PL XII- 1 - 1003 -C.R',159548055,851190,'G',NULL,NULL,NULL,20500,'U',NULL,'no_agricola','SII_CSV'),
('12103-01021-00048','12103','01021','00048','LOTE A 1 -C PL 12402 - 272 .CU',6850006,NULL,'W',6850006,NULL,NULL,5037,'R',NULL,'no_agricola','SII_CSV'),
('12103-01021-00055','12103','01021','00055','LOTE A 1 -B PL 12402 - 272 .CU',130058960,693866,'G',NULL,NULL,NULL,5006,'R',NULL,'no_agricola','SII_CSV'),
('12103-01021-00056','12103','01021','00056','RIO SERRANO LT 17',751465348,4009068,'G',NULL,NULL,NULL,32800,'R',NULL,'no_agricola','SII_CSV'),
('12103-01021-00057','12103','01021','00057','RIO SERRANO LT 3 A',48900642,NULL,'W',48900642,NULL,NULL,46100,'R',NULL,'no_agricola','SII_CSV'),
('12103-01021-00058','12103','01021','00058','RIO SERRANO LT 3 B',21976594,NULL,'W',21976594,NULL,NULL,20200,'R',NULL,'no_agricola','SII_CSV'),
('12103-01021-00059','12103','01021','00059','RIO SERRANO LT 3 D',263082679,NULL,'W',263082679,NULL,NULL,230300,'R',NULL,'no_agricola','SII_CSV'),
('12103-01021-00060','12103','01021','00060','RIO SERRANO LT 4 A',130086206,NULL,'W',130086206,NULL,NULL,108700,'R',NULL,'no_agricola','SII_CSV'),
('12103-01021-00061','12103','01021','00061','RIO SERRANO LT 4 B',9791552,NULL,'W',9791552,NULL,NULL,9000,'R',NULL,'no_agricola','SII_CSV'),
('12103-01021-00062','12103','01021','00062','RIO SERRANO LT 4 D',100730590,NULL,'W',100730590,NULL,NULL,82300,'R',NULL,'no_agricola','SII_CSV'),
('12103-01021-00063','12103','01021','00063','RIO SERRANO LT 4 E',192580785,NULL,'W',192580785,NULL,NULL,166600,'R',NULL,'no_agricola','SII_CSV'),
('12103-01021-00064','12103','01021','00064','RIO SERRANO LT 4 F',19800694,NULL,'W',19800694,NULL,NULL,18200,'R',NULL,'no_agricola','SII_CSV'),
('12103-01021-00065','12103','01021','00065','RIO SERRANO LT 4 G',6418906,NULL,'W',6418906,NULL,NULL,5900,'R',NULL,'no_agricola','SII_CSV'),
('12103-01021-00066','12103','01021','00066','RIO SERRANO LT 4 H',2611080,NULL,'W',2611080,NULL,NULL,2400,'R',NULL,'no_agricola','SII_CSV'),
('12103-01021-00067','12103','01021','00067','RIO SERRANO LT 5 A',104035238,NULL,'W',104035238,NULL,NULL,85000,'R',NULL,'no_agricola','SII_CSV'),
('12103-01021-00068','12103','01021','00068','RIO SERRANO LT 5 B',44497163,NULL,'W',44497163,NULL,NULL,40900,'R',NULL,'no_agricola','SII_CSV'),
('12103-01021-00069','12103','01021','00069','RIO SERRANO LT 5 C',11097092,NULL,'W',11097092,NULL,NULL,10200,'R',NULL,'no_agricola','SII_CSV'),
('12103-01021-00070','12103','01021','00070','RIO SERRANO LT 5 D',21106234,NULL,'W',21106234,NULL,NULL,19400,'R',NULL,'no_agricola','SII_CSV'),
('12103-01021-00071','12103','01021','00071','RIO SERRANO LT 5 F',463567422,NULL,'W',463567422,NULL,NULL,415700,'R',NULL,'no_agricola','SII_CSV'),
('12103-01021-00072','12103','01021','00072','RIO SERRANO LT 5 G',318307031,NULL,'W',318307031,NULL,NULL,282000,'R',NULL,'no_agricola','SII_CSV'),
('12103-01021-00073','12103','01021','00073','RIO SERRANO LT 5 H',48794567,NULL,'W',48794567,NULL,NULL,46000,'R',NULL,'no_agricola','SII_CSV'),
('12103-01021-00074','12103','01021','00074','SENDERO CUEVA EL MIL',458995312,NULL,'V',458995312,NULL,NULL,411600,'R',NULL,'no_agricola','SII_CSV'),
('12103-01021-00075','12103','01021','00075','LOTE A 1 -A PL 12402 - 272 .CU',127769962,681654,'C',NULL,NULL,NULL,5004,'R',NULL,'no_agricola','SII_CSV'),
('12103-01021-00076','12103','01021','00076','RIO SERRANO LT 1 PL XII 1 606 CR',300868083,NULL,'V',300868083,NULL,NULL,15496,'U',NULL,'no_agricola','SII_CSV'),
('12103-01021-00092','12103','01021','00092','PARTE LT 2 PL 76',30598599,163246,'W',NULL,NULL,NULL,22500,'R',NULL,'no_agricola','SII_CSV'),
('12103-01021-00093','12103','01021','00093','PARTE LT 2 PL 76',13599378,72554,'W',NULL,NULL,NULL,10000,'R',NULL,'no_agricola','SII_CSV'),
('12103-01021-00102','12103','01021','00102','LOTE FISCAL 5 PL 12402 - 2 -CR RIO SERRA',101838939,543312,'G',NULL,NULL,NULL,4653,'R',NULL,'no_agricola','SII_CSV'),
('12103-01021-00103','12103','01021','00103','PROYECTO PATAGONIA CAMP , CAM TORRES DEL',845688960,4511752,'G',NULL,NULL,NULL,125000,'R',NULL,'no_agricola','SII_CSV'),
('12103-01021-00104','12103','01021','00104','ESTANCIA PERALES-HOSTERIA',78496434,418778,'C',NULL,NULL,NULL,5000,'R',NULL,'no_agricola','SII_CSV'),
('12103-01021-00111','12103','01021','00111','RIO SERRANO',76217153,NULL,'G',76217153,NULL,NULL,5000,'R',NULL,'no_agricola','SII_CSV'),
('12103-01021-00112','12103','01021','00112','LOTE A- 3 OL 12402 - 930',17252715,92046,'W',NULL,NULL,NULL,15858,'U',NULL,'no_agricola','SII_CSV'),
('12103-01021-00116','12103','01021','00116','LOTE E EX LT 4',5904850,31502,'W',NULL,NULL,NULL,4342,'R',NULL,'no_agricola','SII_CSV'),
('12103-01021-00118','12103','01021','00118','LOTE 1 D- 2',20779849,110862,'W',NULL,NULL,NULL,19100,'R',NULL,'no_agricola','SII_CSV'),
('12103-01021-00119','12103','01021','00119','LOTE 1 D- 3',25294842,134948,'W',NULL,NULL,NULL,18600,'R',NULL,'no_agricola','SII_CSV'),
('12103-01021-00121','12103','01021','00121','LOTE 1 D- 5',12973806,69216,'W',NULL,NULL,NULL,10600,'R',NULL,'no_agricola','SII_CSV'),
('12103-01021-00122','12103','01021','00122','LOTE 1 D 6',12729017,67910,'W',NULL,NULL,NULL,10400,'R',NULL,'no_agricola','SII_CSV'),
('12103-01021-00125','12103','01021','00125','LOTE 1 D 9',40798133,217658,'W',NULL,NULL,NULL,30000,'R',NULL,'no_agricola','SII_CSV'),
('12103-01021-00130','12103','01021','00130','LOTE 1 D- 14',38486238,205326,'W',NULL,NULL,NULL,28300,'R',NULL,'no_agricola','SII_CSV'),
('12103-01021-00140','12103','01021','00140','LOTE 12 LT 3 B- 5',16134029,86076,'W',NULL,NULL,NULL,13182,'R',NULL,'no_agricola','SII_CSV'),
('12103-01021-00144','12103','01021','00144','LOTE 12 LT 3 B- 9',19379657,101464,'W',NULL,NULL,NULL,17813,'R',NULL,'no_agricola','SII_CSV'),
('12103-01021-00156','12103','01021','00156','RUTA Y- 290 KM 32,5 LT A 3 - 3',21759004,NULL,'W',21759004,NULL,NULL,20000,'R',NULL,'no_agricola','SII_CSV'),
('12103-01021-00159','12103','01021','00159','LOTE A 3 -C',33998444,181382,'W',NULL,NULL,NULL,25000,'R',NULL,'no_agricola','SII_CSV'),
('12103-01021-00162','12103','01021','00162','LOTE 3 D- 4',26847347,143232,'W',NULL,NULL,NULL,24677,'R',NULL,'no_agricola','SII_CSV'),
('12103-01021-00163','12103','01021','00163','LOTE 3 D- 5',24588762,131182,'W',NULL,NULL,NULL,22601,'R',NULL,'no_agricola','SII_CSV'),
('12103-01021-00212','12103','01021','00212','RIO SERRANO LOTE 20',6799689,36276,'W',NULL,NULL,NULL,5000,'R',NULL,'no_agricola','SII_CSV'),
('12103-01022-00030','12103','01022','00030','CAMPING SERON LT H 2 2',891418545,4755720,'G',NULL,NULL,NULL,552200,'R',NULL,'no_agricola','SII_CSV'),
('12103-01022-00034','12103','01022','00034','LOTE H 6',761830695,4064368,'G',NULL,NULL,NULL,677000,'R',NULL,'no_agricola','SII_CSV'),
('12103-01022-00037','12103','01022','00037','LOTE H 10',664104218,3542998,'G',NULL,NULL,NULL,569400,'R',NULL,'no_agricola','SII_CSV'),
('12103-01022-00040','12103','01022','00040','COMPLEJO TURIST LAS TORRES',786750228,4197314,'G',NULL,NULL,NULL,90000,'R',NULL,'no_agricola','SII_CSV'),
('12103-01022-00043','12103','01022','00043','ECOCAMP LT H 5',771851950,4117832,'G',NULL,NULL,NULL,35500,'R',NULL,'no_agricola','SII_CSV'),
('12103-01022-00044','12103','01022','00044','REFUGIO CAMPING GREY',42119466,224708,'G',NULL,NULL,NULL,5000,'R',NULL,'no_agricola','SII_CSV'),
('12103-01022-00047','12103','01022','00047','LOTE 2',18930334,NULL,'W',NULL,NULL,NULL,17400,'R',NULL,'no_agricola','SII_CSV'),
('12103-01022-00068','12103','01022','00068','LOTE 23',19147924,102156,'W',NULL,NULL,NULL,17600,'R',NULL,'no_agricola','SII_CSV'),
('12103-01022-00079','12103','01022','00079','LOTE LP',15639284,83438,'W',NULL,NULL,NULL,11500,'R',NULL,'no_agricola','SII_CSV'),
('12103-01023-00015','12103','01023','00015','ULTIMA ESPERANZA RC 9',69309707,NULL,'E',69309707,NULL,NULL,9200,'R',NULL,'no_agricola','SII_CSV'),
('12103-01023-00016','12103','01023','00016','LT A PL XII 1 285 TR',35297524,NULL,'V',35297524,NULL,NULL,19700,'R',NULL,'no_agricola','SII_CSV'),
('12103-01023-00018','12103','01023','00018','PARCELA 36 M LT A- 1',524229054,2796764,'G',NULL,NULL,NULL,22700,'R',NULL,'no_agricola','SII_CSV'),
('12103-01023-00023','12103','01023','00023','BCE 7 PROY V ESPERANZA',10996373,58668,'V',NULL,NULL,NULL,4000,'R',NULL,'no_agricola','SII_CSV'),
('12103-01023-00024','12103','01023','00024','BCE 8 PROY V ESPERANZA',3423999,18268,'V',NULL,NULL,NULL,2000,'R',NULL,'no_agricola','SII_CSV'),
('12103-01023-00025','12103','01023','00025','BCE 9 PROY V ESPERANZA',3388793,18080,'V',NULL,NULL,NULL,2000,'R',NULL,'no_agricola','SII_CSV'),
('12103-01023-00028','12103','01023','00028','PARCELA 34 LOTE C- AWASI',937364044,5000840,'G',NULL,NULL,NULL,11400,'R',NULL,'no_agricola','SII_CSV'),
('12103-01023-00033','12103','01023','00033','LOTE Z ESTANCIA',5592064,29836,'W',NULL,NULL,NULL,5140,'R',NULL,'no_agricola','SII_CSV'),
('12103-01023-00034','12103','01023','00034','HOSTERIA REFUGIO L. AMARGA LOTE 33 M',251944451,1344126,'G',NULL,NULL,NULL,30000,'R',NULL,'no_agricola','SII_CSV'),
('12103-01023-00036','12103','01023','00036','HOTEL ESTANCIA TERCERABARRANCA',356156850,1900098,'G',NULL,NULL,NULL,14700,'R',NULL,'no_agricola','SII_CSV')
ON CONFLICT (rol) DO UPDATE SET
  avaluo_total_vigente = EXCLUDED.avaluo_total_vigente,
  contribucion_semestre = EXCLUDED.contribucion_semestre,
  destino_sii          = EXCLUDED.destino_sii,
  avaluo_total_exento  = EXCLUDED.avaluo_total_exento,
  sup_terreno_m2       = EXCLUDED.sup_terreno_m2,
  cod_ubicacion        = EXCLUDED.cod_ubicacion,
  fuente_datos         = 'SII_CSV',
  fecha_actualizacion  = now();

-- ─────────────────────────────────────────────────
-- NL: BRTMPCATASNL_2025_2_12103  |  CÓDIGO 12103
-- 204 filas
-- ─────────────────────────────────────────────────
INSERT INTO catastro.construcciones (
  rol, numero_construccion, material_codigo,
  calidad_codigo, anio_construccion,
  sup_total_m2, destino_construccion, condicion_especial,
  numero_pisos, fuente_datos
) VALUES
('12103-00203-00001',1,'E',3,2016,390,'H',NULL,1,'SII_CSV'),
('12103-00203-00002',1,'E',3,2021,344,'V',NULL,1,'SII_CSV'),
('12103-00203-00003',1,'E',3,2016,83,'H',NULL,1,'SII_CSV'),
('12103-00203-00004',1,'E',3,2016,53,'H',NULL,1,'SII_CSV'),
('12103-00203-00005',1,'E',3,2016,53,'H',NULL,1,'SII_CSV'),
('12103-00203-00006',1,'E',3,2016,53,'H',NULL,1,'SII_CSV'),
('12103-00203-00007',1,'E',3,2016,53,'H',NULL,1,'SII_CSV'),
('12103-00203-00008',1,'E',3,2016,212,'H',NULL,1,'SII_CSV'),
('12103-00203-00009',1,'E',3,2016,98,'H',NULL,1,'SII_CSV'),
('12103-00203-00010',1,'G',3,2016,100,'H',NULL,1,'SII_CSV'),
('12103-00203-00010',2,'E',3,2016,52,'H',NULL,1,'SII_CSV'),
('12103-00203-00010',3,'E',3,2016,52,'H',NULL,1,'SII_CSV'),
('12103-00203-00010',4,'E',4,2016,50,'H',NULL,1,'SII_CSV'),
('12103-00203-00010',5,'E',4,2016,48,'H',NULL,1,'SII_CSV'),
('12103-00203-00010',6,'E',4,2016,49,'H',NULL,1,'SII_CSV'),
('12103-00203-00010',7,'E',4,2016,60,'H',NULL,1,'SII_CSV'),
('12103-00203-00011',1,'G',3,2015,57,'O',NULL,1,'SII_CSV'),
('12103-00204-00001',1,'E',3,2016,92,'V',NULL,1,'SII_CSV'),
('12103-00204-00002',1,'E',3,2021,112,'H',NULL,1,'SII_CSV'),
('12103-00204-00003',1,'E',3,2016,61,'H',NULL,1,'SII_CSV'),
('12103-00204-00003',2,'E',3,2016,176,'H',NULL,1,'SII_CSV'),
('12103-00204-00003',3,'E',3,2016,135,'H',NULL,1,'SII_CSV'),
('12103-00204-00004',1,'E',3,2016,126,'H',NULL,1,'SII_CSV'),
('12103-00204-00005',1,'E',3,2016,70,'H',NULL,1,'SII_CSV'),
('12103-00204-00006',1,'E',3,2016,70,'H',NULL,1,'SII_CSV'),
('12103-00204-00007',1,'E',3,2016,65,'H',NULL,1,'SII_CSV'),
('12103-00204-00008',1,'E',3,2021,50,'H',NULL,1,'SII_CSV'),
('12103-01020-00001',1,'GE',2,1945,91,'V',NULL,1,'SII_CSV'),
('12103-01020-00001',2,'GE',2,1942,123,'L',NULL,1,'SII_CSV'),
('12103-01020-00001',3,'E',3,2000,199,'G',NULL,2,'SII_CSV'),
('12103-01020-00001',4,'E',3,2000,20,'G','MS',2,'SII_CSV'),
('12103-01020-00001',5,'C',3,2000,56,'L','PZ',2,'SII_CSV'),
('12103-01020-00001',6,'E',3,2006,107,'G',NULL,1,'SII_CSV'),
('12103-01020-00001',7,'C',3,2006,53,'G',NULL,1,'SII_CSV'),
('12103-01020-00006',1,'C',2,1956,581,'G',NULL,2,'SII_CSV'),
('12103-01020-00006',2,'C',3,1956,231,'G',NULL,1,'SII_CSV'),
('12103-01020-00006',3,'C',5,1956,28,'V',NULL,1,'SII_CSV'),
('12103-01020-00006',4,'GE',2,1946,97,'V',NULL,1,'SII_CSV'),
('12103-01020-00006',5,'E',4,1936,63,'H',NULL,1,'SII_CSV'),
('12103-01020-00006',6,'GE',2,1951,111,'V',NULL,1,'SII_CSV'),
('12103-01020-00007',1,'C',2,1985,538,'G',NULL,2,'SII_CSV'),
('12103-01020-00007',2,'GB',2,1985,18,'Z',NULL,0,'SII_CSV'),
('12103-01020-00007',3,'E',5,1985,18,'L',NULL,1,'SII_CSV'),
('12103-01020-00007',4,'C',2,1976,493,'G',NULL,1,'SII_CSV'),
('12103-01020-00007',5,'C',5,1976,32,'L',NULL,1,'SII_CSV'),
('12103-01020-00007',6,'E',5,1976,32,'V',NULL,1,'SII_CSV'),
('12103-01020-00007',7,'C',3,1976,68,'G',NULL,1,'SII_CSV'),
('12103-01020-00007',8,'C',3,1976,62,'G',NULL,1,'SII_CSV'),
('12103-01020-00007',9,'E',2,1991,477,'G',NULL,1,'SII_CSV'),
('12103-01020-00037',1,'G',3,2021,10,'E',NULL,1,'SII_CSV'),
('12103-01020-00037',2,'E',3,1955,245,'E',NULL,1,'SII_CSV'),
('12103-01020-00037',3,'C',3,1955,316,'D',NULL,1,'SII_CSV'),
('12103-01020-00037',4,'A',3,1980,172,'E',NULL,1,'SII_CSV'),
('12103-01020-00037',5,'A',3,1980,194,'E',NULL,1,'SII_CSV'),
('12103-01020-00037',6,'A',3,1908,100,'H',NULL,1,'SII_CSV'),
('12103-01020-00037',7,'A',3,1981,204,'V',NULL,1,'SII_CSV'),
('12103-01020-00037',8,'E',3,1999,33,'E',NULL,1,'SII_CSV'),
('12103-01020-00037',9,'E',3,2004,95,'E',NULL,1,'SII_CSV'),
('12103-01020-00037',10,'E',3,2015,81,'E',NULL,1,'SII_CSV'),
('12103-01020-00041',1,'E',3,1957,212,'H',NULL,1,'SII_CSV'),
('12103-01020-00042',1,'G',3,2022,90,'G',NULL,1,'SII_CSV'),
('12103-01020-00045',1,'E',4,1957,101,'H',NULL,1,'SII_CSV'),
('12103-01020-00046',1,'E',4,1937,595,'H',NULL,1,'SII_CSV'),
('12103-01020-00046',2,'GB',2,1957,142,'H',NULL,1,'SII_CSV'),
('12103-01020-00046',3,'GE',2,1960,6,'Z',NULL,1,'SII_CSV'),
('12103-01020-00046',4,'E',4,1951,206,'H',NULL,1,'SII_CSV'),
('12103-01020-00048',1,'E',3,1957,212,'H',NULL,1,'SII_CSV'),
('12103-01020-00049',1,'E',3,1955,213,'H',NULL,1,'SII_CSV'),
('12103-01020-00050',1,'E',3,1955,106,'H',NULL,1,'SII_CSV'),
('12103-01020-00050',2,'E',3,1905,106,'P',NULL,1,'SII_CSV'),
('12103-01020-00050',3,'E',3,1985,37,'P',NULL,1,'SII_CSV'),
('12103-01020-00057',1,'B',2,1993,2719,'G',NULL,4,'SII_CSV'),
('12103-01020-00057',2,'E',2,1993,626,'G',NULL,1,'SII_CSV'),
('12103-01020-00057',3,'B',2,2006,1477,'G',NULL,1,'SII_CSV'),
('12103-01020-00057',4,'E',3,2006,284,'G',NULL,1,'SII_CSV'),
('12103-01020-00057',5,'E',4,2006,746,'G',NULL,1,'SII_CSV'),
('12103-01020-00057',6,'E',3,2024,359,'V',NULL,2,'SII_CSV'),
('12103-01020-00057',7,'A',4,2024,105,'V',NULL,1,'SII_CSV'),
('12103-01020-00057',8,'E',4,2024,18,'V',NULL,1,'SII_CSV'),
('12103-01020-00057',9,'E',4,2024,13,'V',NULL,1,'SII_CSV'),
('12103-01020-00058',1,'E',3,1960,213,'G',NULL,1,'SII_CSV'),
('12103-01020-00058',2,'E',3,1970,145,'H',NULL,1,'SII_CSV'),
('12103-01020-00058',3,'E',4,1993,113,'G',NULL,1,'SII_CSV'),
('12103-01020-00060',1,'E',2,2000,171,'O',NULL,1,'SII_CSV'),
('12103-01020-00061',1,'E',3,2001,78,'O',NULL,1,'SII_CSV'),
('12103-01020-00061',2,'E',4,2001,20,'L',NULL,1,'SII_CSV'),
('12103-01020-00061',3,'E',4,2013,160,'C',NULL,1,'SII_CSV'),
('12103-01020-00062',1,'SA',0,1937,80,'L',NULL,0,'SII_CSV'),
('12103-01020-00063',1,'E',4,1937,595,'H',NULL,1,'SII_CSV'),
('12103-01020-00063',2,'GB',2,1957,142,'H',NULL,1,'SII_CSV'),
('12103-01020-00063',3,'GE',2,1960,6,'Z',NULL,1,'SII_CSV'),
('12103-01020-00063',4,'E',4,1951,206,'H',NULL,1,'SII_CSV'),
('12103-01020-00064',1,'E',3,1937,229,'G',NULL,1,'SII_CSV'),
('12103-01020-00065',1,'E',3,2007,83,'V',NULL,1,'SII_CSV'),
('12103-01020-00068',1,'E',3,2009,129,'C',NULL,1,'SII_CSV'),
('12103-01020-00069',1,'E',4,1916,269,'O',NULL,1,'SII_CSV'),
('12103-01020-00069',2,'E',4,1986,27,'O',NULL,1,'SII_CSV'),
('12103-01020-00071',1,'E',3,2006,231,'G',NULL,1,'SII_CSV'),
('12103-01020-00071',2,'E',3,2006,149,'G',NULL,1,'SII_CSV'),
('12103-01020-00071',3,'E',3,2006,243,'V',NULL,1,'SII_CSV'),
('12103-01020-00071',4,'E',3,2006,321,'V','CA',1,'SII_CSV'),
('12103-01020-00072',1,'B',1,2011,4733,'G',NULL,2,'SII_CSV'),
('12103-01020-00075',1,'E',4,2015,157,'H',NULL,1,'SII_CSV'),
('12103-01020-00075',2,'GA',3,2015,95,'L',NULL,1,'SII_CSV'),
('12103-01020-00075',3,'E',4,2015,16,'H',NULL,1,'SII_CSV'),
('12103-01020-00075',4,'E',4,2015,38,'H',NULL,1,'SII_CSV'),
('12103-01021-00025',1,'E',3,2024,240,'V',NULL,1,'SII_CSV'),
('12103-01021-00025',2,'E',3,2024,225,'V',NULL,1,'SII_CSV'),
('12103-01021-00025',3,'E',3,2024,42,'V',NULL,1,'SII_CSV'),
('12103-01021-00030',1,'E',3,1925,383,'G',NULL,1,'SII_CSV'),
('12103-01021-00030',2,'E',3,1986,65,'G',NULL,1,'SII_CSV'),
('12103-01021-00034',1,'E',3,1997,218,'G',NULL,1,'SII_CSV'),
('12103-01021-00034',2,'E',3,2001,47,'G',NULL,1,'SII_CSV'),
('12103-01021-00034',3,'E',3,2004,71,'G',NULL,1,'SII_CSV'),
('12103-01021-00034',4,'E',3,2004,53,'G',NULL,1,'SII_CSV'),
('12103-01021-00034',5,'E',3,2024,130,'V',NULL,1,'SII_CSV'),
('12103-01021-00034',6,'E',3,2024,160,'V',NULL,1,'SII_CSV'),
('12103-01021-00037',1,'B',1,2008,4978,'G',NULL,3,'SII_CSV'),
('12103-01021-00037',2,'B',1,2018,4109,'G',NULL,4,'SII_CSV'),
('12103-01021-00040',1,'E',3,2004,355,'G',NULL,1,'SII_CSV'),
('12103-01021-00040',2,'E',3,2024,65,'V',NULL,1,'SII_CSV'),
('12103-01021-00040',3,'E',3,2024,65,'V',NULL,1,'SII_CSV'),
('12103-01021-00040',4,'E',3,2024,60,'V',NULL,1,'SII_CSV'),
('12103-01021-00041',1,'E',2,1994,232,'G',NULL,1,'SII_CSV'),
('12103-01021-00041',2,'E',3,1994,361,'G',NULL,1,'SII_CSV'),
('12103-01021-00041',3,'E',3,1994,327,'G',NULL,1,'SII_CSV'),
('12103-01021-00041',4,'A',2,2010,1184,'G',NULL,1,'SII_CSV'),
('12103-01021-00041',5,'E',2,2010,1496,'G',NULL,1,'SII_CSV'),
('12103-01021-00041',6,'E',2,2010,408,'V',NULL,1,'SII_CSV'),
('12103-01021-00043',1,'E',3,1999,452,'G',NULL,1,'SII_CSV'),
('12103-01021-00043',2,'C',3,1999,226,'G',NULL,1,'SII_CSV'),
('12103-01021-00043',3,'E',4,1999,38,'O',NULL,1,'SII_CSV'),
('12103-01021-00043',4,'E',4,1999,40,'L',NULL,1,'SII_CSV'),
('12103-01021-00043',5,'E',4,1999,25,'G',NULL,1,'SII_CSV'),
('12103-01021-00043',6,'E',4,1999,6,'L',NULL,1,'SII_CSV'),
('12103-01021-00045',1,'E',3,2009,288,'C',NULL,1,'SII_CSV'),
('12103-01021-00045',2,'E',4,2009,15,'H',NULL,1,'SII_CSV'),
('12103-01021-00045',3,'E',5,2009,9,'L',NULL,1,'SII_CSV'),
('12103-01021-00045',4,'A',3,2018,655,'G',NULL,1,'SII_CSV'),
('12103-01021-00046',1,'E',4,2006,38,'H',NULL,1,'SII_CSV'),
('12103-01021-00047',1,'E',4,2009,81,'H',NULL,1,'SII_CSV'),
('12103-01021-00047',2,'E',4,2009,59,'H',NULL,1,'SII_CSV'),
('12103-01021-00047',3,'E',3,2024,280,'G',NULL,1,'SII_CSV'),
('12103-01021-00055',1,'E',3,2013,103,'H',NULL,1,'SII_CSV'),
('12103-01021-00055',2,'E',4,2013,27,'V',NULL,1,'SII_CSV'),
('12103-01021-00055',3,'G',3,2019,137,'G',NULL,1,'SII_CSV'),
('12103-01021-00055',4,'A',3,2019,62,'G',NULL,1,'SII_CSV'),
('12103-01021-00056',1,'E',3,2002,514,'G',NULL,1,'SII_CSV'),
('12103-01021-00056',2,'E',3,2002,401,'G',NULL,1,'SII_CSV'),
('12103-01021-00056',3,'E',3,2002,188,'G',NULL,1,'SII_CSV'),
('12103-01021-00056',4,'E',3,2008,575,'G',NULL,1,'SII_CSV'),
('12103-01021-00056',5,'E',3,2021,576,'G',NULL,1,'SII_CSV'),
('12103-01021-00075',1,'C',3,2019,289,'C',NULL,1,'SII_CSV'),
('12103-01021-00076',1,'E',3,2024,600,'V',NULL,1,'SII_CSV'),
('12103-01021-00076',2,'E',3,2024,70,'V',NULL,1,'SII_CSV'),
('12103-01021-00076',3,'E',3,2024,40,'V',NULL,1,'SII_CSV'),
('12103-01021-00102',1,'E',3,2001,129,'G',NULL,1,'SII_CSV'),
('12103-01021-00102',2,'G',3,2020,146,'H',NULL,1,'SII_CSV'),
('12103-01021-00103',1,'E',3,2008,446,'G',NULL,1,'SII_CSV'),
('12103-01021-00103',2,'E',3,2018,135,'G',NULL,1,'SII_CSV'),
('12103-01021-00103',3,'E',2,2018,379,'G',NULL,1,'SII_CSV'),
('12103-01021-00103',4,'K',3,2018,438,'H',NULL,2,'SII_CSV'),
('12103-01021-00103',5,'K',3,2018,23,'L',NULL,1,'SII_CSV'),
('12103-01021-00103',6,'G',3,2018,151,'H',NULL,1,'SII_CSV'),
('12103-01021-00103',7,'K',3,2018,139,'V',NULL,1,'SII_CSV'),
('12103-01021-00104',1,'E',3,2001,256,'C',NULL,1,'SII_CSV'),
('12103-01021-00104',2,'E',3,2001,16,'C','AL',1,'SII_CSV'),
('12103-01021-00111',1,'E',4,2012,440,'G',NULL,1,'SII_CSV'),
('12103-01022-00030',1,'G',3,2007,827,'G',NULL,1,'SII_CSV'),
('12103-01022-00034',1,'E',3,2001,196,'G',NULL,0,'SII_CSV'),
('12103-01022-00037',1,'E',3,2001,194,'G',NULL,0,'SII_CSV'),
('12103-01022-00040',1,'C',4,1930,80,'V',NULL,2,'SII_CSV'),
('12103-01022-00040',2,'E',3,1994,270,'G',NULL,1,'SII_CSV'),
('12103-01022-00040',3,'E',3,1994,80,'G','MS',1,'SII_CSV'),
('12103-01022-00040',4,'E',2,1994,145,'G',NULL,1,'SII_CSV'),
('12103-01022-00040',5,'E',2,1997,471,'G',NULL,1,'SII_CSV'),
('12103-01022-00040',6,'E',3,1997,211,'G',NULL,1,'SII_CSV'),
('12103-01022-00040',7,'GE',2,1998,72,'L',NULL,1,'SII_CSV'),
('12103-01022-00040',8,'E',4,1998,96,'V',NULL,1,'SII_CSV'),
('12103-01022-00040',9,'C',4,2001,866,'G',NULL,1,'SII_CSV'),
('12103-01022-00040',10,'E',3,2014,49,'G',NULL,1,'SII_CSV'),
('12103-01022-00040',11,'GE',2,2016,381,'C',NULL,1,'SII_CSV'),
('12103-01022-00040',12,'GE',3,2016,255,'C',NULL,1,'SII_CSV'),
('12103-01022-00043',1,'E',3,2017,1985,'G',NULL,1,'SII_CSV'),
('12103-01022-00044',1,'E',4,2001,70,'G',NULL,1,'SII_CSV'),
('12103-01022-00044',2,'E',3,2017,72,'G',NULL,2,'SII_CSV'),
('12103-01023-00015',1,'E',3,1957,242,'E',NULL,1,'SII_CSV'),
('12103-01023-00015',2,'E',3,1957,128,'H',NULL,1,'SII_CSV'),
('12103-01023-00015',3,'E',3,1972,68,'H',NULL,1,'SII_CSV'),
('12103-01023-00015',4,'E',3,2009,66,'E',NULL,1,'SII_CSV'),
('12103-01023-00016',1,'E',3,1965,29,'H',NULL,1,'SII_CSV'),
('12103-01023-00016',2,'GE',2,1965,10,'Z',NULL,1,'SII_CSV'),
('12103-01023-00016',3,'E',3,1965,72,'O',NULL,1,'SII_CSV'),
('12103-01023-00018',1,'E',3,2021,1271,'G',NULL,1,'SII_CSV'),
('12103-01023-00023',1,'C',4,1951,54,'V',NULL,1,'SII_CSV'),
('12103-01023-00024',1,'EB',0,1951,40,NULL,NULL,0,'SII_CSV'),
('12103-01023-00025',1,'EB',0,1951,38,NULL,NULL,0,'SII_CSV'),
('12103-01023-00028',1,'E',1,2013,820,'G',NULL,1,'SII_CSV'),
('12103-01023-00028',2,'E',3,2013,880,'G',NULL,1,'SII_CSV'),
('12103-01023-00028',3,'E',3,2013,140,'G',NULL,1,'SII_CSV'),
('12103-01023-00034',1,'E',3,2018,309,'G',NULL,1,'SII_CSV'),
('12103-01023-00034',2,'E',3,2018,261,'G',NULL,1,'SII_CSV'),
('12103-01023-00036',1,'E',3,2019,609,'G',NULL,1,'SII_CSV'),
('12103-01023-00036',2,'G',3,2019,260,'G',NULL,1,'SII_CSV')
ON CONFLICT (rol, numero_construccion) DO UPDATE SET
  material_codigo       = EXCLUDED.material_codigo,
  calidad_codigo        = EXCLUDED.calidad_codigo,
  anio_construccion     = EXCLUDED.anio_construccion,
  sup_total_m2          = EXCLUDED.sup_total_m2,
  destino_construccion  = EXCLUDED.destino_construccion,
  condicion_especial    = EXCLUDED.condicion_especial,
  numero_pisos          = EXCLUDED.numero_pisos;

-- ─────────────────────────────────────────────────
-- A: BRTMPCATASA_2025_2_12103  |  CÓDIGO 12103
-- 162 filas
-- ─────────────────────────────────────────────────
INSERT INTO catastro.predios (
  rol, codigo_comuna, manzana, predio, direccion,
  avaluo_total_vigente, contribucion_semestre,
  destino_sii, avaluo_total_exento,
  cod_ubicacion, serie_predio, fuente_datos
) VALUES
('12103-01020-00002','12103','01020','00002','CERRO CASTILLO - RUTA N 9 - KILOMETRO 61',56668762,17160,'A',48089106,'R','agricola','SII_CSV'),
('12103-01020-00003','12103','01020','00003','CERRO CAZADOR',87297148,NULL,'A',87297148,'R','agricola','SII_CSV'),
('12103-01020-00004','12103','01020','00004','ESTANCIA RIO PAINE',3337992573,NULL,'A',3337992573,'R','agricola','SII_CSV'),
('12103-01020-00005','12103','01020','00005','ISLA LINCOLN LT 35 PL 1',26079594,NULL,'A',26079594,'R','agricola','SII_CSV'),
('12103-01020-00009','12103','01020','00009','PARCELA CUATRO ULTIMA ESPERANZA',1126986379,2157796,'A',48089106,'R','agricola','SII_CSV'),
('12103-01020-00011','12103','01020','00011','LOTE N 20 CERRO CASTILLO V',465013884,833850,'A',48089106,'R','agricola','SII_CSV'),
('12103-01020-00012','12103','01020','00012','CERRO CASTILLO LT 15 A',707284327,1318390,'A',48089106,'R','agricola','SII_CSV'),
('12103-01020-00014','12103','01020','00014','LOTE 25 V CERRO CASTILLO',699187866,1302198,'A',48089106,'R','agricola','SII_CSV'),
('12103-01020-00015','12103','01020','00015','LOTE N 27 CERRO CASTILLO',718553277,1340928,'A',48089106,'R','agricola','SII_CSV'),
('12103-01020-00016','12103','01020','00016','PC 17 B CERRO CASTILLO',31979790,NULL,'A',31979790,'R','agricola','SII_CSV'),
('12103-01020-00017','12103','01020','00017','LOTE N 18 CERRO CASTILLO',1684019023,3271860,'A',48089106,'R','agricola','SII_CSV'),
('12103-01020-00018','12103','01020','00018','RANCHO LOURDES LOTE N 19 CERRO CASTILLO',766049852,1435922,'A',48089106,'R','agricola','SII_CSV'),
('12103-01020-00019','12103','01020','00019','LOTE N 20 CERRO CASTILLO I P',1088837338,2081496,'A',48089106,'R','agricola','SII_CSV'),
('12103-01020-00020','12103','01020','00020','LOTE N 21 CERRO CASTILLO',1732792481,3369408,'A',48089106,'R','agricola','SII_CSV'),
('12103-01020-00021','12103','01020','00021','LOTE N 22 CERRO CASTILLO',1549601492,3003026,'A',48089106,'R','agricola','SII_CSV'),
('12103-01020-00022','12103','01020','00022','LOTE N 23 CERRO CASTILLO',1810458941,3524740,'A',48089106,'R','agricola','SII_CSV'),
('12103-01020-00023','12103','01020','00023','PARCELA 24 CERRO CASTILLO CHINGUE',1399261742,2702346,'A',48089106,'R','agricola','SII_CSV'),
('12103-01020-00024','12103','01020','00024','PARCELA 25 IP CERRO CASTILLO',950633572,1805090,'A',48089106,'R','agricola','SII_CSV'),
('12103-01020-00025','12103','01020','00025','LOTE N 26 CERRO CASTILLO',1719230928,3342284,'A',48089106,'R','agricola','SII_CSV'),
('12103-01020-00026','12103','01020','00026','LOTE N 27 CERRO CASTILLO',737826716,1379476,'A',48089106,'R','agricola','SII_CSV'),
('12103-01020-00027','12103','01020','00027','PARC 32 PV',970846980,1845516,'A',48089106,'R','agricola','SII_CSV'),
('12103-01020-00028','12103','01020','00028','LOTE N 28 CERRO CASTILLO',1173250693,2250324,'A',48089106,'R','agricola','SII_CSV'),
('12103-01020-00029','12103','01020','00029','LOTE N 29 CERRO CASTILLO',2028842937,3961508,'A',48089106,'R','agricola','SII_CSV'),
('12103-01020-00030','12103','01020','00030','ESTANCIA JUAN DOMINGO',1673244620,3250312,'A',48089106,'R','agricola','SII_CSV'),
('12103-01020-00032','12103','01020','00032','RES PARQUE NAC',206528361,NULL,'A',206528361,'R','agricola','SII_CSV'),
('12103-01020-00033','12103','01020','00033','LOTE N 27 CERRO CASTILLO',522379318,948580,'A',48089106,'R','agricola','SII_CSV'),
('12103-01020-00034','12103','01020','00034','COMPLEJO TORRES DEL PAINE',1295476635,2494776,'A',48089106,'R','agricola','SII_CSV'),
('12103-01020-00035','12103','01020','00035','COMPLEJO TORRES DEL PAINE',1126839280,2157500,'A',48089106,'R','agricola','SII_CSV'),
('12103-01020-00036','12103','01020','00036','RESTO ESTANCIA CERRO CASTILLO Y DOS LAGU',6292710439,NULL,'A',6292710439,'R','agricola','SII_CSV'),
('12103-01020-00051','12103','01020','00051','LOTE N 16 A CERRO CASTILLO',916386023,1736594,'A',48089106,'R','agricola','SII_CSV'),
('12103-01020-00056','12103','01020','00056','BCE 4 PROY U ESPERANZA',77222805,49246,'A',48089106,'R','agricola','SII_CSV'),
('12103-01020-00059','12103','01020','00059','C CASTILLO LT 15 -B',1184388801,2272600,'A',48089106,'R','agricola','SII_CSV'),
('12103-01020-00066','12103','01020','00066','PC 17 A CERRO CASTILLO',1721217224,3346256,'A',48089106,'R','agricola','SII_CSV'),
('12103-01020-00070','12103','01020','00070','LAGO SARMIENTO PC 30 - 2 B PROY U ESPERA',54807292,13436,'A',48089106,'R','agricola','SII_CSV'),
('12103-01020-00073','12103','01020','00073','LT 22 A CERRO CASTILLO',1965790,NULL,'A',1965790,'R','agricola','SII_CSV'),
('12103-01020-00094','12103','01020','00094','PARCELA 16 HIJUELAB 1',97363817,98550,'A',48089106,'R','agricola','SII_CSV'),
('12103-01020-00095','12103','01020','00095','PARCELA 16 HIJUELAB 2',117358173,138538,'A',48089106,'R','agricola','SII_CSV'),
('12103-01020-00096','12103','01020','00096','PARCELA 16 HIJUELAB 3',73022863,49868,'A',48089106,'R','agricola','SII_CSV'),
('12103-01020-00097','12103','01020','00097','PARCELA 16 HIJUELAB 4',128018207,159858,'A',48089106,'R','agricola','SII_CSV'),
('12103-01020-00098','12103','01020','00098','PARCELA 16 HIJUELAB 5',102629722,109082,'A',48089106,'R','agricola','SII_CSV'),
('12103-01020-00099','12103','01020','00099','PARCELA 16 HIJUELAB 6',27324894,NULL,'A',27324894,'R','agricola','SII_CSV'),
('12103-01020-00100','12103','01020','00100','PARCELA 16 HIJUELAB 7',1183362,NULL,'A',1183362,'R','agricola','SII_CSV'),
('12103-01020-00101','12103','01020','00101','PARCELA 16 HIJUELAB 8',1957926,NULL,'A',1957926,'R','agricola','SII_CSV'),
('12103-01020-00102','12103','01020','00102','PARCELA 16 HIJUELAB 9',1957926,NULL,'A',1957926,'R','agricola','SII_CSV'),
('12103-01020-00103','12103','01020','00103','PARCELA 16 HIJUELAB 10',1979441,NULL,'A',1979441,'R','agricola','SII_CSV'),
('12103-01020-00104','12103','01020','00104','PARCELA 16 HIJUELAB 11',451829,NULL,'A',451829,'R','agricola','SII_CSV'),
('12103-01020-00108','12103','01020','00108','PARCELA N 31 -B 1 SEC LAGOTORO-SAR',9097432,NULL,'A',9097432,'R','agricola','SII_CSV'),
('12103-01020-00109','12103','01020','00109','PARCELA N 31 -B 2 SEC LAGOTORO-SAR',1289336003,2482494,'A',48089106,'R','agricola','SII_CSV'),
('12103-01020-00110','12103','01020','00110','PARCELA N 31 -B 3 SEC LAGOTORO-SAR',1280038628,2463900,'A',48089106,'R','agricola','SII_CSV'),
('12103-01021-00001','12103','01021','00001','PARQUE NACIONAL TORRES DEL PAINE',336503126,NULL,'A',336503126,'R','agricola','SII_CSV'),
('12103-01021-00002','12103','01021','00002','LT 5 PL 76 -XII- 191',372162930,NULL,'A',372162930,'R','agricola','SII_CSV'),
('12103-01021-00003','12103','01021','00003','LOTES A Y B SUBDIVISION LOTE NRTO NATALE',611957671,1127738,'A',48089106,'R','agricola','SII_CSV'),
('12103-01021-00004','12103','01021','00004','LT 4 B PL XII 1 29 T R',441831787,NULL,'A',441831787,'R','agricola','SII_CSV'),
('12103-01021-00005','12103','01021','00005','COMPLEJO TORRES DEL PAINE',397581927,698986,'A',48089106,'R','agricola','SII_CSV'),
('12103-01021-00006','12103','01021','00006','LT 1 PL 58',444108189,792038,'A',48089106,'R','agricola','SII_CSV'),
('12103-01021-00007','12103','01021','00007','COMPLEJO TORRES DEL PAINE',684750371,1273324,'A',48089106,'R','agricola','SII_CSV'),
('12103-01021-00008','12103','01021','00008','COMPL TORRES DEL PAINE LT 22 A',262961871,429746,'A',48089106,'R','agricola','SII_CSV'),
('12103-01021-00009','12103','01021','00009','EST PERALES PL 16',616782396,1137388,'A',48089106,'R','agricola','SII_CSV'),
('12103-01021-00010','12103','01021','00010','LOTE X 1 PLANO 16 BARRANCA LOS LOBOS',43002643,NULL,'A',43002643,'R','agricola','SII_CSV'),
('12103-01021-00011','12103','01021','00011','LT 21 PL XII 1 982 CR',159230328,NULL,'A',159230328,'R','agricola','SII_CSV'),
('12103-01021-00012','12103','01021','00012','LOTE 20 SECTOR SIERRA ARTURO PRAT PLANO',351525107,606872,'A',48089106,'R','agricola','SII_CSV'),
('12103-01021-00013','12103','01021','00013','LT 19 PL 10',184801770,273426,'A',48089106,'R','agricola','SII_CSV'),
('12103-01021-00015','12103','01021','00015','LT 14 A PL 10',14061466,NULL,'A',14061466,'R','agricola','SII_CSV'),
('12103-01021-00016','12103','01021','00016','LT 15 PL 10',204972616,NULL,'A',204972616,'R','agricola','SII_CSV'),
('12103-01021-00018','12103','01021','00018','PARTE LT 2 PL 76 XII 1 146',265680165,435182,'A',48089106,'R','agricola','SII_CSV'),
('12103-01021-00019','12103','01021','00019','LT 9 10 PARQUE NACIONAL TORRES DEL PAINE',1431209364,NULL,'A',1431209364,'R','agricola','SII_CSV'),
('12103-01021-00020','12103','01021','00020','LT 3 PL 61 PARQUE NACIONAL TORRES DEL PA',1004403400,NULL,'A',1004403400,'R','agricola','SII_CSV'),
('12103-01021-00021','12103','01021','00021','LT 2 PL 61 PARQUE NACIONAL TORRES DEL PA',400113130,NULL,'A',400113130,'R','agricola','SII_CSV'),
('12103-01021-00022','12103','01021','00022','COMPLJ TORRES DEL PAINE LT 4 A',389852893,683528,'A',48089106,'R','agricola','SII_CSV'),
('12103-01021-00023','12103','01021','00023','LT Q PL XII 1 701 CR PTO TORO',82692097,NULL,'A',82692097,'R','agricola','SII_CSV'),
('12103-01021-00024','12103','01021','00024','PARQUE NACIONAL TORRES DEL PAINE LT 2 PL',259017090,NULL,'A',259017090,'R','agricola','SII_CSV'),
('12103-01021-00026','12103','01021','00026','LOTE A B PL XII 1 757 CR',42685737,NULL,'A',42685737,'R','agricola','SII_CSV'),
('12103-01021-00027','12103','01021','00027','RIO SERRANO - RUTA N 9 KILOMETRO 160',20264016,NULL,'A',20264016,'R','agricola','SII_CSV'),
('12103-01021-00028','12103','01021','00028','LT 4 -D PL XII- 1 - 288 CR',10043904,NULL,'A',10043904,'R','agricola','SII_CSV'),
('12103-01021-00029','12103','01021','00029','LOTE 4 -E PL XII- 1 - 371 TR',2410537,NULL,'A',2410537,'R','agricola','SII_CSV'),
('12103-01021-00032','12103','01021','00032','LT 14 B PL 10',159542180,222906,'A',48089106,'R','agricola','SII_CSV'),
('12103-01021-00033','12103','01021','00033','LT B PL XII I 430 TR',18527654,NULL,'A',18527654,'R','agricola','SII_CSV'),
('12103-01021-00035','12103','01021','00035','PL XII 1 584 CR RIO SERRANO',2202964,NULL,'A',2202964,'R','agricola','SII_CSV'),
('12103-01021-00049','12103','01021','00049','AREA 1 LT 22 PL XII 1 1037 CR',14458730,NULL,'A',14458730,'R','agricola','SII_CSV'),
('12103-01021-00050','12103','01021','00050','AREA 3 LT 22 Y LT 11 M PL XII 1 1036 CR',23904491,NULL,'A',23904491,'R','agricola','SII_CSV'),
('12103-01021-00052','12103','01021','00052','AREA 1 LT 13 - 16 17 - 36 PL XII 1037 CR',12698090,NULL,'A',12698090,'R','agricola','SII_CSV'),
('12103-01021-00053','12103','01021','00053','AREA D LT 4 RIO SERRANO PL XII 1 1034 CR',1654601,NULL,'A',1654601,'R','agricola','SII_CSV'),
('12103-01021-00054','12103','01021','00054','AREA C LT 4 RIO SERRANO PL XII 1 1035 CR',974259,NULL,'A',974259,'R','agricola','SII_CSV'),
('12103-01021-00078','12103','01021','00078','BALMACEDA RIO SERRANO LT 2',12454033,NULL,'A',12454033,'R','agricola','SII_CSV'),
('12103-01021-00080','12103','01021','00080','BALMACEDA RIO SERRANOLT 4',39720086,NULL,'A',39720086,'R','agricola','SII_CSV'),
('12103-01021-00081','12103','01021','00081','BALMACEDA RIO SERRANOLT 5',47576386,NULL,'A',47576386,'R','agricola','SII_CSV'),
('12103-01021-00082','12103','01021','00082','BALMACEDA RIO SERRANOLT 6',35453818,NULL,'A',35453818,'R','agricola','SII_CSV'),
('12103-01021-00083','12103','01021','00083','BALMACEDA RIO SERRANOLT 7',41028002,NULL,'A',41028002,'R','agricola','SII_CSV'),
('12103-01021-00084','12103','01021','00084','LT 12 DEL PLANO 10 lt 2 a',16916048,NULL,'A',16916048,'R','agricola','SII_CSV'),
('12103-01021-00085','12103','01021','00085','LT 12 DEL PLANO 10 lt 2 b',8458024,NULL,'A',8458024,'R','agricola','SII_CSV'),
('12103-01021-00086','12103','01021','00086','LT 12 DEL PLANO 10 lt 2 c',8458024,NULL,'A',8458024,'R','agricola','SII_CSV'),
('12103-01021-00087','12103','01021','00087','LT 12 DEL PLANO 10 lt 2 d',8458024,NULL,'A',8458024,'R','agricola','SII_CSV'),
('12103-01021-00088','12103','01021','00088','LT 12 DEL PLANO 10 lt 5 a',2643133,NULL,'A',2643133,'R','agricola','SII_CSV'),
('12103-01021-00089','12103','01021','00089','LT 12 DEL PLANO 10 lt 5 b',2643133,NULL,'A',2643133,'R','agricola','SII_CSV'),
('12103-01021-00090','12103','01021','00090','LT 12 DEL PLANO 10 lt 5 c',2643133,NULL,'A',2643133,'R','agricola','SII_CSV'),
('12103-01021-00091','12103','01021','00091','LT 12 DEL PLANO 10 lt 5 d',2643133,NULL,'A',2643133,'R','agricola','SII_CSV'),
('12103-01021-00094','12103','01021','00094','LOTE 12 PLANO 10 LT 1 A',21832276,NULL,'A',21832276,'R','agricola','SII_CSV'),
('12103-01021-00095','12103','01021','00095','LOTE 12 PLANO 10 LT 1 B',20140670,NULL,'A',20140670,'R','agricola','SII_CSV'),
('12103-01021-00096','12103','01021','00096','LOTE 12 PLANO 10 LT 1 C',21990863,NULL,'A',21990863,'R','agricola','SII_CSV'),
('12103-01021-00097','12103','01021','00097','LOTE 12 PLANO 10 LT 1 D',18949498,NULL,'A',18949498,'R','agricola','SII_CSV'),
('12103-01021-00098','12103','01021','00098','LOTE 12 PLANO 10 LT 3 A',22678077,NULL,'A',22678077,'R','agricola','SII_CSV'),
('12103-01021-00099','12103','01021','00099','LOTE 12 PLANO 10 LT 3 B',23037544,NULL,'A',23037544,'R','agricola','SII_CSV'),
('12103-01021-00100','12103','01021','00100','LOTE 12 PLANO 10 LT 3 C',22625215,NULL,'A',22625215,'R','agricola','SII_CSV'),
('12103-01021-00101','12103','01021','00101','LOTE 12 PLANO 10 LT 3 D',20230537,NULL,'A',20230537,'R','agricola','SII_CSV'),
('12103-01021-00113','12103','01021','00113','LOTE C PL 12402 - 932',634352,NULL,'A',634352,'R','agricola','SII_CSV'),
('12103-01021-00114','12103','01021','00114','LOTE B PL 12402 - 931',532855,NULL,'A',532855,'R','agricola','SII_CSV'),
('12103-01021-00151','12103','01021','00151','P. TORRES DEL PAINE LT TP- 1',365733578,NULL,'A',365733578,'R','agricola','SII_CSV'),
('12103-01021-00152','12103','01021','00152','LT OH- 1 RETASO P. OHIGGINS',2881105,NULL,'A',2881105,'R','agricola','SII_CSV'),
('12103-01021-00180','12103','01021','00180','LOTE13',2722427,NULL,'A',2722427,'R','agricola','SII_CSV'),
('12103-01021-00181','12103','01021','00181','LOTE14',2680136,NULL,'A',2680136,'R','agricola','SII_CSV'),
('12103-01022-00001','12103','01022','00001','PORFIADA LT 3 CORDILLARE ZAMORA',648716650,1201256,'A',48089106,'R','agricola','SII_CSV'),
('12103-01022-00002','12103','01022','00002','ESTANCIA RIO LAS CHINAS',386677618,677178,'A',48089106,'R','agricola','SII_CSV'),
('12103-01022-00003','12103','01022','00003','LT 5 PL 10',134548639,172920,'A',48089106,'R','agricola','SII_CSV'),
('12103-01022-00004','12103','01022','00004','EST LAS CUMBRES LT C P',547671472,980534,'A',48089106,'R','agricola','SII_CSV'),
('12103-01022-00005','12103','01022','00005','LOTE 1 PLANO 59',221280033,339924,'A',48089106,'R','agricola','SII_CSV'),
('12103-01022-00006','12103','01022','00006','LT 2 PL 59',445178668,779372,'A',48089106,'R','agricola','SII_CSV'),
('12103-01022-00007','12103','01022','00007','HACIENDA 3 R',622780702,1149384,'A',48089106,'R','agricola','SII_CSV'),
('12103-01022-00008','12103','01022','00008','EST LA CHILENITA',565927188,1035676,'A',48089106,'R','agricola','SII_CSV'),
('12103-01022-00009','12103','01022','00009','ESTANCIA LA CRIOLLITA LOTE 7 PLANO 59',588399890,1080622,'A',48089106,'R','agricola','SII_CSV'),
('12103-01022-00010','12103','01022','00010','EST SONIA DE LOURDES',693643233,1291108,'A',48089106,'R','agricola','SII_CSV'),
('12103-01022-00011','12103','01022','00011','LT 5 PL 59 LOS LEONES',656065877,1215954,'A',48089106,'R','agricola','SII_CSV'),
('12103-01022-00012','12103','01022','00012','EST LOS LEONES LT 4 PL 59',621029338,1124514,'A',48089106,'R','agricola','SII_CSV'),
('12103-01022-00013','12103','01022','00013','ESTANCIA RIO LAS CHINAS',1460457258,2824736,'A',48089106,'R','agricola','SII_CSV'),
('12103-01022-00014','12103','01022','00014','ESTANCIA 2 DE ENERO',694478721,1292780,'A',48089106,'R','agricola','SII_CSV'),
('12103-01022-00015','12103','01022','00015','LOTE 5 A PLANO N XII 1 62 T R LAGUNA AZU',589685698,1062996,'A',48089106,'R','agricola','SII_CSV'),
('12103-01022-00016','12103','01022','00016','LT 4 PL 60 PARQUE NACIONAL TORAGUNA AZUL',825158351,NULL,'A',825158351,'R','agricola','SII_CSV'),
('12103-01022-00017','12103','01022','00017','LT 3 PL 6 PARQUE NACIONAL TORRO PAINE',1140191946,NULL,'A',1140191946,'R','agricola','SII_CSV'),
('12103-01022-00018','12103','01022','00018','EST CERRO PAINE',1234993029,2373808,'A',48089106,'R','agricola','SII_CSV'),
('12103-01022-00019','12103','01022','00019','LT 7 PL PARQUE NACIONAL TORRES GREY',773355235,NULL,'A',773355235,'R','agricola','SII_CSV'),
('12103-01022-00020','12103','01022','00020','LT. 35 PL 16 PARQUE NACIONAL T LAGO DICK',210915064,NULL,'A',210915064,'R','agricola','SII_CSV'),
('12103-01022-00021','12103','01022','00021','LT 6 PL 34 PARQUE NACIONAL TORICTORINA',109534294,NULL,'A',109534294,'R','agricola','SII_CSV'),
('12103-01022-00022','12103','01022','00022','EST VICTORINA LT G PL 1',695386292,NULL,'A',695386292,'R','agricola','SII_CSV'),
('12103-01022-00023','12103','01022','00023','LT 33 PL 16 PARQUE NACIONAL TORRES DEL P',977776135,NULL,'A',977776135,'R','agricola','SII_CSV'),
('12103-01022-00024','12103','01022','00024','VENTISQ DICKSON',541712744,NULL,'A',541712744,'R','agricola','SII_CSV'),
('12103-01022-00025','12103','01022','00025','LT 5 B LAG AZUL',175254871,254332,'A',48089106,'R','agricola','SII_CSV'),
('12103-01022-00026','12103','01022','00026','PARQUE NAC. TORRES DE PAINE LOUL',30852159,NULL,'A',30852159,'R','agricola','SII_CSV'),
('12103-01022-00028','12103','01022','00028','VENTISQ DICKSON LT 2 B PL XII 1 168 TR',364672146,633166,'A',48089106,'R','agricola','SII_CSV'),
('12103-01022-00033','12103','01022','00033','LOTE H 5 ESTANCIA CERRO PAINE',94923612,93276,'A',48089106,'R','agricola','SII_CSV'),
('12103-01022-00042','12103','01022','00042','LT 2 -A P. TORRES DEL P',16473995,NULL,'A',16473995,'R','agricola','SII_CSV'),
('12103-01022-00078','12103','01022','00078','LT LH 2 ESTANCIA 2 DE ENERO',2365941,NULL,'A',2365941,'R','agricola','SII_CSV'),
('12103-01023-00001','12103','01023','00001','CERRO GUIDO-RUTA N 9 KILOMETRO 110',96240332,NULL,'A',96240332,'R','agricola','SII_CSV'),
('12103-01023-00002','12103','01023','00002','PARC 32 I',756976458,1417776,'A',48089106,'R','agricola','SII_CSV'),
('12103-01023-00003','12103','01023','00003','C GUIDO LT 33 M',1959077433,3821978,'A',48089106,'R','agricola','SII_CSV'),
('12103-01023-00004','12103','01023','00004','TERCERA BARRANCA PARC 34 A',1633809974,3171442,'A',48089106,'R','agricola','SII_CSV'),
('12103-01023-00005','12103','01023','00005','PARCELA 35 ULTIMA ESPERANZA',1489266516,2882356,'A',48089106,'R','agricola','SII_CSV'),
('12103-01023-00006','12103','01023','00006','PARCELA 36 M LOTE A C GUIDO',1946515095,3796852,'A',48089106,'R','agricola','SII_CSV'),
('12103-01023-00007','12103','01023','00007','PC 37 M A EX LT 37',1524839083,2953500,'A',48089106,'R','agricola','SII_CSV'),
('12103-01023-00008','12103','01023','00008','LOTE 38 CERRO GUIDO',1745735350,3395292,'A',48089106,'R','agricola','SII_CSV'),
('12103-01023-00009','12103','01023','00009','C GUIDO LT 39 IP B',984393015,1872608,'A',48089106,'R','agricola','SII_CSV'),
('12103-01023-00010','12103','01023','00010','CO GUIDO PARCELA 40 I',839031542,1581886,'A',48089106,'R','agricola','SII_CSV'),
('12103-01023-00011','12103','01023','00011','C GUIDO 39 V',712177830,1328178,'A',48089106,'R','agricola','SII_CSV'),
('12103-01023-00012','12103','01023','00012','CO GUIDO PARCELA 40 P V',719483836,1342790,'A',48089106,'R','agricola','SII_CSV'),
('12103-01023-00013','12103','01023','00013','EX RES CORA 10 C GUIDO',89332242,79350,'A',48089106,'R','agricola','SII_CSV'),
('12103-01023-00014','12103','01023','00014','RESTO ESTANCIA CERRO GUIDO',1104815052,NULL,'A',1104815052,'R','agricola','SII_CSV'),
('12103-01023-00017','12103','01023','00017','BCE 6 PROY U ESPERANZA',86705404,72832,'A',48089106,'R','agricola','SII_CSV'),
('12103-01023-00019','12103','01023','00019','LOTE N 39 CERRO CASTILLO',567805893,1039434,'A',48089106,'R','agricola','SII_CSV'),
('12103-01023-00020','12103','01023','00020','PC 37 M B EX LOTE 37 M',95625178,95072,'A',48089106,'R','agricola','SII_CSV'),
('12103-01023-00021','12103','01023','00021','PARCELA 36 M LOTE B C GUIDO',278299419,460422,'A',48089106,'R','agricola','SII_CSV'),
('12103-01023-00022','12103','01023','00022','PARCELA 34 B',40893793,NULL,'A',40893793,'R','agricola','SII_CSV'),
('12103-01023-00026','12103','01023','00026','ST 6 PROY V ESPERANZA CERRO GUID',2886301,NULL,'A',2886301,'R','agricola','SII_CSV'),
('12103-01023-00027','12103','01023','00027','LOTE B X',28596234,NULL,'A',28596234,'R','agricola','SII_CSV'),
('12103-01023-00035','12103','01023','00035','PARCELA34 -A 2',160472697,224768,'A',48089106,'R','agricola','SII_CSV')
ON CONFLICT (rol) DO UPDATE SET
  avaluo_total_vigente = EXCLUDED.avaluo_total_vigente,
  contribucion_semestre = EXCLUDED.contribucion_semestre,
  destino_sii          = EXCLUDED.destino_sii,
  avaluo_total_exento  = EXCLUDED.avaluo_total_exento,
  cod_ubicacion        = EXCLUDED.cod_ubicacion,
  fuente_datos         = 'SII_CSV',
  fecha_actualizacion  = now();

-- ─────────────────────────────────────────────────
-- AL: BRTMPCATASAL_2025_2_12103  |  CÓDIGO 12103
-- 177 filas
-- ─────────────────────────────────────────────────
INSERT INTO catastro.suelos_agricolas (
  rol, cod_suelo, sup_ha, fuente_datos
) VALUES
('12103-01020-00002','22',67.00,'SII_CSV'),
('12103-01020-00003','25',272.00,'SII_CSV'),
('12103-01020-00004','25',11346.00,'SII_CSV'),
('12103-01020-00005','26',300.00,'SII_CSV'),
('12103-01020-00009','25',3371.00,'SII_CSV'),
('12103-01020-00011','23',822.00,'SII_CSV'),
('12103-01020-00012','24',1349.00,'SII_CSV'),
('12103-01020-00014','23',1185.50,'SII_CSV'),
('12103-01020-00015','25',2286.50,'SII_CSV'),
('12103-01020-00016','22',37.81,'SII_CSV'),
('12103-01020-00017','24',3573.00,'SII_CSV'),
('12103-01020-00018','25',2518.00,'SII_CSV'),
('12103-01020-00019','25',3579.00,'SII_CSV'),
('12103-01020-00020','24',1248.00,'SII_CSV'),
('12103-01020-00020','25',3343.00,'SII_CSV'),
('12103-01020-00021','25',4681.93,'SII_CSV'),
('12103-01020-00022','24',2367.00,'SII_CSV'),
('12103-01020-00022','25',1795.00,'SII_CSV'),
('12103-01020-00023','25',5298.00,'SII_CSV'),
('12103-01020-00024','25',3025.00,'SII_CSV'),
('12103-01020-00025','25',6050.00,'SII_CSV'),
('12103-01020-00026','25',2252.00,'SII_CSV'),
('12103-01020-00027','25',3156.48,'SII_CSV'),
('12103-01020-00028','25',2820.00,'SII_CSV'),
('12103-01020-00028','26',2765.26,'SII_CSV'),
('12103-01020-00029','25',6388.00,'SII_CSV'),
('12103-01020-00030','26',8190.53,'SII_CSV'),
('12103-01020-00032','25',702.00,'SII_CSV'),
('12103-01020-00033','23',868.00,'SII_CSV'),
('12103-01020-00034','23',2290.00,'SII_CSV'),
('12103-01020-00035','25',3511.00,'SII_CSV'),
('12103-01020-00036','26',32903.00,'SII_CSV'),
('12103-01020-00051','25',2797.00,'SII_CSV'),
('12103-01020-00056','25',235.70,'SII_CSV'),
('12103-01020-00059','25',3615.00,'SII_CSV'),
('12103-01020-00066','23',2979.19,'SII_CSV'),
('12103-01020-00070','22',70.69,'SII_CSV'),
('12103-01020-00073','25',6.00,'SII_CSV'),
('12103-01020-00094','26',448.00,'SII_CSV'),
('12103-01020-00095','26',540.00,'SII_CSV'),
('12103-01020-00096','26',336.00,'SII_CSV'),
('12103-01020-00097','26',595.00,'SII_CSV'),
('12103-01020-00098','26',477.00,'SII_CSV'),
('12103-01020-00099','26',127.00,'SII_CSV'),
('12103-01020-00100','26',5.50,'SII_CSV'),
('12103-01020-00101','26',9.10,'SII_CSV'),
('12103-01020-00102','26',9.10,'SII_CSV'),
('12103-01020-00103','26',9.20,'SII_CSV'),
('12103-01020-00104','26',2.10,'SII_CSV'),
('12103-01020-00108','26',45.50,'SII_CSV'),
('12103-01020-00109','26',6448.50,'SII_CSV'),
('12103-01020-00110','26',6402.00,'SII_CSV'),
('12103-01021-00001','8',43168.00,'SII_CSV'),
('12103-01021-00002','25',1210.00,'SII_CSV'),
('12103-01021-00003','26',4693.00,'SII_CSV'),
('12103-01021-00004','26',2675.00,'SII_CSV'),
('12103-01021-00005','27',7917.14,'SII_CSV'),
('12103-01021-00006','25',2214.00,'SII_CSV'),
('12103-01021-00007','25',2156.00,'SII_CSV'),
('12103-01021-00008','27',5236.42,'SII_CSV'),
('12103-01021-00009','26',4730.00,'SII_CSV'),
('12103-01021-00010','26',329.78,'SII_CSV'),
('12103-01021-00011','27',3170.79,'SII_CSV'),
('12103-01021-00012','27',7000.00,'SII_CSV'),
('12103-01021-00013','27',3680.00,'SII_CSV'),
('12103-01021-00015','22',21.00,'SII_CSV'),
('12103-01021-00016','27',3100.00,'SII_CSV'),
('12103-01021-00018','27',4176.75,'SII_CSV'),
('12103-01021-00019','27',18000.00,'SII_CSV'),
('12103-01021-00020','26',6081.00,'SII_CSV'),
('12103-01021-00021','26',2557.00,'SII_CSV'),
('12103-01021-00022','27',7763.23,'SII_CSV'),
('12103-01021-00023','27',2470.00,'SII_CSV'),
('12103-01021-00024','27',4072.00,'SII_CSV'),
('12103-01021-00026','25',168.00,'SII_CSV'),
('12103-01021-00027','22',25.00,'SII_CSV'),
('12103-01021-00028','22',15.00,'SII_CSV'),
('12103-01021-00029','22',3.60,'SII_CSV'),
('12103-01021-00032','27',3177.00,'SII_CSV'),
('12103-01021-00033','22',27.67,'SII_CSV'),
('12103-01021-00035','22',3.29,'SII_CSV'),
('12103-01021-00049','27',287.92,'SII_CSV'),
('12103-01021-00050','22',28.56,'SII_CSV'),
('12103-01021-00052','27',252.86,'SII_CSV'),
('12103-01021-00053','22',3.13,'SII_CSV'),
('12103-01021-00054','22',1.14,'SII_CSV'),
('12103-01021-00078','27',248.00,'SII_CSV'),
('12103-01021-00080','23',110.00,'SII_CSV'),
('12103-01021-00081','22',90.00,'SII_CSV'),
('12103-01021-00082','27',706.00,'SII_CSV'),
('12103-01021-00083','27',817.00,'SII_CSV'),
('12103-01021-00084','22',32.00,'SII_CSV'),
('12103-01021-00085','22',16.00,'SII_CSV'),
('12103-01021-00086','22',16.00,'SII_CSV'),
('12103-01021-00087','22',16.00,'SII_CSV'),
('12103-01021-00088','22',5.00,'SII_CSV'),
('12103-01021-00089','22',5.00,'SII_CSV'),
('12103-01021-00090','22',5.00,'SII_CSV'),
('12103-01021-00091','22',5.00,'SII_CSV'),
('12103-01021-00094','22',41.30,'SII_CSV'),
('12103-01021-00095','22',38.10,'SII_CSV'),
('12103-01021-00096','22',41.60,'SII_CSV'),
('12103-01021-00097','22',22.64,'SII_CSV'),
('12103-01021-00098','22',42.90,'SII_CSV'),
('12103-01021-00099','22',43.58,'SII_CSV'),
('12103-01021-00100','22',42.80,'SII_CSV'),
('12103-01021-00101','22',38.27,'SII_CSV'),
('12103-01021-00113','22',1.00,'SII_CSV'),
('12103-01021-00114','22',0.84,'SII_CSV'),
('12103-01021-00151','8',53061.80,'SII_CSV'),
('12103-01021-00152','8',585.20,'SII_CSV'),
('12103-01021-00180','22',5.15,'SII_CSV'),
('12103-01021-00181','22',5.07,'SII_CSV'),
('12103-01022-00001','28',27000.00,'SII_CSV'),
('12103-01022-00002','27',5500.00,'SII_CSV'),
('12103-01022-00003','28',5600.00,'SII_CSV'),
('12103-01022-00004','26',3500.00,'SII_CSV'),
('12103-01022-00005','27',3672.00,'SII_CSV'),
('12103-01022-00006','26',2845.00,'SII_CSV'),
('12103-01022-00007','26',3980.00,'SII_CSV'),
('12103-01022-00008','26',3100.00,'SII_CSV'),
('12103-01022-00009','25',2000.00,'SII_CSV'),
('12103-01022-00010','25',2470.00,'SII_CSV'),
('12103-01022-00011','25',2230.00,'SII_CSV'),
('12103-01022-00012','25',2580.00,'SII_CSV'),
('12103-01022-00013','26',8000.00,'SII_CSV'),
('12103-01022-00014','26',4438.20,'SII_CSV'),
('12103-01022-00015','26',3768.50,'SII_CSV'),
('12103-01022-00016','26',4520.00,'SII_CSV'),
('12103-01022-00017','25',3590.00,'SII_CSV'),
('12103-01022-00018','25',3888.49,'SII_CSV'),
('12103-01022-00019','27',11000.00,'SII_CSV'),
('12103-01022-00020','27',3000.00,'SII_CSV'),
('12103-01022-00021','26',600.00,'SII_CSV'),
('12103-01022-00022','26',4444.00,'SII_CSV'),
('12103-01022-00023','26',5356.00,'SII_CSV'),
('12103-01022-00024','27',6813.00,'SII_CSV'),
('12103-01022-00025','26',960.00,'SII_CSV'),
('12103-01022-00026','26',169.00,'SII_CSV'),
('12103-01022-00028','27',5187.00,'SII_CSV'),
('12103-01022-00033','25',322.65,'SII_CSV'),
('12103-01022-00042','8',2390.10,'SII_CSV'),
('12103-01022-00078','26',15.12,'SII_CSV'),
('12103-01023-00001','22',124.13,'SII_CSV'),
('12103-01023-00002','25',2573.00,'SII_CSV'),
('12103-01023-00003','25',6659.00,'SII_CSV'),
('12103-01023-00004','25',5553.40,'SII_CSV'),
('12103-01023-00005','26',7787.00,'SII_CSV'),
('12103-01023-00006','25',6616.30,'SII_CSV'),
('12103-01023-00007','26',7973.00,'SII_CSV'),
('12103-01023-00008','24',3708.00,'SII_CSV'),
('12103-01023-00009','25',3346.00,'SII_CSV'),
('12103-01023-00010','25',1326.00,'SII_CSV'),
('12103-01023-00010','26',3040.00,'SII_CSV'),
('12103-01023-00011','25',2536.00,'SII_CSV'),
('12103-01023-00012','26',4598.00,'SII_CSV'),
('12103-01023-00013','22',115.22,'SII_CSV'),
('12103-01023-00014','26',5776.80,'SII_CSV'),
('12103-01023-00017','25',273.00,'SII_CSV'),
('12103-01023-00019','25',1930.00,'SII_CSV'),
('12103-01023-00020','26',500.00,'SII_CSV'),
('12103-01023-00021','25',824.00,'SII_CSV'),
('12103-01023-00022','25',139.00,'SII_CSV'),
('12103-01023-00026','22',3.90,'SII_CSV'),
('12103-01023-00027','25',97.20,'SII_CSV'),
('12103-01023-00035','25',800.00,'SII_CSV')
ON CONFLICT (rol, cod_suelo) DO UPDATE SET
  sup_ha = EXCLUDED.sup_ha;

INSERT INTO catastro.construcciones (
  rol, numero_construccion, material_codigo,
  calidad_codigo, sup_total_m2,
  destino_construccion, condicion_especial, fuente_datos
) VALUES
('12103-01020-00017',1,'E',3,158,'P',NULL,'SII_CSV'),
('12103-01020-00020',1,'E',2,395,'P',NULL,'SII_CSV'),
('12103-01020-00021',1,'E',3,172,'P',NULL,'SII_CSV'),
('12103-01020-00022',1,'E',3,204,'P',NULL,'SII_CSV'),
('12103-01020-00051',1,'E',3,211,'P',NULL,'SII_CSV'),
('12103-01022-00009',1,'E',3,200,'P',NULL,'SII_CSV'),
('12103-01022-00011',1,'E',3,110,'P',NULL,'SII_CSV'),
('12103-01022-00013',1,'E',3,182,'P',NULL,'SII_CSV'),
('12103-01023-00005',1,'E',2,162,'P',NULL,'SII_CSV'),
('12103-01023-00007',1,'E',3,181,'P',NULL,'SII_CSV'),
('12103-01023-00021',1,'E',3,299,'P',NULL,'SII_CSV')
ON CONFLICT (rol, numero_construccion) DO NOTHING;

-- ─────────────────────────────────────────────────
-- Registro en catastro.importaciones
-- ─────────────────────────────────────────────────
INSERT INTO catastro.importaciones
  (codigo_comuna, nombre_comuna, archivo_fuente, tipo_archivo,
   total_registros, fecha_importacion, estado, error_msg)
VALUES
('12103', 'CÓDIGO 12103', 'BRTMPCATASN_2025_2_12103', 'N', 125, '2026-03-19T19:52:07.067411', 'completado', NULL),
('12103', 'CÓDIGO 12103', 'BRTMPCATASNL_2025_2_12103', 'NL', 204, '2026-03-19T19:52:07.067411', 'completado', NULL),
('12103', 'CÓDIGO 12103', 'BRTMPCATASA_2025_2_12103', 'A', 162, '2026-03-19T19:52:07.067411', 'completado', NULL),
('12103', 'CÓDIGO 12103', 'BRTMPCATASAL_2025_2_12103', 'AL', 177, '2026-03-19T19:52:07.067411', 'completado', NULL);

COMMIT;
-- ══ FIN DE INGESTIÓN ══
