-- ══════════════════════════════════════════════════════════════
-- SNRI — Ingestión Catastral SII
-- Generado : 2026-03-19 16:51:49
-- Comuna(s): 11303 CÓDIGO 11303
-- Archivos :
--   BRTMPCATASN_2025_2_11303
--   BRTMPCATASNL_2025_2_11303
--   BRTMPCATASA_2025_2_11303
--   BRTMPCATASAL_2025_2_11303
-- ══════════════════════════════════════════════════════════════

SET search_path TO catastro, public;
BEGIN;

-- DDL auxiliar

-- Tabla auxiliar para suelos agrícolas (si no existe)
CREATE TABLE IF NOT EXISTS catastro.suelos_agricolas (
    id          uuid PRIMARY KEY DEFAULT gen_random_uuid(),
    rol         text NOT NULL,
    cod_suelo   text NOT NULL,
    sup_ha      numeric(12,2),
    fuente_datos text,
    created_at  timestamptz DEFAULT now(),
    CONSTRAINT fk_suelos_predio FOREIGN KEY (rol)
        REFERENCES catastro.predios(rol) ON DELETE CASCADE
);
CREATE UNIQUE INDEX IF NOT EXISTS uq_suelos_rol_cod
    ON catastro.suelos_agricolas(rol, cod_suelo);


-- ─────────────────────────────────────────────────
-- N: BRTMPCATASN_2025_2_11303  |  CÓDIGO 11303
-- 251 filas
-- ─────────────────────────────────────────────────
INSERT INTO catastro.predios (
  rol, codigo_comuna, manzana, predio, direccion,
  avaluo_total_vigente, contribucion_semestre, destino_sii,
  avaluo_total_exento, bc1_rol, bc2_rol,
  sup_terreno_m2, cod_ubicacion, rol_padre,
  serie_predio, fuente_datos
) VALUES
('11303-00100-00001','11303','00100','00001','TORTEL',32736194,NULL,'W',32736194,NULL,NULL,17637,'R',NULL,'no_agricola','SII_CSV'),
('11303-00100-00002','11303','00100','00002','RECINTO ARMADA DE CHILE',19004448,NULL,'H',19004448,NULL,NULL,4000,'R',NULL,'no_agricola','SII_CSV'),
('11303-00100-00003','11303','00100','00003','RECINTO ARMADA DE CHILE',4147175,NULL,'O',4147175,NULL,NULL,580,'R',NULL,'no_agricola','SII_CSV'),
('11303-00100-00004','11303','00100','00004','RECINTO ARMADA CHILE',28389186,NULL,'W',28389186,NULL,NULL,14630,'U',NULL,'no_agricola','SII_CSV'),
('11303-00100-00005','11303','00100','00005','RECINTO ARMADA DE CHILE',7341051,NULL,'W',7341051,NULL,NULL,3145,'U',NULL,'no_agricola','SII_CSV'),
('11303-00100-00006','11303','00100','00006','RETEN DE TORTEL',53658423,NULL,'W',53658423,NULL,NULL,36000,'U',NULL,'no_agricola','SII_CSV'),
('11303-00100-00007','11303','00100','00007','CANCHA ATERRIZAJE',137907549,NULL,'T',137907549,NULL,NULL,100000,'R',NULL,'no_agricola','SII_CSV'),
('11303-00100-00008','11303','00100','00008','BAJO RIO PASCUA',21092148,NULL,'W',21092148,NULL,NULL,10000,'R',NULL,'no_agricola','SII_CSV'),
('11303-00100-00009','11303','00100','00009','LOTE ESC E INTERNADO TORTEL',22059574,NULL,'W',22059574,NULL,NULL,10600,'R',NULL,'no_agricola','SII_CSV'),
('11303-00100-00012','11303','00100','00012','ST 1 MZ 26 C.TORTEL',5024655,NULL,'W',5024655,NULL,NULL,2127,'U',NULL,'no_agricola','SII_CSV'),
('11303-00100-00013','11303','00100','00013','ST 2 MZ 26 C.TORTEL',6468061,NULL,'W',6468061,NULL,NULL,2771,'U',NULL,'no_agricola','SII_CSV'),
('11303-00100-00020','11303','00100','00020','RINCON ALTO .',40075449,213804,'V',NULL,NULL,NULL,5000,'R',NULL,'no_agricola','SII_CSV'),
('11303-00100-00022','11303','00100','00022','RIO BAKER .',578880,3088,'W',NULL,NULL,NULL,1403,'R',NULL,'no_agricola','SII_CSV'),
('11303-00100-00024','11303','00100','00024','SECTOR RINCON ALTO - ARRIENDO',2578762,13758,'W',NULL,NULL,NULL,5000,'R',NULL,'no_agricola','SII_CSV'),
('11303-00101-00001','11303','00101','00001','ST 1 MZ 1 s/n',3544867,NULL,'H',3544867,NULL,NULL,524,'U',NULL,'no_agricola','SII_CSV'),
('11303-00102-00002','11303','00102','00002','PASARELA ST 2 MZ 2 SN',913993,5736,'W',NULL,NULL,NULL,325,'U',NULL,'no_agricola','SII_CSV'),
('11303-00103-00001','11303','00103','00001','SEC JUNQUILLO MZ 3 ST 1 A- 1',1200846,6406,'W',NULL,NULL,NULL,427,'R',NULL,'no_agricola','SII_CSV'),
('11303-00104-00001','11303','00104','00001','ST 1 MZ 4 s/n',2783122,NULL,'H',2783122,NULL,NULL,399,'U',NULL,'no_agricola','SII_CSV'),
('11303-00104-00002','11303','00104','00002','ST 2 MZ 4 s/n',3469551,NULL,'H',3469551,NULL,NULL,539,'U',NULL,'no_agricola','SII_CSV'),
('11303-00104-00003','11303','00104','00003','MZ 4 LT 3 s/n',11203051,NULL,'H',11203051,NULL,NULL,331,'U',NULL,'no_agricola','SII_CSV'),
('11303-00104-00005','11303','00104','00005','ST 5 MZ 4 s/n',12182772,NULL,'H',12182772,NULL,NULL,460,'U',NULL,'no_agricola','SII_CSV'),
('11303-00104-00008','11303','00104','00008','MZ 4 ST 8 C TORTEL',2820556,NULL,'H',2820556,NULL,NULL,640,'U',NULL,'no_agricola','SII_CSV'),
('11303-00104-00009','11303','00104','00009','ST 9 MZ 4 s/n',4395936,NULL,'H',4395936,NULL,NULL,357,'U',NULL,'no_agricola','SII_CSV'),
('11303-00104-00011','11303','00104','00011','ST 11 MZ 4 C TORTEL',2481555,NULL,'H',2481555,NULL,NULL,235,'U',NULL,'no_agricola','SII_CSV'),
('11303-00104-00012','11303','00104','00012','ST 12 MZ 4 s/n',5106621,NULL,'H',5106621,NULL,NULL,410,'U',NULL,'no_agricola','SII_CSV'),
('11303-00105-00001','11303','00105','00001','PASARELA S/N MZ 5 ST 1',14697512,NULL,'H',14697512,NULL,NULL,221,'U',NULL,'no_agricola','SII_CSV'),
('11303-00105-00003','11303','00105','00003','PASARELA ST 3 MZ 5 SN',7441929,NULL,'H',7441929,NULL,NULL,291,'U',NULL,'no_agricola','SII_CSV'),
('11303-00106-00001','11303','00106','00001','ST 1 MZ 6 s/n',3440129,NULL,'H',3440129,NULL,NULL,533,'U',NULL,'no_agricola','SII_CSV'),
('11303-00106-00003','11303','00106','00003','PASARELA MZ 6 ST 3',41022241,NULL,'H',41022241,NULL,NULL,297,'U',NULL,'no_agricola','SII_CSV'),
('11303-00106-00004','11303','00106','00004','SECTOR JUNQUILLO s/n MZ 6 ST 4',840874,NULL,'W',840874,NULL,NULL,299,'R',NULL,'no_agricola','SII_CSV'),
('11303-00107-00003','11303','00107','00003','ST 3 MZ 7 s/n',3781882,NULL,'H',3781882,NULL,NULL,365,'U',NULL,'no_agricola','SII_CSV'),
('11303-00107-00004','11303','00107','00004','ST 4 MZ 7 s/n',3526867,NULL,'H',3526867,NULL,NULL,566,'U',NULL,'no_agricola','SII_CSV'),
('11303-00107-00005','11303','00107','00005','PASARELA ST 5 MZ 7 SN',1764762,NULL,'H',1764762,NULL,NULL,213,'U',NULL,'no_agricola','SII_CSV'),
('11303-00107-00006','11303','00107','00006','SECTOR JUNQUILLO s/n MZ 7 ST 6',1437613,NULL,'W',1437613,NULL,NULL,527,'R',NULL,'no_agricola','SII_CSV'),
('11303-00107-00007','11303','00107','00007','PASARELA S/N MZ 7 ST 7',1506485,9454,'W',NULL,NULL,NULL,558,'U',NULL,'no_agricola','SII_CSV'),
('11303-00107-00008','11303','00107','00008','ST 8 MZ 7 C.TORTEL',2031345,NULL,'H',2031345,NULL,NULL,455,'U',NULL,'no_agricola','SII_CSV'),
('11303-00107-00010','11303','00107','00010','ST 10 MZ 7 s/n',3048843,NULL,'H',3048843,NULL,NULL,424,'U',NULL,'no_agricola','SII_CSV'),
('11303-00107-00011','11303','00107','00011','ST 11 MZ 7 s/n',674949,4236,'W',NULL,NULL,NULL,240,'U',NULL,'no_agricola','SII_CSV'),
('11303-00107-00012','11303','00107','00012','ST 12 MZ 7 C TORTEL',15745309,84002,'G',NULL,NULL,NULL,283,'U',NULL,'no_agricola','SII_CSV'),
('11303-00107-00013','11303','00107','00013','ST 13 MZ 7 TORTEL',15073063,78916,'G',NULL,NULL,NULL,285,'U',NULL,'no_agricola','SII_CSV'),
('11303-00107-00015','11303','00107','00015','LONGITUDINAL 1 S/N MZ 7 AR',188423,NULL,'W',188423,NULL,NULL,67,'U',NULL,'no_agricola','SII_CSV'),
('11303-00108-00001','11303','00108','00001','PASARELA s/n MZ 8 ST 1',6770040,NULL,'H',6770040,NULL,NULL,422,'U',NULL,'no_agricola','SII_CSV'),
('11303-00108-00003','11303','00108','00003','ST 3 MZ 8 s/n',2346574,NULL,'H',2346574,NULL,NULL,348,'U',NULL,'no_agricola','SII_CSV'),
('11303-00108-00004','11303','00108','00004','ST4 MZ 8 s/n',6187571,NULL,'H',6187571,NULL,NULL,386,'U',NULL,'no_agricola','SII_CSV'),
('11303-00108-00005','11303','00108','00005','ST 5 MZ 8 s/n',2995009,NULL,'H',2995009,NULL,NULL,318,'U',NULL,'no_agricola','SII_CSV'),
('11303-00108-00006','11303','00108','00006','ST 6 MZ 8 s/n',9575268,NULL,'H',9575268,NULL,NULL,234,'U',NULL,'no_agricola','SII_CSV'),
('11303-00108-00007','11303','00108','00007','ST 4 MZ 29 s/n',2003949,NULL,'H',2003949,NULL,NULL,185,'U',NULL,'no_agricola','SII_CSV'),
('11303-00108-00008','11303','00108','00008','PASARELA s/n MZ 8 ST 8',16711915,NULL,'H',16711915,NULL,NULL,189,'U',NULL,'no_agricola','SII_CSV'),
('11303-00109-00001','11303','00109','00001','SITIO 1 MZ 9',16071858,NULL,'H',16071858,NULL,NULL,481,'U',NULL,'no_agricola','SII_CSV'),
('11303-00109-00002','11303','00109','00002','ST 2 MZ 9 s/n',2599801,NULL,'H',2599801,NULL,NULL,434,'U',NULL,'no_agricola','SII_CSV'),
('11303-00109-00003','11303','00109','00003','MZ 9 ST 3 s/n',6658951,NULL,'H',6658951,NULL,NULL,479,'U',NULL,'no_agricola','SII_CSV'),
('11303-00109-00006','11303','00109','00006','SECTOR JUNQUILLO s/n MZ 9 ST 6',793065,NULL,'W',793065,NULL,NULL,282,'R',NULL,'no_agricola','SII_CSV'),
('11303-00109-00011','11303','00109','00011','LONGITUDINAL 3 S/N MZ 9 AR',3693150,NULL,'W',3693150,NULL,NULL,1527,'U',NULL,'no_agricola','SII_CSV'),
('11303-00110-00001','11303','00110','00001','PASARELA s/n MZ 10 ST 1',7655257,NULL,'H',7655257,NULL,NULL,931,'U',NULL,'no_agricola','SII_CSV'),
('11303-00110-00002','11303','00110','00002','FISCO - PASARELA S/N MZ 10 ST 2',8529284,NULL,'H',8529284,NULL,NULL,142,'U',NULL,'no_agricola','SII_CSV'),
('11303-00110-00003','11303','00110','00003','ST 3 MZ 10 C TORTEL',2216742,NULL,'H',2216742,NULL,NULL,527,'U',NULL,'no_agricola','SII_CSV'),
('11303-00110-00005','11303','00110','00005','LONGITUDINAL 3 S/N MZ 10 AR',70307,NULL,'W',70307,NULL,NULL,25,'U',NULL,'no_agricola','SII_CSV'),
('11303-00111-00001','11303','00111','00001','ST 1 MZ 11 C.TORTEL',2864602,NULL,'H',2864602,NULL,NULL,671,'U',NULL,'no_agricola','SII_CSV'),
('11303-00111-00002','11303','00111','00002','ST 2 MZ 11 s/n',1668249,NULL,'H',1668249,NULL,NULL,350,'U',NULL,'no_agricola','SII_CSV'),
('11303-00111-00006','11303','00111','00006','TRANSVERSAL 13 s/n MZ 11 ST 6',4593807,NULL,'H',4593807,NULL,NULL,616,'U',NULL,'no_agricola','SII_CSV'),
('11303-00111-00007','11303','00111','00007','ST 7 MZ 11 C.TORTEL',3923131,NULL,'H',3923131,NULL,NULL,539,'U',NULL,'no_agricola','SII_CSV'),
('11303-00111-00008','11303','00111','00008','PASARELA S/N MZ 11 ST 8',1715663,9154,'W',NULL,NULL,NULL,649,'U',NULL,'no_agricola','SII_CSV'),
('11303-00111-00010','11303','00111','00010','ST 10 MZ 11 C.TORTEL',3157072,NULL,'H',3157072,NULL,NULL,797,'U',NULL,'no_agricola','SII_CSV'),
('11303-00111-00011','11303','00111','00011','ST 11 MZ 11 s/n',2393535,NULL,'H',2393535,NULL,NULL,303,'U',NULL,'no_agricola','SII_CSV'),
('11303-00111-00014','11303','00111','00014','LONGITUDINAL 3 S/N MZ 11 EQ',1590179,NULL,'W',1590179,NULL,NULL,589,'U',NULL,'no_agricola','SII_CSV'),
('11303-00112-00002','11303','00112','00002','PASARELA COSTANERA s/n',3197396,17058,'L',NULL,NULL,NULL,207,'U',NULL,'no_agricola','SII_CSV'),
('11303-00112-00003','11303','00112','00003','ST 3 MZ 12 s/n',11028923,NULL,'H',11028923,NULL,NULL,296,'U',NULL,'no_agricola','SII_CSV'),
('11303-00112-00005','11303','00112','00005','PASARELA s/n MZ 12 ST 5',10100360,NULL,'H',10100360,NULL,NULL,57,'U',NULL,'no_agricola','SII_CSV'),
('11303-00112-00007','11303','00112','00007','TRANSVERSAL 5 S/N MZ 12 AR',3273670,NULL,'W',3273670,NULL,NULL,1338,'U',NULL,'no_agricola','SII_CSV'),
('11303-00113-00001','11303','00113','00001','TRANSVERSAL 17 S/N MZ 13 ST 1',8989932,NULL,'O',8989932,NULL,NULL,254,'U',NULL,'no_agricola','SII_CSV'),
('11303-00114-00001','11303','00114','00001','TRANSVERSAL 16 s/n MZ 14 ST 1',5438440,NULL,'C',5438440,NULL,NULL,150,'U',NULL,'no_agricola','SII_CSV'),
('11303-00114-00002','11303','00114','00002','PASARELA COSTANERA SN MZ 14 LT 2',13992363,NULL,'H',13992363,NULL,NULL,265,'U',NULL,'no_agricola','SII_CSV'),
('11303-00114-00003','11303','00114','00003','FISCO ALMACENES EMAZA',46753099,249428,'C',NULL,NULL,NULL,661,'U',NULL,'no_agricola','SII_CSV'),
('11303-00115-00001','11303','00115','00001','PASARELA COSTANERA S/N MZ 15 AV',390908,NULL,'W',390908,NULL,NULL,139,'U',NULL,'no_agricola','SII_CSV'),
('11303-00116-00001','11303','00116','00001','PASARELA COSTANERA s/n MZ 16 ST 1',19780953,NULL,'E',19780953,NULL,NULL,153,'U',NULL,'no_agricola','SII_CSV'),
('11303-00116-00004','11303','00116','00004','PASARELA COSTANERA S/N MZ 16 EQ',4216742,NULL,'W',4216742,NULL,NULL,1764,'U',NULL,'no_agricola','SII_CSV'),
('11303-00117-00001','11303','00117','00001','ST 1 MZ 17 C.TORTEL',22276257,NULL,'H',22276257,NULL,NULL,577,'U',NULL,'no_agricola','SII_CSV'),
('11303-00117-00003','11303','00117','00003','TRANSVERSAL 16 S/N',316585470,NULL,'O',316585470,NULL,NULL,2243,'U',NULL,'no_agricola','SII_CSV'),
('11303-00117-00004','11303','00117','00004','PASARELA COSTANERA S/N MZ 17 EQ',5298685,NULL,'W',5298685,NULL,NULL,2243,'U',NULL,'no_agricola','SII_CSV'),
('11303-00118-00007','11303','00118','00007','LONGITUDINAL 5 S/N',60488543,NULL,'V',60488543,NULL,NULL,3386,'U',NULL,'no_agricola','SII_CSV'),
('11303-00118-00008','11303','00118','00008','LONGITUDINAL 5 S/N MZ 18 EQ',7903594,NULL,'W',7903594,NULL,NULL,3386,'U',NULL,'no_agricola','SII_CSV'),
('11303-00119-00001','11303','00119','00001','PASARELA S/N MZ 19 ST 1',24767079,132132,'C',NULL,NULL,NULL,142,'U',NULL,'no_agricola','SII_CSV'),
('11303-00120-00001','11303','00120','00001','PASARELA s/n MZ 20 ST 1',65879335,351468,'G',NULL,NULL,NULL,655,'U',NULL,'no_agricola','SII_CSV'),
('11303-00120-00003','11303','00120','00003','ST 3 MZ 20 s/n',14612313,NULL,'H',14612313,NULL,NULL,540,'U',NULL,'no_agricola','SII_CSV'),
('11303-00120-00005','11303','00120','00005','ST 5 MZ 20 s/n',2065966,NULL,'H',2065966,NULL,NULL,200,'U',NULL,'no_agricola','SII_CSV'),
('11303-00120-00006','11303','00120','00006','ST 6 MZ 20 C.TORTEL',1713460,NULL,'H',1713460,NULL,NULL,169,'U',NULL,'no_agricola','SII_CSV'),
('11303-00120-00007','11303','00120','00007','ST 7 MZ 20',1775913,NULL,'H',1775913,NULL,NULL,165,'U',NULL,'no_agricola','SII_CSV'),
('11303-00120-00008','11303','00120','00008','ST 8 MZ 20 C.TORTEL',1563189,NULL,'H',1563189,NULL,NULL,156,'U',NULL,'no_agricola','SII_CSV'),
('11303-00120-00009','11303','00120','00009','PAS LOGITUDINAL 6 s/n ST 9 MZ 20',2325106,NULL,'H',2325106,NULL,NULL,168,'U',NULL,'no_agricola','SII_CSV'),
('11303-00120-00010','11303','00120','00010','PASARELA s/n MZ 20 ST 10',9304667,NULL,'H',9304667,NULL,NULL,159,'U',NULL,'no_agricola','SII_CSV'),
('11303-00120-00011','11303','00120','00011','ST 11 MZ 20 s/n',2251921,NULL,'H',2251921,NULL,NULL,158,'U',NULL,'no_agricola','SII_CSV'),
('11303-00120-00012','11303','00120','00012','ST 12 MZ 20 s/n',1387664,NULL,'H',1387664,NULL,NULL,146,'U',NULL,'no_agricola','SII_CSV'),
('11303-00124-00001','11303','00124','00001','ST 1 MZ 24',2432921,NULL,'H',2432921,NULL,NULL,320,'U',NULL,'no_agricola','SII_CSV'),
('11303-00124-00003','11303','00124','00003','TRANSVERSAL 28 S/N MZ 24 AV',6220636,NULL,'W',6220636,NULL,NULL,2665,'U',NULL,'no_agricola','SII_CSV'),
('11303-00125-00001','11303','00125','00001','ST 1 MZ 25 s/n',13427771,NULL,'H',13427771,NULL,NULL,275,'U',NULL,'no_agricola','SII_CSV'),
('11303-00125-00002','11303','00125','00002','ST 2 MZ 25',1421356,NULL,'H',1421356,NULL,NULL,146,'U',NULL,'no_agricola','SII_CSV'),
('11303-00125-00003','11303','00125','00003','PASARELA ST 3 MZ 25 SN',1285215,8066,'W',NULL,NULL,NULL,457,'U',NULL,'no_agricola','SII_CSV'),
('11303-00125-00004','11303','00125','00004','ST 4 MZ 25 s/n',4861760,NULL,'H',4861760,NULL,NULL,478,'U',NULL,'no_agricola','SII_CSV'),
('11303-00125-00005','11303','00125','00005','MZ25 ST 5 - PASARELA',12688278,67692,'G',NULL,NULL,NULL,479,'U',NULL,'no_agricola','SII_CSV'),
('11303-00126-00001','11303','00126','00001','ST 1 MZ 26 s/n',6249808,NULL,'H',6249808,NULL,NULL,258,'U',NULL,'no_agricola','SII_CSV'),
('11303-00126-00003','11303','00126','00003','ST 3 MZ 26 s/n',2283238,NULL,'H',2283238,NULL,NULL,343,'U',NULL,'no_agricola','SII_CSV'),
('11303-00126-00006','11303','00126','00006','ST 6 MZ 26',5832952,NULL,'H',5832952,NULL,NULL,342,'U',NULL,'no_agricola','SII_CSV'),
('11303-00127-00002','11303','00127','00002','ST 2 MZ 27',3343580,NULL,'H',3343580,NULL,NULL,493,'U',NULL,'no_agricola','SII_CSV'),
('11303-00127-00003','11303','00127','00003','PASARELA s/n MZ 27 ST 3',8100800,NULL,'H',8100800,NULL,NULL,172,'U',NULL,'no_agricola','SII_CSV'),
('11303-00128-00001','11303','00128','00001','ST 1 MZ 28 CALETA TORTEL',6074110,NULL,'H',6074110,NULL,NULL,311,'U',NULL,'no_agricola','SII_CSV'),
('11303-00128-00004','11303','00128','00004','SECTOR BASE s/n MZ 28 ST 4',967427,NULL,'W',967427,NULL,NULL,344,'R',NULL,'no_agricola','SII_CSV'),
('11303-00128-00005','11303','00128','00005','PASARELA S/N',1077106,6760,'W',NULL,NULL,NULL,383,'U',NULL,'no_agricola','SII_CSV'),
('11303-00129-00001','11303','00129','00001','ST 1 MZ 29 s/n',1666361,NULL,'H',1666361,NULL,NULL,268,'U',NULL,'no_agricola','SII_CSV'),
('11303-00129-00002','11303','00129','00002','ST 2 MZ 29 s/n',10134356,NULL,'H',10134356,NULL,NULL,239,'U',NULL,'no_agricola','SII_CSV'),
('11303-00129-00003','11303','00129','00003','ST 3 MZ 29',2782466,NULL,'H',2782466,NULL,NULL,572,'U',NULL,'no_agricola','SII_CSV'),
('11303-00129-00004','11303','00129','00004','ST 4 MZ 29 s/n',5375092,NULL,'H',5375092,NULL,NULL,582,'U',NULL,'no_agricola','SII_CSV'),
('11303-00129-00005','11303','00129','00005','MZ 29 ST 5 s/n',2826757,NULL,'H',2826757,NULL,NULL,404,'U',NULL,'no_agricola','SII_CSV'),
('11303-00129-00006','11303','00129','00006','ST 6 MZ 29 s/n',3733266,NULL,'H',3733266,NULL,NULL,405,'U',NULL,'no_agricola','SII_CSV'),
('11303-00129-00007','11303','00129','00007','ST 7 MZ 29 s/n',3262469,NULL,'H',3262469,NULL,NULL,355,'U',NULL,'no_agricola','SII_CSV'),
('11303-00129-00008','11303','00129','00008','RINCON BAJO s/n MZ 29 ST 8',5878509,31364,'C',NULL,NULL,NULL,265,'U',NULL,'no_agricola','SII_CSV'),
('11303-00129-00009','11303','00129','00009','ST 9 MZ 29 s/n',8901988,NULL,'H',8901988,NULL,NULL,200,'U',NULL,'no_agricola','SII_CSV'),
('11303-00129-00010','11303','00129','00010','ST 10 MZ 29 s/n',6996518,NULL,'H',6996518,NULL,NULL,317,'U',NULL,'no_agricola','SII_CSV'),
('11303-00129-00011','11303','00129','00011','PASARELA S/N MZ 29 ST 11',1164287,7306,'W',NULL,NULL,NULL,414,'U',NULL,'no_agricola','SII_CSV'),
('11303-00130-00002','11303','00130','00002','PASARELA MZ 30 ST 2',5705186,NULL,'H',5705186,NULL,NULL,343,'U',NULL,'no_agricola','SII_CSV'),
('11303-00130-00003','11303','00130','00003','ST 3 MZ 30 s/n',2820436,NULL,'H',2820436,NULL,NULL,332,'U',NULL,'no_agricola','SII_CSV'),
('11303-00130-00005','11303','00130','00005','LONGITUDINAL 11 s/n MZ 30 ST 5',18202727,NULL,'C',NULL,NULL,NULL,349,'U',NULL,'no_agricola','SII_CSV'),
('11303-00130-00007','11303','00130','00007','MZ 30 ST 7 s/n',6630977,NULL,'H',6630977,NULL,NULL,436,'U',NULL,'no_agricola','SII_CSV'),
('11303-00130-00008','11303','00130','00008','ST 8 MZ 30',3248895,NULL,'H',3248895,NULL,NULL,297,'U',NULL,'no_agricola','SII_CSV'),
('11303-00130-00009','11303','00130','00009','ST 9 MZ 30 s/n',11265510,NULL,'H',11265510,NULL,NULL,259,'U',NULL,'no_agricola','SII_CSV'),
('11303-00130-00011','11303','00130','00011','ST 11 MZ 30 s/n',61399900,327570,'C',NULL,NULL,NULL,232,'U',NULL,'no_agricola','SII_CSV'),
('11303-00130-00012','11303','00130','00012','ST 12 MZ 30 s/n',6922600,36934,'C',NULL,NULL,NULL,393,'U',NULL,'no_agricola','SII_CSV'),
('11303-00130-00014','11303','00130','00014','ST 14 MZ 30 s/n',2587708,NULL,'H',2587708,NULL,NULL,399,'U',NULL,'no_agricola','SII_CSV'),
('11303-00130-00015','11303','00130','00015','ST 15 MZ 30',2874956,NULL,'H',2874956,NULL,NULL,482,'U',NULL,'no_agricola','SII_CSV'),
('11303-00130-00016','11303','00130','00016','PASARELA s/n MZ 30 ST 16',5537262,NULL,'H',5537262,NULL,NULL,593,'U',NULL,'no_agricola','SII_CSV'),
('11303-00130-00018','11303','00130','00018','LONGITUDINAL 10 S/N MZ 30 AR',503399,NULL,'W',503399,NULL,NULL,179,'U',NULL,'no_agricola','SII_CSV'),
('11303-00131-00001','11303','00131','00001','PASARELA ST 1 MZ 31 SN',838061,5260,'W',NULL,NULL,NULL,298,'U',NULL,'no_agricola','SII_CSV'),
('11303-00131-00002','11303','00131','00002','RINCON BAJO s/n MZ 31 ST 2',11989675,NULL,'H',11989675,NULL,NULL,355,'R',NULL,'no_agricola','SII_CSV'),
('11303-00131-00004','11303','00131','00004','ST 4 MZ 31',1896439,NULL,'H',1896439,NULL,NULL,273,'U',NULL,'no_agricola','SII_CSV'),
('11303-00132-00001','11303','00132','00001','PASARELA s/n MZ 32 ST 1',8799156,NULL,'H',8799156,NULL,NULL,501,'U',NULL,'no_agricola','SII_CSV'),
('11303-00132-00002','11303','00132','00002','ST 2 MZ 32',5564715,NULL,'H',5564715,NULL,NULL,431,'U',NULL,'no_agricola','SII_CSV'),
('11303-00132-00004','11303','00132','00004','ST 4 MZ 32 s/n',3483624,NULL,'H',3483624,NULL,NULL,457,'U',NULL,'no_agricola','SII_CSV'),
('11303-00132-00006','11303','00132','00006','ST 6 MZ 32',15797669,NULL,'H',15797669,NULL,NULL,396,'U',NULL,'no_agricola','SII_CSV'),
('11303-00132-00008','11303','00132','00008','LONGITUDINAL 10 S/N MZ 32 AR',371222,NULL,'W',371222,NULL,NULL,132,'U',NULL,'no_agricola','SII_CSV'),
('11303-00133-00001','11303','00133','00001','LONGITUDINAL 10 MZ 33 ST 1',1026485,6442,'W',NULL,NULL,NULL,365,'U',NULL,'no_agricola','SII_CSV'),
('11303-00133-00002','11303','00133','00002','ST 2 MZ 33',3076159,NULL,'H',3076159,NULL,NULL,381,'U',NULL,'no_agricola','SII_CSV'),
('11303-00133-00004','11303','00133','00004','PASARELA S/N MZ 33 ST 4',708696,3712,'W',NULL,NULL,NULL,315,'U',NULL,'no_agricola','SII_CSV'),
('11303-00136-00001','11303','00136','00001','LONGITUDINAL 10 S/N MZ 36 ST 1',5589251,NULL,'W',5589251,NULL,NULL,2366,'U',NULL,'no_agricola','SII_CSV'),
('11303-00136-00002','11303','00136','00002','LONGITUDINAL 10 S/N MZ 36 ST 2',6542755,NULL,'W',6542755,NULL,NULL,2803,'U',NULL,'no_agricola','SII_CSV'),
('11303-00136-00003','11303','00136','00003','ST 5 MZ 36 s/n',3690332,NULL,'H',3690332,NULL,NULL,349,'U',NULL,'no_agricola','SII_CSV'),
('11303-00136-00005','11303','00136','00005','ST 7 MZ 36 s/n',2098564,NULL,'H',2098564,NULL,NULL,267,'U',NULL,'no_agricola','SII_CSV'),
('11303-00136-00007','11303','00136','00007','ST 7 MZ 36',750880,NULL,'W',750880,NULL,NULL,267,'U',NULL,'no_agricola','SII_CSV'),
('11303-00136-00008','11303','00136','00008','MANZANA 36 SITIO 8',638389,3406,'W',NULL,NULL,NULL,227,'R',NULL,'no_agricola','SII_CSV'),
('11303-00136-00010','11303','00136','00010','SECTOR RINCON ALTO LT 1',7451595,NULL,'H',7451595,NULL,NULL,355,'U',NULL,'no_agricola','SII_CSV'),
('11303-00136-00011','11303','00136','00011','SECTOR RINCON ALTO LT 2',7353165,NULL,'H',7353165,NULL,NULL,320,'U',NULL,'no_agricola','SII_CSV'),
('11303-00136-00012','11303','00136','00012','SECTOR RINCON ALTO LOTE 3',7223800,NULL,'H',7223800,NULL,NULL,274,'U',NULL,'no_agricola','SII_CSV'),
('11303-00136-00013','11303','00136','00013','SECTOR RINCON ALTO LOTE 4',7102871,NULL,'H',7102871,NULL,NULL,231,'U',NULL,'no_agricola','SII_CSV'),
('11303-00136-00014','11303','00136','00014','SECTOR RINCON ALTO LOTE 5',7209738,NULL,'H',7209738,NULL,NULL,269,'U',NULL,'no_agricola','SII_CSV'),
('11303-00136-00015','11303','00136','00015','SECTOR RINCON ALTO LOTE 6',7195677,NULL,'H',7195677,NULL,NULL,264,'U',NULL,'no_agricola','SII_CSV'),
('11303-00136-00016','11303','00136','00016','SECTOR RINCON ALTO LT 7',7173178,NULL,'H',7173178,NULL,NULL,320,'U',NULL,'no_agricola','SII_CSV'),
('11303-00137-00001','11303','00137','00001','LONGITUDINAL 10 S/N MZ 37 AV',4285921,NULL,'W',4285921,NULL,NULL,3655,'U',NULL,'no_agricola','SII_CSV'),
('11303-00138-00001','11303','00138','00001','PASARELA S/N MZ 38 ST 1',29702485,NULL,'W',29702485,NULL,NULL,29115,'U',NULL,'no_agricola','SII_CSV'),
('11303-00138-00002','11303','00138','00002','PASARELA S/N MZ 38 ST 2',37705729,NULL,'W',37705729,NULL,NULL,21625,'U',NULL,'no_agricola','SII_CSV'),
('11303-00138-00004','11303','00138','00004','LONGITUDINAL 13 s/n MZ 38 ST 4',10036186,NULL,'H',10036186,NULL,NULL,961,'U',NULL,'no_agricola','SII_CSV'),
('11303-00138-00006','11303','00138','00006','ST 6 MZ 38 s/n',3421607,NULL,'H',3421607,NULL,NULL,756,'U',NULL,'no_agricola','SII_CSV'),
('11303-00138-00007','11303','00138','00007','SECTOR RINCON BAJO s/n MZ 38 L 7 E 2',8667352,NULL,'H',8667352,NULL,NULL,432,'R',NULL,'no_agricola','SII_CSV'),
('11303-00138-00008','11303','00138','00008','LONGITUDINAL 10 s/n MZ 38 ST 8',15854156,NULL,'H',15854156,NULL,NULL,983,'U',NULL,'no_agricola','SII_CSV'),
('11303-00138-00009','11303','00138','00009','PZA LLEGADA TORTEL s/n MZ 38 ST 9',44741094,NULL,'S',44741094,NULL,NULL,3308,'U',NULL,'no_agricola','SII_CSV'),
('11303-00138-00010','11303','00138','00010','LONGITUDINAL 10 s/n MZ 38 ST 10',438989496,NULL,'E',438989496,NULL,NULL,10900,'U',NULL,'no_agricola','SII_CSV'),
('11303-00138-00011','11303','00138','00011','EQUIPAMIENTO MZ 38',103102102,NULL,'D',103102102,NULL,NULL,10900,'U',NULL,'no_agricola','SII_CSV'),
('11303-00138-00013','11303','00138','00013','LONGITUDINAL 10 -A S/N',55057279,293730,'G',NULL,NULL,NULL,457,'U',NULL,'no_agricola','SII_CSV'),
('11303-00138-00015','11303','00138','00015','LONGITUDINAL 10 -A S/N',15525059,82828,'G',NULL,NULL,NULL,900,'U',NULL,'no_agricola','SII_CSV'),
('11303-00138-00027','11303','00138','00027','SECTOR ROTONDA MZ 38 LOTE 1 H',835249,4456,'W',NULL,NULL,NULL,297,'U',NULL,'no_agricola','SII_CSV'),
('11303-00138-00033','11303','00138','00033','LONGITUDINAL 13 ST 4 B 1 MZ 38',1209283,7590,'W',NULL,NULL,NULL,430,'U',NULL,'no_agricola','SII_CSV'),
('11303-00138-00034','11303','00138','00034','LONG 12 ST 4 C MZ 38',1380945,8668,'W',NULL,NULL,NULL,496,'U',NULL,'no_agricola','SII_CSV'),
('11303-00138-00036','11303','00138','00036','LONGITUDINAL 13 ST 4 B 2 MZ 38',1314126,8246,'W',NULL,NULL,NULL,472,'U',NULL,'no_agricola','SII_CSV'),
('11303-00139-00001','11303','00139','00001','PASARELA',812751,5100,'W',NULL,NULL,NULL,289,'U',NULL,'no_agricola','SII_CSV'),
('11303-00139-00002','11303','00139','00002','ST 2 MZ 39',1082730,6796,'W',NULL,NULL,NULL,385,'U',NULL,'no_agricola','SII_CSV'),
('11303-00139-00003','11303','00139','00003','SECTOR ROTONDA s/n MZ 39 ST 3',1020860,NULL,'W',1020860,NULL,NULL,363,'R',NULL,'no_agricola','SII_CSV'),
('11303-00139-00006','11303','00139','00006','TRANSVERSAL 43 s/n MZ 39 ST 6',3351183,NULL,'H',3351183,NULL,NULL,353,'U',NULL,'no_agricola','SII_CSV'),
('11303-00139-00007','11303','00139','00007','PASARELA S/N MZ 39 ST 7',4430741,NULL,'H',4430741,NULL,NULL,747,'U',NULL,'no_agricola','SII_CSV'),
('11303-00140-00001','11303','00140','00001','ST 1 MZ 40',3131241,NULL,'H',3131241,NULL,NULL,453,'U',NULL,'no_agricola','SII_CSV'),
('11303-00140-00003','11303','00140','00003','RINCON BAJO s/n MZ 40 ST 3',11883373,63398,'C',NULL,NULL,NULL,188,'U',NULL,'no_agricola','SII_CSV'),
('11303-00141-00004','11303','00141','00004','ST 4 MZ 41',3393723,NULL,'H',3393723,NULL,NULL,504,'U',NULL,'no_agricola','SII_CSV'),
('11303-00142-00001','11303','00142','00001','PASARELA S/N MZ 42 ST 1',1966350,12340,'W',NULL,NULL,NULL,760,'U',NULL,'no_agricola','SII_CSV'),
('11303-00142-00004','11303','00142','00004','ST 4 MZ 42 s/n',1760604,NULL,'W',1760604,NULL,NULL,666,'U',NULL,'no_agricola','SII_CSV'),
('11303-00142-00005','11303','00142','00005','ST 5 MZ 42',32059540,171038,'G',NULL,NULL,NULL,580,'U',NULL,'no_agricola','SII_CSV'),
('11303-00142-00006','11303','00142','00006','ST 6 MZ 42 s/n',5053915,NULL,'H',5053915,NULL,NULL,632,'U',NULL,'no_agricola','SII_CSV'),
('11303-00142-00008','11303','00142','00008','SECTOR RINCON s/n ST 8 MZ 42',3689069,NULL,'H',3689069,NULL,NULL,990,'U',NULL,'no_agricola','SII_CSV'),
('11303-00143-00001','11303','00143','00001','PASARELA COSTANERA ST 1 B MZ 43 CALETA T',1124915,NULL,'W',1124915,NULL,NULL,400,'R',NULL,'no_agricola','SII_CSV'),
('11303-00143-00004','11303','00143','00004','ST 4 MZ 43 s/n',3721417,NULL,'H',3721417,NULL,NULL,561,'U',NULL,'no_agricola','SII_CSV'),
('11303-00144-00001','11303','00144','00001','ST 1 MZ 44 s/n',3641597,NULL,'H',3641597,NULL,NULL,314,'U',NULL,'no_agricola','SII_CSV'),
('11303-00144-00002','11303','00144','00002','ST 2 MZ 44 s/n',4527047,NULL,'H',4527047,NULL,NULL,573,'U',NULL,'no_agricola','SII_CSV'),
('11303-00144-00003','11303','00144','00003','ST 3 MZ 44 s/n',3348272,NULL,'H',3348272,NULL,NULL,410,'U',NULL,'no_agricola','SII_CSV'),
('11303-00144-00005','11303','00144','00005','PASARELA S/N MZ 44 ST 5',922430,5790,'W',NULL,NULL,NULL,328,'U',NULL,'no_agricola','SII_CSV'),
('11303-00145-00001','11303','00145','00001','PASAJE 4 SUR SN MZF LT 1',1448525,NULL,'W',1448525,NULL,NULL,531,'U',NULL,'no_agricola','SII_CSV'),
('11303-00145-00002','11303','00145','00002','FUTURO CAM PUB SN LT 2 RES',618703,NULL,'W',618703,NULL,NULL,220,'U',NULL,'no_agricola','SII_CSV'),
('11303-00145-00003','11303','00145','00003','FUTURO CAM PUB SN EQUIP CO',57893901,308866,'C',NULL,NULL,NULL,531,'U',NULL,'no_agricola','SII_CSV'),
('11303-00146-00001','11303','00146','00001','CANAL BAKER 128 MZA LT 1',8440226,NULL,'H',8440226,NULL,NULL,218,'U',NULL,'no_agricola','SII_CSV'),
('11303-00146-00002','11303','00146','00002','CANAL BAKER 112 MZA LT 2',8445850,NULL,'H',8445850,NULL,NULL,220,'U',NULL,'no_agricola','SII_CSV'),
('11303-00146-00003','11303','00146','00003','CANAL BAKER 102 MZA LT 3',8445850,NULL,'H',8445850,NULL,NULL,220,'U',NULL,'no_agricola','SII_CSV'),
('11303-00146-00004','11303','00146','00004','CANAL MESSIER 101 MZA LT 4',8445850,NULL,'H',8445850,NULL,NULL,220,'U',NULL,'no_agricola','SII_CSV'),
('11303-00146-00005','11303','00146','00005','CANAL MESSIER 113 MZA LT 5',8445850,NULL,'H',8445850,NULL,NULL,220,'U',NULL,'no_agricola','SII_CSV'),
('11303-00146-00006','11303','00146','00006','CANAL MESSIER 129 MZA LT 6',8440226,NULL,'H',8440226,NULL,NULL,218,'U',NULL,'no_agricola','SII_CSV'),
('11303-00146-00007','11303','00146','00007','CANAL BAKER SN EQUIP 2',1800257,NULL,'W',1800257,NULL,NULL,681,'U',NULL,'no_agricola','SII_CSV'),
('11303-00147-00001','11303','00147','00001','PASARELA 145 MZD LT 1',8445850,NULL,'H',8445850,NULL,NULL,220,'U',NULL,'no_agricola','SII_CSV'),
('11303-00147-00002','11303','00147','00002','PASARELA 147 MZD LT 2',8445850,NULL,'H',8445850,NULL,NULL,220,'U',NULL,'no_agricola','SII_CSV'),
('11303-00147-00003','11303','00147','00003','PASARELA 146 MZD LT 3',8445850,NULL,'H',8445850,NULL,NULL,220,'U',NULL,'no_agricola','SII_CSV'),
('11303-00147-00004','11303','00147','00004','PASARELA SN MZD 4 RES',618703,NULL,'W',618703,NULL,NULL,220,'U',NULL,'no_agricola','SII_CSV'),
('11303-00148-00001','11303','00148','00001','FIORDO MITCHELL 123 MZB LT 1',8434601,NULL,'H',8434601,NULL,NULL,216,'U',NULL,'no_agricola','SII_CSV'),
('11303-00148-00002','11303','00148','00002','FIORDO MITCHELL 133 MZB LT 2',8445850,NULL,'H',8445850,NULL,NULL,220,'U',NULL,'no_agricola','SII_CSV'),
('11303-00148-00003','11303','00148','00003','FIORDO MITCHELL 141 MZB LT 3',8445850,NULL,'H',8445850,NULL,NULL,220,'U',NULL,'no_agricola','SII_CSV'),
('11303-00148-00004','11303','00148','00004','FIORDO MITCHELL 143 MZB LT 4',8445850,NULL,'H',8445850,NULL,NULL,220,'U',NULL,'no_agricola','SII_CSV'),
('11303-00148-00005','11303','00148','00005','FIORDO MITCHELL 147 MZB LT 5',8445850,NULL,'H',8445850,NULL,NULL,220,'U',NULL,'no_agricola','SII_CSV'),
('11303-00148-00006','11303','00148','00006','FIORDO MITCHELL 153 MZB LT 6',8445850,NULL,'H',8445850,NULL,NULL,220,'U',NULL,'no_agricola','SII_CSV'),
('11303-00148-00007','11303','00148','00007','FIORDO MITCHELL SN MZB LT 7',618703,NULL,'W',618703,NULL,NULL,220,'U',NULL,'no_agricola','SII_CSV'),
('11303-00148-00008','11303','00148','00008','PUERTO YUNGAY SN MZB LT 8',618703,NULL,'W',618703,NULL,NULL,220,'U',NULL,'no_agricola','SII_CSV'),
('11303-00148-00009','11303','00148','00009','PUERTO YUNGAY 176 MZB LT 9',8445850,NULL,'H',8445850,NULL,NULL,220,'U',NULL,'no_agricola','SII_CSV'),
('11303-00148-00010','11303','00148','00010','PUERTO YUNGAY 170 MZB LT 10',8445850,NULL,'H',8445850,NULL,NULL,220,'U',NULL,'no_agricola','SII_CSV'),
('11303-00148-00011','11303','00148','00011','PUERTO YUNGAY 168 MZB LT 11',8445850,NULL,'H',8445850,NULL,NULL,220,'U',NULL,'no_agricola','SII_CSV'),
('11303-00148-00012','11303','00148','00012','PUERTO YUNGAY 166 MZB LT 12',8445850,NULL,'H',8445850,NULL,NULL,220,'U',NULL,'no_agricola','SII_CSV'),
('11303-00148-00013','11303','00148','00013','PUERTO YUNGAY 160 MZB LT 13',8445850,NULL,'H',8445850,NULL,NULL,220,'U',NULL,'no_agricola','SII_CSV'),
('11303-00148-00014','11303','00148','00014','PUERTO YUNGAY 152 MZB LT 14',20356997,108606,'C',NULL,NULL,NULL,216,'U',NULL,'no_agricola','SII_CSV'),
('11303-00149-00001','11303','00149','00001','PUERTO YUNGAY 165 MZC LT 1',8445850,NULL,'H',8445850,NULL,NULL,220,'U',NULL,'no_agricola','SII_CSV'),
('11303-00149-00002','11303','00149','00002','PUERTO YUNGAY 173 MZC LT 2',8445850,NULL,'H',8445850,NULL,NULL,220,'U',NULL,'no_agricola','SII_CSV'),
('11303-00149-00003','11303','00149','00003','PUERTO YUNGAY 181 MZC LT 3',8445850,NULL,'H',8445850,NULL,NULL,220,'U',NULL,'no_agricola','SII_CSV'),
('11303-00231-00052','11303','00231','00052','AERODROMO RIO PASCUA',43983359,NULL,'W',43983359,NULL,NULL,104000,'R',NULL,'no_agricola','SII_CSV'),
('11303-00241-00108','11303','00241','00108','SECTOR LAGUNA BALBOA',5724851,NULL,'W',5724851,NULL,NULL,15000,'R',NULL,'no_agricola','SII_CSV'),
('11303-00241-00124','11303','00241','00124','RIO BAKER LT 4',25684466,NULL,'W',25684466,NULL,NULL,60000,'R',NULL,'no_agricola','SII_CSV'),
('11303-00241-00130','11303','00241','00130','DESEMBOCADURA RIO HUEMULE',325222,NULL,'T',NULL,NULL,NULL,375,'R',NULL,'no_agricola','SII_CSV'),
('11303-00241-00133','11303','00241','00133','CAMINO A TORTEL LOTE 3',2769590,14776,'W',NULL,NULL,NULL,5370,'R',NULL,'no_agricola','SII_CSV'),
('11303-00241-00134','11303','00241','00134','CAMINO A TORTEL LOTE 4',2769590,14776,'W',NULL,NULL,NULL,5370,'R',NULL,'no_agricola','SII_CSV'),
('11303-00241-00135','11303','00241','00135','CAMINO PUBLICO A TORTEL LT 5',2866036,15290,'W',NULL,NULL,NULL,5557,'R',NULL,'no_agricola','SII_CSV'),
('11303-00241-00142','11303','00241','00142','CAM PUBLICO A TORTELLOTE 12',3718574,19840,'W',NULL,NULL,NULL,7210,'R',NULL,'no_agricola','SII_CSV'),
('11303-00241-00151','11303','00241','00151','CAMINO PUBLICO A TORTEL LT 21',3639148,19416,'W',NULL,NULL,NULL,8820,'R',NULL,'no_agricola','SII_CSV'),
('11303-00241-00176','11303','00241','00176','RIO BAKER LOTE A- 1 - 1',5095633,27186,'W',NULL,NULL,NULL,13000,'R',NULL,'no_agricola','SII_CSV'),
('11303-00241-00177','11303','00241','00177','RIO BAKER LOTE A- 1 - 2',2063009,11006,'W',NULL,NULL,NULL,5000,'R',NULL,'no_agricola','SII_CSV'),
('11303-00241-00178','11303','00241','00178','RIO BAKER LOTE A- 1 - 3',2063009,11006,'W',NULL,NULL,NULL,5000,'R',NULL,'no_agricola','SII_CSV'),
('11303-00241-00179','11303','00241','00179','RIO BAKER LOTE A- 1 - 4',2063009,10802,'W',NULL,NULL,NULL,5000,'R',NULL,'no_agricola','SII_CSV'),
('11303-00241-00180','11303','00241','00180','RIO BAKER LOTE A- 1 - 5',2063009,11006,'W',NULL,NULL,NULL,5000,'R',NULL,'no_agricola','SII_CSV'),
('11303-00241-00181','11303','00241','00181','RIO BAKER LOTE A- 1 - 6',2063009,11006,'W',NULL,NULL,NULL,5000,'R',NULL,'no_agricola','SII_CSV'),
('11303-00241-00183','11303','00241','00183','CAMINO PUBLICO X- 904 CRUCE YUNGAY',2578762,13758,'W',NULL,NULL,NULL,5000,'R',NULL,'no_agricola','SII_CSV'),
('11303-00241-00201','11303','00241','00201','RIO BAKER LOTE 3 - 12',8313412,44354,'W',NULL,NULL,NULL,19900,'R',NULL,'no_agricola','SII_CSV'),
('11303-00241-00215','11303','00241','00215','RIO BAKER LOTE 3 - 26',6739336,NULL,'W',NULL,NULL,NULL,17900,'R',NULL,'no_agricola','SII_CSV'),
('11303-00241-00216','11303','00241','00216','RIO BAKER LOTE 3 - 27',7612504,NULL,'W',NULL,NULL,NULL,18000,'R',NULL,'no_agricola','SII_CSV'),
('11303-00241-00226','11303','00241','00226','RIO BAKER LOTE A- 4 - 1',4126019,21602,'W',NULL,NULL,NULL,10000,'R',NULL,'no_agricola','SII_CSV'),
('11303-00350-00001','11303','00350','00001','FIORDO STEFFENS',2578762,NULL,'W',2578762,NULL,NULL,5000,'R',NULL,'no_agricola','SII_CSV'),
('11303-00360-00001','11303','00360','00001','LOTE B RIO BACKER',160915,NULL,'W',160915,NULL,NULL,312,'R',NULL,'no_agricola','SII_CSV'),
('11303-00360-00003','11303','00360','00003','AERODROMO RIO BRAVO',77924808,NULL,'W',77924808,NULL,NULL,104000,'R',NULL,'no_agricola','SII_CSV'),
('11303-00360-00004','11303','00360','00004','SECTOR RIO BRAVO',2578762,13758,'W',NULL,NULL,NULL,5000,'R',NULL,'no_agricola','SII_CSV'),
('11303-00360-00005','11303','00360','00005','SECTOR VAGABUNDO',5157523,27004,'W',NULL,NULL,NULL,10000,'R',NULL,'no_agricola','SII_CSV'),
('11303-00360-00006','11303','00360','00006','SECTOR VAGABUNDO',5157523,27518,'W',NULL,NULL,NULL,10000,'R',NULL,'no_agricola','SII_CSV'),
('11303-00360-00011','11303','00360','00011','CRUCE TORTEL-PTO YUNGAY',70142,NULL,'T',70142,NULL,NULL,136,'R',NULL,'no_agricola','SII_CSV'),
('11303-00400-00001','11303','00400','00001','LOTE A 3 SECTOR FIORDO STEFFEN',2630337,14034,'W',NULL,NULL,NULL,5100,'R',NULL,'no_agricola','SII_CSV'),
('11303-00500-00002','11303','00500','00002','LAGO QUETRU',9097871,48538,'W',NULL,NULL,NULL,19600,'R',NULL,'no_agricola','SII_CSV'),
('11303-00500-00005','11303','00500','00005','PUERTO YUNGAY',2372461,12660,'W',NULL,NULL,NULL,4600,'R',NULL,'no_agricola','SII_CSV'),
('11303-00500-00015','11303','00500','00015','PUERTO YUNGAY',338116,NULL,'T',NULL,NULL,NULL,400,'R',NULL,'no_agricola','SII_CSV')
ON CONFLICT (rol) DO UPDATE SET
  avaluo_total_vigente = EXCLUDED.avaluo_total_vigente,
  contribucion_semestre = EXCLUDED.contribucion_semestre,
  destino_sii          = EXCLUDED.destino_sii,
  avaluo_total_exento  = EXCLUDED.avaluo_total_exento,
  sup_terreno_m2       = EXCLUDED.sup_terreno_m2,
  cod_ubicacion        = EXCLUDED.cod_ubicacion,
  fuente_datos         = 'SII_CSV',
  fecha_actualizacion  = now();

-- ─────────────────────────────────────────────────
-- NL: BRTMPCATASNL_2025_2_11303  |  CÓDIGO 11303
-- 226 filas
-- ─────────────────────────────────────────────────
INSERT INTO catastro.construcciones (
  rol, numero_construccion, material_codigo,
  calidad_codigo, anio_construccion,
  sup_total_m2, destino_construccion, condicion_especial,
  numero_pisos, fuente_datos
) VALUES
('11303-00100-00002',1,'E',4,1977,44,'H',NULL,1,'SII_CSV'),
('11303-00100-00002',2,'E',4,1985,84,'H',NULL,1,'SII_CSV'),
('11303-00100-00003',1,'E',4,1977,44,'O',NULL,1,'SII_CSV'),
('11303-00100-00007',1,'E',4,2024,60,'V',NULL,1,'SII_CSV'),
('11303-00100-00020',1,'E',4,2018,205,'V',NULL,1,'SII_CSV'),
('11303-00100-00020',2,'E',5,2018,13,'L',NULL,1,'SII_CSV'),
('11303-00101-00001',1,'E',5,1994,43,'H',NULL,1,'SII_CSV'),
('11303-00104-00001',1,'E',5,1994,34,'H',NULL,1,'SII_CSV'),
('11303-00104-00002',1,'E',5,1989,47,'H',NULL,1,'SII_CSV'),
('11303-00104-00003',1,'E',4,1995,56,'H',NULL,1,'SII_CSV'),
('11303-00104-00003',2,'E',4,1999,32,'H',NULL,1,'SII_CSV'),
('11303-00104-00005',1,'E',4,2001,59,'H',NULL,1,'SII_CSV'),
('11303-00104-00005',2,'E',4,2001,25,'H',NULL,2,'SII_CSV'),
('11303-00104-00008',1,'E',5,2000,20,'H',NULL,1,'SII_CSV'),
('11303-00104-00009',1,'E',5,1990,27,'H',NULL,1,'SII_CSV'),
('11303-00104-00009',2,'E',5,1996,43,'H',NULL,1,'SII_CSV'),
('11303-00104-00011',1,'E',5,1998,35,'H',NULL,2,'SII_CSV'),
('11303-00104-00012',1,'E',4,2000,25,'H',NULL,1,'SII_CSV'),
('11303-00104-00012',2,'E',4,2000,10,'H','MS',1,'SII_CSV'),
('11303-00105-00001',1,'E',4,2015,30,'H',NULL,1,'SII_CSV'),
('11303-00105-00001',2,'E',4,2020,49,'H',NULL,1,'SII_CSV'),
('11303-00105-00003',1,'E',4,2024,35,'H',NULL,1,'SII_CSV'),
('11303-00106-00001',1,'E',5,1999,36,'H',NULL,1,'SII_CSV'),
('11303-00106-00003',1,'E',4,2003,297,'H',NULL,1,'SII_CSV'),
('11303-00107-00003',1,'E',4,1990,28,'H',NULL,1,'SII_CSV'),
('11303-00107-00004',1,'E',5,1993,42,'H',NULL,1,'SII_CSV'),
('11303-00107-00005',1,'E',5,2013,16,'H',NULL,1,'SII_CSV'),
('11303-00107-00008',1,'E',5,1995,15,'H',NULL,1,'SII_CSV'),
('11303-00107-00010',1,'E',5,1994,38,'H',NULL,1,'SII_CSV'),
('11303-00107-00012',1,'E',5,2001,40,'G',NULL,1,'SII_CSV'),
('11303-00107-00012',2,'E',4,2011,80,'G',NULL,2,'SII_CSV'),
('11303-00107-00013',1,'E',5,1997,40,'H',NULL,1,'SII_CSV'),
('11303-00107-00013',2,'E',5,1997,25,'G',NULL,1,'SII_CSV'),
('11303-00107-00013',3,'E',5,1997,32,'G',NULL,2,'SII_CSV'),
('11303-00107-00013',4,'E',4,2011,58,'G',NULL,2,'SII_CSV'),
('11303-00108-00001',1,'E',4,1999,46,'H',NULL,1,'SII_CSV'),
('11303-00108-00003',1,'E',5,1994,28,'H',NULL,1,'SII_CSV'),
('11303-00108-00004',1,'E',4,1990,35,'H',NULL,1,'SII_CSV'),
('11303-00108-00004',2,'E',4,2004,12,'H',NULL,1,'SII_CSV'),
('11303-00108-00005',1,'E',5,1994,43,'H',NULL,1,'SII_CSV'),
('11303-00108-00006',1,'E',4,1990,64,'H',NULL,1,'SII_CSV'),
('11303-00108-00006',2,'E',4,1990,6,'C',NULL,1,'SII_CSV'),
('11303-00108-00006',3,'E',4,2000,16,'C',NULL,1,'SII_CSV'),
('11303-00108-00007',1,'E',4,1974,28,'H',NULL,1,'SII_CSV'),
('11303-00108-00008',1,'E',4,2002,70,'H',NULL,1,'SII_CSV'),
('11303-00108-00008',2,'E',4,2004,35,'G',NULL,2,'SII_CSV'),
('11303-00108-00008',3,'E',4,2004,15,'G',NULL,1,'SII_CSV'),
('11303-00109-00001',1,'E',4,2013,90,'H',NULL,1,'SII_CSV'),
('11303-00109-00002',1,'E',5,1999,25,'H',NULL,1,'SII_CSV'),
('11303-00109-00003',1,'E',4,2000,42,'H',NULL,1,'SII_CSV'),
('11303-00110-00001',1,'E',4,2002,40,'H',NULL,1,'SII_CSV'),
('11303-00110-00002',1,'E',4,2015,48,'H',NULL,1,'SII_CSV'),
('11303-00110-00003',1,'E',5,1980,25,'H',NULL,1,'SII_CSV'),
('11303-00111-00001',1,'E',5,1980,35,'H',NULL,1,'SII_CSV'),
('11303-00111-00002',1,'E',5,1994,14,'H',NULL,1,'SII_CSV'),
('11303-00111-00006',1,'E',5,2002,50,'H',NULL,1,'SII_CSV'),
('11303-00111-00007',1,'E',5,1990,56,'H',NULL,1,'SII_CSV'),
('11303-00111-00010',1,'E',5,1990,25,'H',NULL,1,'SII_CSV'),
('11303-00111-00011',1,'E',5,1996,30,'H',NULL,1,'SII_CSV'),
('11303-00112-00002',1,'GE',3,1999,50,'L',NULL,1,'SII_CSV'),
('11303-00112-00003',1,'E',4,2000,42,'H',NULL,1,'SII_CSV'),
('11303-00112-00003',2,'E',4,2003,36,'H',NULL,2,'SII_CSV'),
('11303-00112-00005',1,'E',4,2019,29,'H',NULL,1,'SII_CSV'),
('11303-00112-00005',2,'E',4,2019,26,'C',NULL,2,'SII_CSV'),
('11303-00113-00001',1,'E',3,2002,30,'O',NULL,1,'SII_CSV'),
('11303-00114-00001',1,'E',3,2000,19,'C',NULL,1,'SII_CSV'),
('11303-00114-00002',1,'E',4,2024,70,'H',NULL,2,'SII_CSV'),
('11303-00114-00003',1,'E',3,1999,136,'C',NULL,1,'SII_CSV'),
('11303-00114-00003',2,'E',3,2004,35,'C',NULL,1,'SII_CSV'),
('11303-00116-00001',1,'E',4,1982,88,'E',NULL,2,'SII_CSV'),
('11303-00116-00001',2,'E',3,2009,40,'E',NULL,1,'SII_CSV'),
('11303-00117-00001',1,'E',4,1996,96,'H',NULL,1,'SII_CSV'),
('11303-00117-00001',2,'E',4,2000,76,'G',NULL,1,'SII_CSV'),
('11303-00117-00003',1,'E',2,2006,576,'O',NULL,3,'SII_CSV'),
('11303-00117-00003',2,'E',4,1980,134,'E',NULL,1,'SII_CSV'),
('11303-00117-00003',3,'E',3,2009,147,'E',NULL,1,'SII_CSV'),
('11303-00117-00003',4,'GE',3,1980,52,'L',NULL,1,'SII_CSV'),
('11303-00117-00003',5,'E',4,1985,49,'L',NULL,1,'SII_CSV'),
('11303-00118-00007',1,'GA',3,1990,308,'V',NULL,1,'SII_CSV'),
('11303-00118-00007',2,'E',4,1980,200,'V',NULL,1,'SII_CSV'),
('11303-00118-00007',3,'E',4,1990,42,'H',NULL,2,'SII_CSV'),
('11303-00118-00007',4,'E',5,1980,114,'H',NULL,1,'SII_CSV'),
('11303-00119-00001',1,'E',3,2005,83,'C',NULL,1,'SII_CSV'),
('11303-00120-00001',1,'E',3,2004,50,'H',NULL,1,'SII_CSV'),
('11303-00120-00001',2,'E',3,2010,154,'G',NULL,1,'SII_CSV'),
('11303-00120-00003',1,'E',4,1999,70,'H',NULL,1,'SII_CSV'),
('11303-00120-00003',2,'E',4,1999,36,'C',NULL,1,'SII_CSV'),
('11303-00120-00005',1,'E',5,1995,30,'H',NULL,1,'SII_CSV'),
('11303-00120-00006',1,'E',5,1988,30,'H',NULL,1,'SII_CSV'),
('11303-00120-00007',1,'E',5,1985,35,'H',NULL,1,'SII_CSV'),
('11303-00120-00008',1,'E',5,1985,30,'H',NULL,1,'SII_CSV'),
('11303-00120-00009',1,'E',5,1985,16,'H',NULL,1,'SII_CSV'),
('11303-00120-00009',2,'E',5,1995,25,'H',NULL,1,'SII_CSV'),
('11303-00120-00010',1,'E',5,2002,35,'H',NULL,1,'SII_CSV'),
('11303-00120-00010',2,'E',4,2002,20,'H',NULL,1,'SII_CSV'),
('11303-00120-00010',3,'E',4,2004,30,'H',NULL,2,'SII_CSV'),
('11303-00120-00011',1,'E',5,1994,37,'H',NULL,1,'SII_CSV'),
('11303-00120-00012',1,'E',5,1994,20,'H',NULL,1,'SII_CSV'),
('11303-00124-00001',1,'E',5,1990,35,'H',NULL,1,'SII_CSV'),
('11303-00125-00001',1,'E',4,2004,16,'C',NULL,1,'SII_CSV'),
('11303-00125-00001',2,'E',4,2004,50,'H',NULL,1,'SII_CSV'),
('11303-00125-00001',3,'E',4,2004,32,'H','MS',2,'SII_CSV'),
('11303-00125-00002',1,'E',5,1982,30,'H',NULL,1,'SII_CSV'),
('11303-00125-00004',1,'E',5,1999,64,'H',NULL,1,'SII_CSV'),
('11303-00125-00005',1,'E',4,2024,30,'G',NULL,1,'SII_CSV'),
('11303-00125-00005',2,'E',4,2024,30,'G',NULL,1,'SII_CSV'),
('11303-00126-00001',1,'E',5,1999,77,'H',NULL,2,'SII_CSV'),
('11303-00126-00001',2,'E',5,1989,30,'L',NULL,1,'SII_CSV'),
('11303-00126-00003',1,'E',5,1989,31,'H',NULL,1,'SII_CSV'),
('11303-00126-00006',1,'E',4,2003,36,'H',NULL,1,'SII_CSV'),
('11303-00127-00002',1,'E',5,1990,45,'H',NULL,1,'SII_CSV'),
('11303-00127-00003',1,'E',4,2009,50,'H',NULL,1,'SII_CSV'),
('11303-00128-00001',1,'E',4,1985,35,'H',NULL,2,'SII_CSV'),
('11303-00128-00001',2,'E',4,1995,20,'C',NULL,1,'SII_CSV'),
('11303-00129-00001',1,'E',5,1989,25,'H',NULL,1,'SII_CSV'),
('11303-00129-00002',1,'E',4,1997,80,'H',NULL,1,'SII_CSV'),
('11303-00129-00003',1,'E',5,1988,30,'H',NULL,1,'SII_CSV'),
('11303-00129-00004',1,'E',4,2000,30,'H',NULL,1,'SII_CSV'),
('11303-00129-00005',1,'E',5,1995,36,'H',NULL,1,'SII_CSV'),
('11303-00129-00006',1,'E',5,2002,44,'H',NULL,1,'SII_CSV'),
('11303-00129-00007',1,'E',5,1998,42,'H',NULL,1,'SII_CSV'),
('11303-00129-00008',1,'E',4,2007,35,'C',NULL,1,'SII_CSV'),
('11303-00129-00009',1,'E',5,1994,50,'H',NULL,1,'SII_CSV'),
('11303-00129-00009',2,'E',4,2006,41,'H',NULL,1,'SII_CSV'),
('11303-00129-00010',1,'E',4,1980,28,'H',NULL,1,'SII_CSV'),
('11303-00129-00010',2,'E',4,2004,30,'H',NULL,1,'SII_CSV'),
('11303-00130-00002',1,'E',4,2011,30,'H',NULL,1,'SII_CSV'),
('11303-00130-00003',1,'E',5,2002,32,'H',NULL,1,'SII_CSV'),
('11303-00130-00005',1,'E',4,2002,50,'H',NULL,1,'SII_CSV'),
('11303-00130-00005',2,'E',4,2024,56,'C',NULL,1,'SII_CSV'),
('11303-00130-00007',1,'E',4,1995,28,'H',NULL,1,'SII_CSV'),
('11303-00130-00007',2,'E',4,1995,20,'H',NULL,1,'SII_CSV'),
('11303-00130-00008',1,'E',5,1985,28,'H',NULL,1,'SII_CSV'),
('11303-00130-00008',2,'E',5,1992,20,'C',NULL,1,'SII_CSV'),
('11303-00130-00008',3,'GE',3,2001,8,'L',NULL,1,'SII_CSV'),
('11303-00130-00009',1,'E',4,1994,96,'H',NULL,1,'SII_CSV'),
('11303-00130-00011',1,'E',4,1994,150,'G',NULL,2,'SII_CSV'),
('11303-00130-00011',2,'E',4,2024,117,'C',NULL,1,'SII_CSV'),
('11303-00130-00011',3,'E',4,2024,117,'H',NULL,2,'SII_CSV'),
('11303-00130-00012',1,'E',4,1994,53,'C',NULL,1,'SII_CSV'),
('11303-00130-00014',1,'E',5,1994,30,'H',NULL,1,'SII_CSV'),
('11303-00130-00015',1,'E',5,1990,35,'H',NULL,1,'SII_CSV'),
('11303-00130-00016',1,'E',4,1990,40,'H',NULL,1,'SII_CSV'),
('11303-00131-00002',1,'E',4,2014,42,'H',NULL,1,'SII_CSV'),
('11303-00131-00002',2,'E',4,2014,24,'H',NULL,1,'SII_CSV'),
('11303-00131-00004',1,'E',5,2000,20,'H',NULL,1,'SII_CSV'),
('11303-00132-00001',1,'E',4,2002,56,'H',NULL,1,'SII_CSV'),
('11303-00132-00002',1,'E',4,2022,23,'H',NULL,1,'SII_CSV'),
('11303-00132-00004',1,'E',5,1994,45,'H',NULL,1,'SII_CSV'),
('11303-00132-00006',1,'E',5,1990,40,'H',NULL,1,'SII_CSV'),
('11303-00132-00006',2,'E',4,2013,79,'H',NULL,1,'SII_CSV'),
('11303-00133-00002',1,'E',5,1995,40,'H',NULL,2,'SII_CSV'),
('11303-00136-00003',1,'E',5,2000,48,'H',NULL,1,'SII_CSV'),
('11303-00136-00005',1,'E',5,1998,25,'H',NULL,1,'SII_CSV'),
('11303-00136-00010',1,'E',4,2007,44,'H',NULL,1,'SII_CSV'),
('11303-00136-00011',1,'E',4,2007,44,'H',NULL,1,'SII_CSV'),
('11303-00136-00012',1,'E',4,2007,44,'H',NULL,1,'SII_CSV'),
('11303-00136-00013',1,'E',4,2007,44,'H',NULL,1,'SII_CSV'),
('11303-00136-00014',1,'E',4,2007,44,'H',NULL,1,'SII_CSV'),
('11303-00136-00015',1,'E',4,2007,44,'H',NULL,1,'SII_CSV'),
('11303-00136-00016',1,'E',4,2007,44,'H',NULL,1,'SII_CSV'),
('11303-00138-00004',1,'E',4,2010,49,'H',NULL,1,'SII_CSV'),
('11303-00138-00006',1,'E',5,1994,30,'H',NULL,1,'SII_CSV'),
('11303-00138-00007',1,'E',4,2015,44,'H',NULL,1,'SII_CSV'),
('11303-00138-00008',1,'E',4,2005,80,'H',NULL,2,'SII_CSV'),
('11303-00138-00008',2,'E',4,2005,15,'O',NULL,1,'SII_CSV'),
('11303-00138-00009',1,'E',3,1996,154,'S',NULL,1,'SII_CSV'),
('11303-00138-00010',1,'E',3,1999,1165,'E',NULL,1,'SII_CSV'),
('11303-00138-00010',2,'E',3,1998,70,'H',NULL,1,'SII_CSV'),
('11303-00138-00010',3,'E',4,1998,48,'H',NULL,1,'SII_CSV'),
('11303-00138-00010',4,'E',3,2004,80,'H',NULL,1,'SII_CSV'),
('11303-00138-00010',5,'E',3,2004,79,'H',NULL,1,'SII_CSV'),
('11303-00138-00010',6,'E',3,2005,79,'H',NULL,1,'SII_CSV'),
('11303-00138-00010',7,'E',3,2005,79,'H',NULL,1,'SII_CSV'),
('11303-00138-00011',1,'GA',3,2003,790,'D',NULL,1,'SII_CSV'),
('11303-00138-00013',1,'E',4,2018,47,'G',NULL,1,'SII_CSV'),
('11303-00138-00013',2,'E',4,2018,27,'G',NULL,1,'SII_CSV'),
('11303-00138-00013',3,'E',4,2018,49,'G',NULL,1,'SII_CSV'),
('11303-00138-00013',4,'E',4,2018,39,'G',NULL,1,'SII_CSV'),
('11303-00138-00013',5,'E',4,2018,81,'G',NULL,1,'SII_CSV'),
('11303-00138-00013',6,'E',4,2018,60,'G',NULL,2,'SII_CSV'),
('11303-00138-00015',1,'E',4,2024,70,'G',NULL,1,'SII_CSV'),
('11303-00139-00006',1,'E',5,2002,40,'H',NULL,1,'SII_CSV'),
('11303-00139-00007',1,'E',4,1992,24,'H',NULL,1,'SII_CSV'),
('11303-00140-00001',1,'E',5,1988,45,'H',NULL,1,'SII_CSV'),
('11303-00140-00003',1,'E',4,2024,60,'C',NULL,1,'SII_CSV'),
('11303-00141-00004',1,'E',5,1995,40,'H',NULL,1,'SII_CSV'),
('11303-00142-00005',1,'E',3,2004,106,'G',NULL,1,'SII_CSV'),
('11303-00142-00006',1,'E',5,1999,61,'H',NULL,1,'SII_CSV'),
('11303-00142-00008',1,'E',4,1967,32,'H',NULL,1,'SII_CSV'),
('11303-00143-00004',1,'E',5,1999,40,'H',NULL,1,'SII_CSV'),
('11303-00144-00001',1,'E',5,1999,50,'H',NULL,1,'SII_CSV'),
('11303-00144-00002',1,'E',5,1994,61,'H',NULL,1,'SII_CSV'),
('11303-00144-00003',1,'E',4,1994,20,'H',NULL,1,'SII_CSV'),
('11303-00145-00003',1,'M',0,2020,64,'V',NULL,0,'SII_CSV'),
('11303-00145-00003',2,'G',3,2020,42,'C',NULL,1,'SII_CSV'),
('11303-00145-00003',3,'P',0,NULL,125,NULL,NULL,0,'SII_CSV'),
('11303-00145-00003',4,'P',1,NULL,258,NULL,NULL,0,'SII_CSV'),
('11303-00145-00003',5,'EA',0,2020,69,'V',NULL,0,'SII_CSV'),
('11303-00146-00001',1,'E',4,2018,44,'H',NULL,1,'SII_CSV'),
('11303-00146-00002',1,'E',4,2018,44,'H',NULL,1,'SII_CSV'),
('11303-00146-00003',1,'E',4,2018,44,'H',NULL,1,'SII_CSV'),
('11303-00146-00004',1,'E',4,2018,44,'H',NULL,1,'SII_CSV'),
('11303-00146-00005',1,'E',4,2018,44,'H',NULL,1,'SII_CSV'),
('11303-00146-00006',1,'E',4,2018,44,'H',NULL,1,'SII_CSV'),
('11303-00147-00001',1,'E',4,2018,44,'H',NULL,1,'SII_CSV'),
('11303-00147-00002',1,'E',4,2018,44,'H',NULL,1,'SII_CSV'),
('11303-00147-00003',1,'E',4,2018,44,'H',NULL,1,'SII_CSV'),
('11303-00148-00001',1,'E',4,2018,44,'H',NULL,1,'SII_CSV'),
('11303-00148-00002',1,'E',4,2018,44,'H',NULL,1,'SII_CSV'),
('11303-00148-00003',1,'E',4,2018,44,'H',NULL,1,'SII_CSV'),
('11303-00148-00004',1,'E',4,2018,44,'H',NULL,1,'SII_CSV'),
('11303-00148-00005',1,'E',4,2018,44,'H',NULL,1,'SII_CSV'),
('11303-00148-00006',1,'E',4,2018,44,'H',NULL,1,'SII_CSV'),
('11303-00148-00009',1,'E',4,2018,44,'H',NULL,1,'SII_CSV'),
('11303-00148-00010',1,'E',4,2018,44,'H',NULL,1,'SII_CSV'),
('11303-00148-00011',1,'E',4,2018,44,'H',NULL,1,'SII_CSV'),
('11303-00148-00012',1,'E',4,2018,44,'H',NULL,1,'SII_CSV'),
('11303-00148-00013',1,'E',4,2018,44,'H',NULL,1,'SII_CSV'),
('11303-00148-00014',1,'E',4,2018,44,'H',NULL,1,'SII_CSV'),
('11303-00148-00014',2,'E',4,2024,63,'C',NULL,1,'SII_CSV'),
('11303-00149-00001',1,'E',4,2018,44,'H',NULL,1,'SII_CSV'),
('11303-00149-00002',1,'E',4,2018,44,'H',NULL,1,'SII_CSV'),
('11303-00149-00003',1,'E',4,2018,44,'H',NULL,1,'SII_CSV'),
('11303-00241-00130',1,'OB',0,NULL,2,'T',NULL,0,'SII_CSV'),
('11303-00500-00015',1,'OB',0,NULL,2,'T',NULL,0,'SII_CSV')
ON CONFLICT (rol, numero_construccion) DO UPDATE SET
  material_codigo       = EXCLUDED.material_codigo,
  calidad_codigo        = EXCLUDED.calidad_codigo,
  anio_construccion     = EXCLUDED.anio_construccion,
  sup_total_m2          = EXCLUDED.sup_total_m2,
  destino_construccion  = EXCLUDED.destino_construccion,
  condicion_especial    = EXCLUDED.condicion_especial,
  numero_pisos          = EXCLUDED.numero_pisos;

-- ─────────────────────────────────────────────────
-- A: BRTMPCATASA_2025_2_11303  |  CÓDIGO 11303
-- 117 filas
-- ─────────────────────────────────────────────────
INSERT INTO catastro.predios (
  rol, codigo_comuna, manzana, predio, direccion,
  avaluo_total_vigente, contribucion_semestre,
  destino_sii, avaluo_total_exento,
  cod_ubicacion, serie_predio, fuente_datos
) VALUES
('11303-00231-00040','11303','00231','00040','RES FOR RIO PASCUA',21661086237,NULL,'F',21661086237,'R','agricola','SII_CSV'),
('11303-00231-00041','11303','00231','00041','CAMPO CHICO RIO PASCUA',26714991,NULL,'A',26714991,'R','agricola','SII_CSV'),
('11303-00231-00042','11303','00231','00042','LAGO QUETRUA RIO PASCUA',33144874,NULL,'A',33144874,'R','agricola','SII_CSV'),
('11303-00231-00043','11303','00231','00043','FUNDO EL BERGUE',32587547,NULL,'A',32587547,'R','agricola','SII_CSV'),
('11303-00231-00044','11303','00231','00044','RIO PASCUA UNO',122316156,148454,'A',48089106,'R','agricola','SII_CSV'),
('11303-00231-00045','11303','00231','00045','RIO PASCUA',14888420,NULL,'A',14888420,'R','agricola','SII_CSV'),
('11303-00231-00046','11303','00231','00046','RIO PASCUA',50788958,5300,'A',48089106,'R','agricola','SII_CSV'),
('11303-00231-00047','11303','00231','00047','LAGUNA NEGRA RIO BRAVO',9664051,NULL,'A',9664051,'R','agricola','SII_CSV'),
('11303-00231-00048','11303','00231','00048','RIO DEL CAMINO',120004531,NULL,'A',120004531,'R','agricola','SII_CSV'),
('11303-00231-00049','11303','00231','00049','FIORDO CIEGO',123389633,NULL,'A',123389633,'R','agricola','SII_CSV'),
('11303-00231-00051','11303','00231','00051','RIO PASCUA DOS',48714918,NULL,'A',48089106,'R','agricola','SII_CSV'),
('11303-00231-00054','11303','00231','00054','LOTE A LAGO QUETRU',6794219,NULL,'A',6794219,'R','agricola','SII_CSV'),
('11303-00231-00055','11303','00231','00055','LOTE B LAGO QUETRU',32528519,NULL,'A',32528519,'R','agricola','SII_CSV'),
('11303-00231-00057','11303','00231','00057','LAGO LEAL LT B',6370178,NULL,'A',6370178,'R','agricola','SII_CSV'),
('11303-00231-00058','11303','00231','00058','RIO PASCUA ISLA 1',2069810,NULL,'A',2069810,'R','agricola','SII_CSV'),
('11303-00231-00059','11303','00231','00059','RIO PASCUA ISLA 2',3600734,NULL,'A',3600734,'R','agricola','SII_CSV'),
('11303-00231-00063','11303','00231','00063','SECTOR LAGUNA NEGRA 00 LT A Y B',10396203,NULL,'A',10396203,'R','agricola','SII_CSV'),
('11303-00231-00071','11303','00231','00071','FDO EL BERGUE 00 LT B',3511239,NULL,'A',3511239,'R','agricola','SII_CSV'),
('11303-00231-00134','11303','00231','00134','LOTE A 1',5813901,NULL,'A',5813901,'R','agricola','SII_CSV'),
('11303-00241-00001','11303','00241','00001','ISLA BYRON',411685216,NULL,'A',411685216,'R','agricola','SII_CSV'),
('11303-00241-00002','11303','00241','00002','ISLA CAMPANA',968627872,NULL,'A',968627872,'R','agricola','SII_CSV'),
('11303-00241-00003','11303','00241','00003','ISLA FARGUAHAR',349097813,NULL,'A',349097813,'R','agricola','SII_CSV'),
('11303-00241-00004','11303','00241','00004','ISLA GOLONDRIN',541051908,NULL,'A',541051908,'R','agricola','SII_CSV'),
('11303-00241-00005','11303','00241','00005','ISLA LAS HERAS',816337079,NULL,'A',816337079,'R','agricola','SII_CSV'),
('11303-00241-00006','11303','00241','00006','ISLA MERINO JAA',1397385283,NULL,'A',1397385283,'R','agricola','SII_CSV'),
('11303-00241-00007','11303','00241','00007','ISLA PRAT',1651898656,NULL,'A',1651898656,'R','agricola','SII_CSV'),
('11303-00241-00008','11303','00241','00008','ISLA ROTHEMBER',1369251871,NULL,'A',1369251871,'R','agricola','SII_CSV'),
('11303-00241-00009','11303','00241','00009','ISLA SERRANO',2472455746,NULL,'A',2472455746,'R','agricola','SII_CSV'),
('11303-00241-00010','11303','00241','00010','ISLA STEVENS',1482066777,NULL,'A',1482066777,'R','agricola','SII_CSV'),
('11303-00241-00011','11303','00241','00011','ISLA WAGNER',289351877,NULL,'A',289351877,'R','agricola','SII_CSV'),
('11303-00241-00013','11303','00241','00013','ESTUARIO CALEN',30543447,NULL,'A',30543447,'R','agricola','SII_CSV'),
('11303-00241-00014','11303','00241','00014','CANAL BAKER',35307394,NULL,'A',35307394,'R','agricola','SII_CSV'),
('11303-00241-00015','11303','00241','00015','VEGAS SAN CARL',40493312,NULL,'A',40493312,'R','agricola','SII_CSV'),
('11303-00241-00016','11303','00241','00016','I SAN PEDRO',5977406,NULL,'A',5977406,'R','agricola','SII_CSV'),
('11303-00241-00017','11303','00241','00017','PUERTO BROWN CANAL BAKER',42196555,NULL,'A',42196555,'R','agricola','SII_CSV'),
('11303-00241-00018','11303','00241','00018','FUNDO EL SAUCE RIO BAKER',19279806,NULL,'A',19279806,'R','agricola','SII_CSV'),
('11303-00241-00019','11303','00241','00019','PUERTO ALEGRE RIO BAKER',9565045,NULL,'A',9565045,'R','agricola','SII_CSV'),
('11303-00241-00020','11303','00241','00020','REMILINO CHICO',27155042,NULL,'A',27155042,'R','agricola','SII_CSV'),
('11303-00241-00021','11303','00241','00021','RIO NEGRO RIO BAKER',3043478,NULL,'A',3043478,'R','agricola','SII_CSV'),
('11303-00241-00022','11303','00241','00022','RIO BAKER',7624685,NULL,'A',7624685,'R','agricola','SII_CSV'),
('11303-00241-00023','11303','00241','00023','LA CASCADA RIO PISAGUA',5511329,NULL,'A',5511329,'R','agricola','SII_CSV'),
('11303-00241-00024','11303','00241','00024','LAS VEGAS DE SAN CARLOS RIO BAKER',46043092,NULL,'A',46043092,'R','agricola','SII_CSV'),
('11303-00241-00025','11303','00241','00025','RIO BAKER',9051681,NULL,'A',9051681,'R','agricola','SII_CSV'),
('11303-00241-00026','11303','00241','00026','ESTERO ANGAMOS',45124537,NULL,'A',45124537,'R','agricola','SII_CSV'),
('11303-00241-00027','11303','00241','00027','RIO NEGRO',21184436,NULL,'A',21184436,'R','agricola','SII_CSV'),
('11303-00241-00028','11303','00241','00028','ESTERO ANGAMOS',27942871,NULL,'A',27942871,'R','agricola','SII_CSV'),
('11303-00241-00029','11303','00241','00029','SANTA SOILA VENTISQUERO MONTT',34532319,NULL,'A',34532319,'R','agricola','SII_CSV'),
('11303-00241-00030','11303','00241','00030','ISLA FRANCISCO',105690222,115202,'A',48089106,'R','agricola','SII_CSV'),
('11303-00241-00031','11303','00241','00031','PUERTO VALENZUELA',56304274,16430,'A',48089106,'R','agricola','SII_CSV'),
('11303-00241-00032','11303','00241','00032','PTO MARIA ELENA STEFFES',5649183,NULL,'A',5649183,'R','agricola','SII_CSV'),
('11303-00241-00033','11303','00241','00033','FIORDO STEFENS',19683568,NULL,'A',19683568,'R','agricola','SII_CSV'),
('11303-00241-00034','11303','00241','00034','FUNDO EL RINCON FIORDO STEFFENS',8592403,NULL,'A',8592403,'R','agricola','SII_CSV'),
('11303-00241-00035','11303','00241','00035','CANAL PLAZA TORTEL',23753951,NULL,'A',23753951,'R','agricola','SII_CSV'),
('11303-00241-00036','11303','00241','00036','CANAL PLAZA PTO CONTRERAS',10745311,NULL,'A',10745311,'R','agricola','SII_CSV'),
('11303-00241-00037','11303','00241','00037','SANTA SONIA RIO BRAVO',54236643,12296,'A',48089106,'R','agricola','SII_CSV'),
('11303-00241-00038','11303','00241','00038','TORTEL',24533245,NULL,'A',24533245,'R','agricola','SII_CSV'),
('11303-00241-00039','11303','00241','00039','AROYO NEGRO RIO BRAVO',15806975,NULL,'A',15806975,'R','agricola','SII_CSV'),
('11303-00241-00040','11303','00241','00040','ESTERO BUILLIN RIO BRAVO',6675821,NULL,'A',6675821,'R','agricola','SII_CSV'),
('11303-00241-00041','11303','00241','00041','FIORDO MICHEL',61722857,27268,'A',48089106,'R','agricola','SII_CSV'),
('11303-00241-00042','11303','00241','00042','SECTORVENTIQUERO STEFFEN - ARRIENDO',675390,NULL,'A',675390,'R','agricola','SII_CSV'),
('11303-00241-00043','11303','00241','00043','RIO BAKER',7615554,NULL,'A',7615554,'R','agricola','SII_CSV'),
('11303-00241-00044','11303','00241','00044','VENTISQUERO J MONTT',36984428,NULL,'A',36984428,'R','agricola','SII_CSV'),
('11303-00241-00045','11303','00241','00045','CUENTO LARGO LT 3',85732,NULL,'A',85732,'R','agricola','SII_CSV'),
('11303-00241-00046','11303','00241','00046','CUENTO LARGO LT 2',9351607,NULL,'A',9351607,'R','agricola','SII_CSV'),
('11303-00241-00048','11303','00241','00048','SECTOR LAGUNA CAIQUENES',781052412,NULL,'A',781052412,'R','agricola','SII_CSV'),
('11303-00241-00049','11303','00241','00049','LOTE B 1 FUNDO EL SAUCE RIO BACK',1224740,NULL,'A',1224740,'R','agricola','SII_CSV'),
('11303-00241-00051','11303','00241','00051','PUNTA CANELO LOTE A 1',1072301,NULL,'A',1072301,'R','agricola','SII_CSV'),
('11303-00241-00052','11303','00241','00052','PUNTA CANELO LOTE A 2',1032522,NULL,'A',1032522,'R','agricola','SII_CSV'),
('11303-00241-00053','11303','00241','00053','PUNTA CANELO LOTE A 3',965114,NULL,'A',965114,'R','agricola','SII_CSV'),
('11303-00241-00054','11303','00241','00054','LOTE A 1 RIO BACKER',3560017,NULL,'A',3560017,'R','agricola','SII_CSV'),
('11303-00241-00055','11303','00241','00055','EL VAGABUNDO',14543784,NULL,'A',14543784,'R','agricola','SII_CSV'),
('11303-00241-00056','11303','00241','00056','ISLA DE LOS MUERTOS',8392225,NULL,'A',8392225,'R','agricola','SII_CSV'),
('11303-00241-00059','11303','00241','00059','LT 3 VENTISQUERO JORGE MONTT',82177327,68176,'A',48089106,'R','agricola','SII_CSV'),
('11303-00241-00062','11303','00241','00062','SECTOR RIO HUEMULESTORTEL',12091855,NULL,'A',12091855,'R','agricola','SII_CSV'),
('11303-00241-00064','11303','00241','00064','RIO HUEMULES LT 2',9297070,NULL,'A',9297070,'R','agricola','SII_CSV'),
('11303-00241-00065','11303','00241','00065','LT A 1 SECTOR RIO HUEMULES',15468295,NULL,'A',15468295,'R','agricola','SII_CSV'),
('11303-00241-00066','11303','00241','00066','LOTE A- 1 PUERTO ALEGRE',502144,NULL,'A',502144,'R','agricola','SII_CSV'),
('11303-00241-00067','11303','00241','00067','LOTE A- 1 PUERTO ALEGRE',517453,NULL,'A',517453,'R','agricola','SII_CSV'),
('11303-00241-00070','11303','00241','00070','LOTE A',38140461,NULL,'A',38140461,'R','agricola','SII_CSV'),
('11303-00241-00073','11303','00241','00073','LAGUNA CAIQUENES LT A - B',42293893,NULL,'A',42293893,'R','agricola','SII_CSV'),
('11303-00241-00074','11303','00241','00074','FDO LA EMILIA PTA CANELO',11028267,NULL,'A',11028267,'R','agricola','SII_CSV'),
('11303-00241-00075','11303','00241','00075','EL VAGABUNDO LT A- 3',6083283,NULL,'A',6083283,'R','agricola','SII_CSV'),
('11303-00241-00076','11303','00241','00076','PEDREGOSO',2655725,NULL,'A',2655725,'R','agricola','SII_CSV'),
('11303-00241-00080','11303','00241','00080','RIO BAKER LT A- 2',3857930,NULL,'A',3857930,'R','agricola','SII_CSV'),
('11303-00241-00083','11303','00241','00083','SANTA ROSA CANAL PLAZA',12575716,NULL,'A',12575716,'R','agricola','SII_CSV'),
('11303-00241-00084','11303','00241','00084','VENTISQUERO JORGE MONTT',110263288,124348,'A',48089106,'R','agricola','SII_CSV'),
('11303-00241-00085','11303','00241','00085','LT 1 VENTISQUERO MONTT',154408208,212638,'A',48089106,'R','agricola','SII_CSV'),
('11303-00241-00087','11303','00241','00087','SECTOR RIO HUEMULES 00 RIO HUEMULES',509150,NULL,'A',509150,'R','agricola','SII_CSV'),
('11303-00241-00088','11303','00241','00088','VENTISQUERO J MONTT LT 2',31632315,NULL,'A',31632315,'R','agricola','SII_CSV'),
('11303-00241-00089','11303','00241','00089','RIO BRAVO LT 1',433558,NULL,'A',433558,'R','agricola','SII_CSV'),
('11303-00241-00090','11303','00241','00090','RIO BRAVO LT 2',1412125,NULL,'A',1412125,'R','agricola','SII_CSV'),
('11303-00241-00091','11303','00241','00091','RIO BAKER',7421310,NULL,'A',7421310,'R','agricola','SII_CSV'),
('11303-00241-00092','11303','00241','00092','RIO BRAVO',1761581,NULL,'A',1761581,'R','agricola','SII_CSV'),
('11303-00241-00093','11303','00241','00093','RIO BAKER 00 RIO BAKER',4016359,NULL,'A',4016359,'R','agricola','SII_CSV'),
('11303-00241-00098','11303','00241','00098','RIO HUEMULES LT A- 2',1930888,NULL,'A',1930888,'R','agricola','SII_CSV'),
('11303-00241-00099','11303','00241','00099','RIO BRAVO',6532762,NULL,'A',6532762,'R','agricola','SII_CSV'),
('11303-00241-00104','11303','00241','00104','RIO HUEMULES LT A- 3',3644211,NULL,'A',3644211,'R','agricola','SII_CSV'),
('11303-00241-00105','11303','00241','00105','RIO HUEMULES LT A- 4',1391665,NULL,'A',1391665,'R','agricola','SII_CSV'),
('11303-00241-00106','11303','00241','00106','RIO HUEMULES LT A- 5',612370,NULL,'A',612370,'R','agricola','SII_CSV'),
('11303-00241-00107','11303','00241','00107','LAGUNA NEGRA LT A- 2',11707193,NULL,'A',11707193,'R','agricola','SII_CSV'),
('11303-00241-00109','11303','00241','00109','RIO NEGRO LT 1',6123698,NULL,'A',6123698,'R','agricola','SII_CSV'),
('11303-00241-00110','11303','00241','00110','RIO NEGRO LT 2',23214940,NULL,'A',23214940,'R','agricola','SII_CSV'),
('11303-00241-00111','11303','00241','00111','RIO NEGRO LT 3',23093079,NULL,'A',23093079,'R','agricola','SII_CSV'),
('11303-00241-00112','11303','00241','00112','RIO NEGROLT 4',10967543,NULL,'A',10967543,'R','agricola','SII_CSV'),
('11303-00241-00113','11303','00241','00113','RIO NEGRO LT B',4049331,NULL,'A',4049331,'R','agricola','SII_CSV'),
('11303-00241-00116','11303','00241','00116','ISLA ALBERTO VARGAS CANAL PLAZA',306185,NULL,'A',306185,'R','agricola','SII_CSV'),
('11303-00241-00119','11303','00241','00119','FUNDO PATRICIO RIO BRAVO',881127,NULL,'A',881127,'R','agricola','SII_CSV'),
('11303-00241-00122','11303','00241','00122','LT A-B - PUNTA TIMON RIO BAKER',2146662,NULL,'A',2146662,'R','agricola','SII_CSV'),
('11303-00241-00123','11303','00241','00123','SECTOR EL VAGABUNDO ARRIENDO',13029136,NULL,'A',13029136,'R','agricola','SII_CSV'),
('11303-00241-00127','11303','00241','00127','RIO BAKER LT A-A 3',5384853,NULL,'A',5384853,'R','agricola','SII_CSV'),
('11303-00241-00128','11303','00241','00128','RIO BAKER LT A-A 4',5388038,NULL,'A',5388038,'R','agricola','SII_CSV'),
('11303-00241-00129','11303','00241','00129','RIO BAKER LT A-A 5',5384853,NULL,'A',5384853,'R','agricola','SII_CSV'),
('11303-00241-00156','11303','00241','00156','PARQUE NACIONAL LAGUNA SAN RAFAEL',9354359575,NULL,'A',9354359575,'R','agricola','SII_CSV'),
('11303-00241-00163','11303','00241','00163','RIO BRAVO.',1569464,NULL,'A',1569464,'R','agricola','SII_CSV'),
('11303-00241-00184','11303','00241','00184','RIO BAKER LT A',5591066,NULL,'A',5591066,'R','agricola','SII_CSV'),
('11303-00241-00185','11303','00241','00185','RIO BAKER LT B',6014727,NULL,'A',6014727,'R','agricola','SII_CSV'),
('11303-00241-00186','11303','00241','00186','RIO BAKER LT C',2943601,NULL,'A',2943601,'R','agricola','SII_CSV')
ON CONFLICT (rol) DO UPDATE SET
  avaluo_total_vigente = EXCLUDED.avaluo_total_vigente,
  contribucion_semestre = EXCLUDED.contribucion_semestre,
  destino_sii          = EXCLUDED.destino_sii,
  avaluo_total_exento  = EXCLUDED.avaluo_total_exento,
  cod_ubicacion        = EXCLUDED.cod_ubicacion,
  fuente_datos         = 'SII_CSV',
  fecha_actualizacion  = now();

-- ─────────────────────────────────────────────────
-- AL: BRTMPCATASAL_2025_2_11303  |  CÓDIGO 11303
-- 196 filas
-- ─────────────────────────────────────────────────
INSERT INTO catastro.suelos_agricolas (
  rol, cod_suelo, sup_ha, fuente_datos
) VALUES
('11303-00231-00040','7',306750.00,'SII_CSV'),
('11303-00231-00040','8',306750.00,'SII_CSV'),
('11303-00231-00041','7',375.00,'SII_CSV'),
('11303-00231-00041','8',400.00,'SII_CSV'),
('11303-00231-00042','7',480.00,'SII_CSV'),
('11303-00231-00042','8',400.00,'SII_CSV'),
('11303-00231-00043','7',473.15,'SII_CSV'),
('11303-00231-00043','8',385.30,'SII_CSV'),
('11303-00231-00044','7',1789.00,'SII_CSV'),
('11303-00231-00044','8',1361.00,'SII_CSV'),
('11303-00231-00045','7',212.50,'SII_CSV'),
('11303-00231-00045','8',200.00,'SII_CSV'),
('11303-00231-00046','7',737.50,'SII_CSV'),
('11303-00231-00046','8',600.00,'SII_CSV'),
('11303-00231-00047','7',142.50,'SII_CSV'),
('11303-00231-00047','8',100.00,'SII_CSV'),
('11303-00231-00048','7',1739.00,'SII_CSV'),
('11303-00231-00048','8',1441.00,'SII_CSV'),
('11303-00231-00049','7',1788.00,'SII_CSV'),
('11303-00231-00049','8',1482.00,'SII_CSV'),
('11303-00231-00051','7',707.00,'SII_CSV'),
('11303-00231-00051','8',578.00,'SII_CSV'),
('11303-00231-00054','8',345.00,'SII_CSV'),
('11303-00231-00055','7',225.00,'SII_CSV'),
('11303-00231-00055','8',182.50,'SII_CSV'),
('11303-00231-00057','7',69.35,'SII_CSV'),
('11303-00231-00058','7',33.80,'SII_CSV'),
('11303-00231-00059','7',58.80,'SII_CSV'),
('11303-00231-00063','7',169.77,'SII_CSV'),
('11303-00231-00071','7',44.85,'SII_CSV'),
('11303-00231-00071','8',81.55,'SII_CSV'),
('11303-00231-00134','7',45.21,'SII_CSV'),
('11303-00241-00001','7',5000.00,'SII_CSV'),
('11303-00241-00001','8',11250.00,'SII_CSV'),
('11303-00241-00002','7',197.46,'SII_CSV'),
('11303-00241-00002','8',102000.00,'SII_CSV'),
('11303-00241-00003','7',4200.00,'SII_CSV'),
('11303-00241-00003','8',9800.00,'SII_CSV'),
('11303-00241-00004','7',6500.00,'SII_CSV'),
('11303-00241-00004','8',15250.00,'SII_CSV'),
('11303-00241-00005','7',10000.00,'SII_CSV'),
('11303-00241-00005','8',21750.00,'SII_CSV'),
('11303-00241-00006','7',17000.00,'SII_CSV'),
('11303-00241-00006','8',38000.00,'SII_CSV'),
('11303-00241-00007','7',20000.00,'SII_CSV'),
('11303-00241-00007','8',45550.00,'SII_CSV'),
('11303-00241-00008','7',17000.00,'SII_CSV'),
('11303-00241-00008','8',35000.00,'SII_CSV'),
('11303-00241-00009','7',30000.00,'SII_CSV'),
('11303-00241-00009','8',67750.00,'SII_CSV'),
('11303-00241-00010','7',18000.00,'SII_CSV'),
('11303-00241-00010','8',40500.00,'SII_CSV'),
('11303-00241-00011','7',3500.00,'SII_CSV'),
('11303-00241-00011','8',8000.00,'SII_CSV'),
('11303-00241-00013','6',100.00,'SII_CSV'),
('11303-00241-00013','7',300.00,'SII_CSV'),
('11303-00241-00013','8',100.00,'SII_CSV'),
('11303-00241-00014','7',500.00,'SII_CSV'),
('11303-00241-00014','8',500.00,'SII_CSV'),
('11303-00241-00015','7',600.00,'SII_CSV'),
('11303-00241-00015','8',400.00,'SII_CSV'),
('11303-00241-00016','7',80.00,'SII_CSV'),
('11303-00241-00016','8',115.00,'SII_CSV'),
('11303-00241-00017','7',612.50,'SII_CSV'),
('11303-00241-00017','8',500.00,'SII_CSV'),
('11303-00241-00018','7',280.00,'SII_CSV'),
('11303-00241-00018','8',227.50,'SII_CSV'),
('11303-00241-00019','7',48.44,'SII_CSV'),
('11303-00241-00019','8',100.00,'SII_CSV'),
('11303-00241-00020','7',397.50,'SII_CSV'),
('11303-00241-00020','8',300.00,'SII_CSV'),
('11303-00241-00021','7',49.70,'SII_CSV'),
('11303-00241-00022','7',52.00,'SII_CSV'),
('11303-00241-00022','8',2.78,'SII_CSV'),
('11303-00241-00023','7',90.00,'SII_CSV'),
('11303-00241-00024','7',660.00,'SII_CSV'),
('11303-00241-00024','8',600.00,'SII_CSV'),
('11303-00241-00025','7',132.50,'SII_CSV'),
('11303-00241-00025','8',100.00,'SII_CSV'),
('11303-00241-00026','7',645.00,'SII_CSV'),
('11303-00241-00026','8',600.00,'SII_CSV'),
('11303-00241-00027','7',300.00,'SII_CSV'),
('11303-00241-00027','8',300.00,'SII_CSV'),
('11303-00241-00028','7',414.50,'SII_CSV'),
('11303-00241-00028','8',273.00,'SII_CSV'),
('11303-00241-00029','7',495.00,'SII_CSV'),
('11303-00241-00029','8',450.00,'SII_CSV'),
('11303-00241-00030','7',1500.50,'SII_CSV'),
('11303-00241-00030','8',1472.00,'SII_CSV'),
('11303-00241-00031','7',800.00,'SII_CSV'),
('11303-00241-00031','8',780.00,'SII_CSV'),
('11303-00241-00032','7',80.00,'SII_CSV'),
('11303-00241-00032','8',80.00,'SII_CSV'),
('11303-00241-00033','7',265.50,'SII_CSV'),
('11303-00241-00033','8',365.24,'SII_CSV'),
('11303-00241-00034','7',125.00,'SII_CSV'),
('11303-00241-00034','8',100.00,'SII_CSV'),
('11303-00241-00035','7',350.00,'SII_CSV'),
('11303-00241-00035','8',247.50,'SII_CSV'),
('11303-00241-00036','7',152.50,'SII_CSV'),
('11303-00241-00036','8',150.00,'SII_CSV'),
('11303-00241-00037','7',381.05,'SII_CSV'),
('11303-00241-00037','8',265.80,'SII_CSV'),
('11303-00241-00038','7',370.00,'SII_CSV'),
('11303-00241-00038','8',200.00,'SII_CSV'),
('11303-00241-00039','7',227.50,'SII_CSV'),
('11303-00241-00039','8',200.00,'SII_CSV'),
('11303-00241-00040','7',96.18,'SII_CSV'),
('11303-00241-00040','8',83.82,'SII_CSV'),
('11303-00241-00041','7',877.00,'SII_CSV'),
('11303-00241-00041','8',855.00,'SII_CSV'),
('11303-00241-00042','8',72.02,'SII_CSV'),
('11303-00241-00043','7',50.76,'SII_CSV'),
('11303-00241-00044','7',491.00,'SII_CSV'),
('11303-00241-00044','8',737.60,'SII_CSV'),
('11303-00241-00045','7',1.40,'SII_CSV'),
('11303-00241-00046','7',134.92,'SII_CSV'),
('11303-00241-00046','8',116.18,'SII_CSV'),
('11303-00241-00048','7',4800.00,'SII_CSV'),
('11303-00241-00048','8',3359.10,'SII_CSV'),
('11303-00241-00049','7',20.00,'SII_CSV'),
('11303-00241-00051','6',8.40,'SII_CSV'),
('11303-00241-00051','7',2.10,'SII_CSV'),
('11303-00241-00052','6',8.70,'SII_CSV'),
('11303-00241-00052','7',0.90,'SII_CSV'),
('11303-00241-00053','6',8.10,'SII_CSV'),
('11303-00241-00053','7',0.90,'SII_CSV'),
('11303-00241-00054','7',57.40,'SII_CSV'),
('11303-00241-00054','8',4.80,'SII_CSV'),
('11303-00241-00055','7',100.00,'SII_CSV'),
('11303-00241-00056','6',74.70,'SII_CSV'),
('11303-00241-00059','7',1280.70,'SII_CSV'),
('11303-00241-00059','8',400.00,'SII_CSV'),
('11303-00241-00062','7',197.46,'SII_CSV'),
('11303-00241-00064','7',126.40,'SII_CSV'),
('11303-00241-00064','8',166.00,'SII_CSV'),
('11303-00241-00065','7',237.00,'SII_CSV'),
('11303-00241-00065','8',101.85,'SII_CSV'),
('11303-00241-00066','7',8.20,'SII_CSV'),
('11303-00241-00067','7',8.45,'SII_CSV'),
('11303-00241-00070','7',554.63,'SII_CSV'),
('11303-00241-00070','8',445.37,'SII_CSV'),
('11303-00241-00073','6',25.00,'SII_CSV'),
('11303-00241-00073','7',225.98,'SII_CSV'),
('11303-00241-00073','8',104.02,'SII_CSV'),
('11303-00241-00074','6',30.00,'SII_CSV'),
('11303-00241-00074','7',20.00,'SII_CSV'),
('11303-00241-00075','7',99.34,'SII_CSV'),
('11303-00241-00076','7',18.07,'SII_CSV'),
('11303-00241-00080','7',30.00,'SII_CSV'),
('11303-00241-00083','7',167.00,'SII_CSV'),
('11303-00241-00083','8',250.50,'SII_CSV'),
('11303-00241-00084','7',1633.80,'SII_CSV'),
('11303-00241-00084','8',1089.20,'SII_CSV'),
('11303-00241-00085','6',100.00,'SII_CSV'),
('11303-00241-00085','7',2200.20,'SII_CSV'),
('11303-00241-00085','8',900.00,'SII_CSV'),
('11303-00241-00087','6',2.06,'SII_CSV'),
('11303-00241-00088','7',403.60,'SII_CSV'),
('11303-00241-00088','8',737.60,'SII_CSV'),
('11303-00241-00089','7',7.08,'SII_CSV'),
('11303-00241-00090','7',23.06,'SII_CSV'),
('11303-00241-00091','7',121.19,'SII_CSV'),
('11303-00241-00092','6',15.68,'SII_CSV'),
('11303-00241-00093','6',35.75,'SII_CSV'),
('11303-00241-00098','7',30.00,'SII_CSV'),
('11303-00241-00098','8',10.00,'SII_CSV'),
('11303-00241-00099','7',106.68,'SII_CSV'),
('11303-00241-00104','7',50.00,'SII_CSV'),
('11303-00241-00104','8',62.10,'SII_CSV'),
('11303-00241-00105','7',20.00,'SII_CSV'),
('11303-00241-00105','8',17.80,'SII_CSV'),
('11303-00241-00106','7',10.00,'SII_CSV'),
('11303-00241-00107','7',85.80,'SII_CSV'),
('11303-00241-00107','8',34.20,'SII_CSV'),
('11303-00241-00109','7',100.00,'SII_CSV'),
('11303-00241-00110','7',379.10,'SII_CSV'),
('11303-00241-00111','7',377.11,'SII_CSV'),
('11303-00241-00112','7',179.10,'SII_CSV'),
('11303-00241-00113','7',60.00,'SII_CSV'),
('11303-00241-00113','8',40.00,'SII_CSV'),
('11303-00241-00116','7',5.00,'SII_CSV'),
('11303-00241-00119','6',3.41,'SII_CSV'),
('11303-00241-00122','7',14.76,'SII_CSV'),
('11303-00241-00123','5',21.54,'SII_CSV'),
('11303-00241-00123','6',5.36,'SII_CSV'),
('11303-00241-00123','7',33.10,'SII_CSV'),
('11303-00241-00127','5',16.91,'SII_CSV'),
('11303-00241-00128','5',16.92,'SII_CSV'),
('11303-00241-00129','5',16.91,'SII_CSV'),
('11303-00241-00156','8',420000.00,'SII_CSV'),
('11303-00241-00163','5',5.25,'SII_CSV'),
('11303-00241-00184','7',36.77,'SII_CSV'),
('11303-00241-00184','8',3.24,'SII_CSV'),
('11303-00241-00185','7',40.09,'SII_CSV'),
('11303-00241-00186','7',19.62,'SII_CSV')
ON CONFLICT (rol, cod_suelo) DO UPDATE SET
  sup_ha = EXCLUDED.sup_ha;

-- ─────────────────────────────────────────────────
-- Registro en catastro.importaciones
-- ─────────────────────────────────────────────────
INSERT INTO catastro.importaciones
  (codigo_comuna, nombre_comuna, archivo_fuente, tipo_archivo,
   total_registros, fecha_importacion, estado, error_msg)
VALUES
('11303', 'CÓDIGO 11303', 'BRTMPCATASN_2025_2_11303', 'N', 251, '2026-03-19T19:51:49.217703', 'completado', NULL),
('11303', 'CÓDIGO 11303', 'BRTMPCATASNL_2025_2_11303', 'NL', 226, '2026-03-19T19:51:49.217703', 'completado', NULL),
('11303', 'CÓDIGO 11303', 'BRTMPCATASA_2025_2_11303', 'A', 117, '2026-03-19T19:51:49.217703', 'completado', NULL),
('11303', 'CÓDIGO 11303', 'BRTMPCATASAL_2025_2_11303', 'AL', 196, '2026-03-19T19:51:49.217703', 'completado', NULL);

COMMIT;
-- ══ FIN DE INGESTIÓN ══
